theta [deg],vacuum wavelength [um],absorption in whole stack [unitless],absorption in active material [unitless],absorption in active material [#photons/(m^2s)],Transmission Coeff [unitless],Reflection Coeff [unitless]
0,1.200,0.5348241073796951,0.37459741107352257,3003369197804607.5,0.3140763526139685,0.15054621681528174
0,1.180,0.4958686799541533,0.3476453845532949,2740824198762778.0,0.2918765892625865,0.21176664195836892
0,1.160,0.45334968196488457,0.31799733199897545,2464587095962532.5,0.26748650012277836,0.27874265614011906
0,1.140,0.41398651165066047,0.2903899146411382,2211816457467107.5,0.24485473375463257,0.3407992125987036
0,1.120,0.3821281075895237,0.26789972091030656,2004716609594798.5,0.22656521399728938,0.3909999802702715
0,1.100,0.36010185795835276,0.2521705147679748,1853316938145321.0,0.2140281051917074,0.4256067270634656
0,1.080,0.34583380177451184,0.24424379368323293,1762422372703667.5,0.20989739675134658,0.44406167668968927
0,1.060,0.3434165882900106,0.24469146353281865,1732955411562528.2,0.21267896135851755,0.44375413859495505
0,1.040,0.35316867448861816,0.2538697535864365,1764034219720273.5,0.22377957090546147,0.4229587903204034
0,1.020,0.3755607294552857,0.2721426159687941,1854639186341546.2,0.24378116472640207,0.38062858429140783
0,1.000,0.4088082712695078,0.2983156183618798,1993144090443840.2,0.2718329910112901,0.31940552004475126
0,0.980,0.48002506035202436,0.3640237914766137,2383518621290470.5,0.2975556222564539,0.22259171419789198
0,0.960,0.5478767184151259,0.43539950542945005,2792684465380916.5,0.2981822997455836,0.15428484886990185
0,0.940,0.5722141227531897,0.4747489230241637,2981635472632158.0,0.2651998812403643,0.1630942276086724
0,0.920,0.5633012844384296,0.48554568084452326,2984562152500095.5,0.21434446940197016,0.22297016336315614
0,0.900,0.5632655043326391,0.5016512114736489,3016526046449928.0,0.16909849068145508,0.2682798995885913
0,0.880,0.6045106492572354,0.5526679801333234,3249448666729628.5,0.1385706751323495,0.2574430895478355
0,0.860,0.6944884771939762,0.6464435247977617,3714426299786558.5,0.12247338402692669,0.18315559725317254
0,0.840,0.799847021820893,0.7517214080009437,4218896871057275.0,0.11991013619836578,0.07971684518340996
0,0.820,0.850521673826657,0.8013904287878323,4390568006325618.5,0.1281943532025151,0.020331681962781227
0,0.800,0.8296159556818915,0.7802214842673459,4170331675275099.5,0.14312702479247932,0.02635896329114758
0,0.780,0.800569551545998,0.7494800233053305,3905866264383100.0,0.1673233728977372,0.031543792666297296
0,0.760,0.7888492849991118,0.7356792856108711,3735638347593522.0,0.19480368762045258,0.016190905809086328
0,0.740,0.7529862183871745,0.7013210313558929,3467458622689071.5,0.20317996155595688,0.0440307867061581
0,0.720,0.7070356957541346,0.6593797998373387,3171982915969500.5,0.1928751797834154,0.10048796459171065
0,0.700,0.6947683812326464,0.6479247474639082,3030297816741865.0,0.19429006863819112,0.11148282825590067
0,0.680,0.6959182133136016,0.6460403970112399,2935156705713170.0,0.22036109448427907,0.08457008153132115
0,0.660,0.7115278405672484,0.6556055673028158,2891007865235928.5,0.2687500162027889,0.02106374503446071
0,0.640,0.6441187591835263,0.5878669965290559,2513748114768813.5,0.2893904357990499,0.06821739233220066
0,0.620,0.48798268385969384,0.4423188447522882,1832271544271338.8,0.23526524551406267,0.2784139257884426
0,0.600,0.47939742966357723,0.43476234000782665,1742873524676707.2,0.21114935832822426,0.3112385327514942
0,0.580,0.6439776016931733,0.5828554002315796,2258663444112567.5,0.247482494628782,0.11083736483914162
0,0.560,0.7024551696697457,0.6297761253954329,2356334404934253.5,0.22315821164335184,0.07635763218585911
0,0.540,0.6942818441949197,0.628194399568469,2266472870222659.0,0.12264843641521922,0.1829026039571939
0,0.520,0.8666983047047806,0.7910566356053955,2748360045320621.5,0.060993688526762666,0.06795202442458935
0,0.500,0.8448082937522431,0.7501407413464024,2505967662413879.0,0.08786276842787209,0.06414339113476121
0,0.480,0.6106509850900635,0.516843686095063,1657536716496994.5,0.18754048223113248,0.2020012499290248
0,0.460,0.5565482740916068,0.41874259160113536,1286967776501279.0,0.36076829100340274,0.0838393766579116
0,0.440,0.45557171726083795,0.32052024440598975,942260198061090.9,0.2861012664741173,0.2585948574334947
0,0.420,0.4421621235852981,0.2965932458463507,832287269964458.5,0.26226741151318284,0.2954134063658369
0,0.400,0.6347629837787524,0.4259155642513797,1138272403674011.2,0.29531684657875845,0.06926549158988131
0,0.380,0.6095784508488037,0.3560540592061094,903987120068383.9,0.2945756288501185,0.09628006546377661
0,0.360,0.6326494318715373,0.304315302683671,731962778825507.2,0.32278679144070327,0.04627987928296556
0,0.340,0.6142537204992145,0.2529379983119428,574586872051321.2,0.3064540739303696,0.08119291968174526
0,0.320,0.6894489282756706,0.2415848363680746,516514305584905.5,0.27132451358532556,0.04146556649497035
0,0.300,0.7347402180771392,0.1626540013303442,326023354042444.06,0.1342352255513643,0.13390304038364007
1,1.200,0.5349687208785315,0.3746905287007952,3003658235562399.5,0.31415578177400166,0.15032791471835308
1,1.180,0.4960496139815615,0.34776489792577087,2741348853752975.0,0.2919780432109972,0.21148941760258166
1,1.160,0.453535999286978,0.3181215370131872,2465174211751620.5,0.2675919553371781,0.2784554838020277
1,1.140,0.414154934559549,0.2905023357997658,2212335736322461.5,0.24495047956750188,0.340539157506677
1,1.120,0.38226514798839345,0.2679907041226679,2005092013039209.8,0.2266431881249234,0.39078870104479874
1,1.100,0.3602010164464236,0.2522353264985296,1853510927628051.0,0.21408431929811675,0.4254548315842751
1,1.080,0.34589135874206145,0.244280258061089,1762417028018266.0,0.20993024270024407,0.4439749226262861
1,1.060,0.34343055027267255,0.244697567163844,1732734694649657.0,0.21268619204551137,0.44373690940221205
1,1.040,0.35313675267395145,0.25384321114987063,1763581144617964.5,0.22375868606848365,0.423016032923349
1,1.020,0.3754831933833261,0.2720830164925299,1853950610031275.5,0.2437311359957658,0.38076123171854975
1,1.000,0.40869706395479666,0.2982312117270486,1992276662538356.0,0.27176066126959253,0.3195949573752127
1,0.980,0.47992138267802614,0.363941863582574,2382619242280697.5,0.2974949075668865,0.22276579866472992
1,0.960,0.5478817224713699,0.4354003350023016,2792264446141074.5,0.29819065063923117,0.15428524516548167
1,0.940,0.5723727824709754,0.47487779151020143,2981990583542464.0,0.26528034429415054,0.16287118636352477
1,0.920,0.5635270896970477,0.48573797049715284,2985289379190275.0,0.2144376305913895,0.2226673954059616
1,0.900,0.5634552389979317,0.5018181055868547,3017070028751460.0,0.16916251742742539,0.26804123791928813
1,0.880,0.6046088879182019,0.5527557210814205,3249469560210260.5,0.13860010288900776,0.2573291118122566
1,0.860,0.6944784666648355,0.6464318537481443,3713793523722069.5,0.12247861265780975,0.18317267254085226
1,0.840,0.7997758613113729,0.7516516729819772,4217862997387383.0,0.1199069467144116,0.07980266662504822
1,0.820,0.850487628727524,0.8013550530831511,4389705518627168.5,0.12819752620276917,0.020375696022827648
1,0.800,0.8296247320218102,0.7802263599264604,4169722570289263.5,0.14313784060152956,0.02635906049486231
1,0.780,0.800570442498613,0.7494775364291374,3905258423813346.5,0.16733440455774506,0.03156099498356843
1,0.760,0.7888830283574901,0.7357074442174006,3735212354006668.0,0.19482498701911222,0.016171463709653153
1,0.740,0.7531039747435561,0.7014275734068994,3467457194978166.0,0.20322581427703093,0.04390245920470641
1,0.720,0.7071432072556441,0.6594772791781551,3171968665935821.0,0.19291807538826336,0.1003690824126142
1,0.700,0.6947879211834963,0.6479404346679467,3029909644466568.0,0.19430847334650797,0.11147588463329024
1,0.680,0.6958390611559965,0.6459645745180245,2934365235102583.0,0.220349066083124,0.08469421313195134
1,0.660,0.7114481252485757,0.6555301749877797,2890235145718640.0,0.2687336359559628,0.02119262224877872
1,0.640,0.6443183094929893,0.5880485180122113,2514141335303544.5,0.289493249821668,0.06793968813276138
1,0.620,0.4881855396973102,0.44250417026965855,1832760060113429.0,0.23537345690175415,0.27811387196957305
1,0.600,0.4793385844683341,0.43471238253746225,1742407837792282.5,0.21113264714438568,0.3113156374194552
1,0.580,0.6437348631840246,0.582642257928608,2257493601985833.5,0.2473989572835542,0.11115600863676962
1,0.560,0.7026686315724329,0.6299756340486445,2356721880289660.5,0.22323562440534428,0.0760516532707648
1,0.540,0.6943358446959853,0.6282472074674924,2266318172892910.5,0.1226628978048427,0.18281432246102589
1,0.520,0.8664590957412082,0.7908390280812405,2747185540307057.0,0.06097550846750354,0.06817223446438722
1,0.500,0.8450227748166149,0.7503329306185019,2506227933267777.0,0.08787090748842319,0.06383850013586898
1,0.480,0.6107097627061614,0.5169113500603744,1657501233402513.5,0.18750406430939115,0.20189561616653776
1,0.460,0.5563921191883303,0.4186638384624194,1286529761234939.2,0.36060108104924365,0.08409049460866687
1,0.440,0.4559092397671164,0.3207740294644002,942862646822808.6,0.286285189314849,0.2580315278491012
1,0.420,0.44194845839347285,0.29645417226440446,831770305688600.8,0.2621203661799885,0.2957413876373312
1,0.400,0.6349952997332502,0.4260610303398859,1138487742644561.8,0.2953983709920853,0.06892583846421144
1,0.380,0.6094646931584403,0.355971076079963,903638784338588.5,0.2944899205831722,0.09646912676969815
1,0.360,0.6326191029513788,0.3042903010179138,731791170561507.2,0.32272878027036217,0.04636586230859825
1,0.340,0.6143915538470729,0.25300537714207744,574652397566589.0,0.30650070001341695,0.08099973309725207
1,0.320,0.6892506860900319,0.24150177135814163,516258069974355.56,0.2711988340286994,0.041756880803872486
1,0.300,0.7347019295390499,0.1626363715589801,325938367410138.6,0.13421378935429884,0.13395165635246262
2,1.200,0.5354010402814704,0.3749687959295959,3004515424799307.5,0.3143931329328177,0.14967548561067281
2,1.180,0.49659164980990844,0.3481228746479822,2742916784881023.0,0.2922819052958719,0.2106590337497159
2,1.160,0.45409489508397344,0.31849408624575737,2466933404538537.5,0.2679082382398336,0.2775941282567401
2,1.140,0.414660636252609,0.2908398803040226,2213894249883331.8,0.24523792599282396,0.339758369506047
2,1.120,0.3826769757232742,0.2682641321790705,2006220650042665.5,0.22687748630247917,0.3901537955945497
2,1.100,0.36049933839006193,0.25243034403577835,1854096388893970.8,0.21425342548929868,0.42499784417194353
2,1.080,0.34606495860280767,0.24439030332483364,1762405297676663.2,0.21002930752228532,0.4437132085650603
2,1.060,0.3434734431408721,0.2447165977088556,1732077638931137.0,0.21270847069494972,0.44368362582420917
2,1.040,0.35304206659211906,0.2537643674929425,1762227780152286.5,0.22369667443733676,0.42318602785365056
2,1.020,0.3752516350047478,0.27190499106469807,1851890974160188.8,0.24358168100185687,0.3811574727473635
2,1.000,0.4083640840472194,0.2979784747497458,1989678726519685.2,0.27154403388732296,0.32016223611989264
2,0.980,0.4796096169388477,0.36369553787417847,2379918649295739.5,0.29731223034242127,0.22328927724085676
2,0.960,0.547894221435156,0.43540083190012085,2790991740358009.5,0.2982142615988978,0.15429036934574258
2,0.940,0.5728465000428737,0.47526251698557204,2983042775594474.5,0.265520638162182,0.16220545015221186
2,0.920,0.5642040069603659,0.4863144031952733,2987466357730564.5,0.21471689991238602,0.2217598623992194
2,0.900,0.5640251569620149,0.5023194191172556,3018704074773319.5,0.16935479222362193,0.26732439037448175
2,0.880,0.6049048627990633,0.553020093753495,3249538205022867.0,0.13868864801783484,0.2569856727399399
2,0.860,0.6944498576671687,0.6463981674781759,3711903109929619.5,0.12249451297858661,0.18322224681729238
2,0.840,0.7995632143202315,0.7514432570636799,4214766713529986.5,0.11989746197423981,0.08005918256727387
2,0.820,0.8503853770276941,0.8012488191139733,4387118028343389.0,0.1282069900445367,0.020507874527820564
2,0.800,0.8296508574722646,0.7802407957794698,4167894380233987.5,0.14317021962412527,0.026359582731473166
2,0.780,0.8005728045201971,0.7494697851314299,3903433593114982.5,0.1673673987532183,0.031612960366994555
2,0.760,0.788983174107134,0.7357909068959323,3733929143854108.5,0.19488858838383236,0.01611448439612616
2,0.740,0.7534564749691813,0.701746476209133,3467448535868595.5,0.20336316209485136,0.04351848040561891
2,0.720,0.7074664246249519,0.6597703461865985,3171928229966645.5,0.19304695412983086,0.10001159033361744
2,0.700,0.6948480016478764,0.6479888533731639,3028751477310181.0,0.19436409047302344,0.11145318103642432
2,0.680,0.6956028410083867,0.6457382515297884,2931996785581756.0,0.2203133540480386,0.08506494507269974
2,0.660,0.7112072360115899,0.6553023831693534,2887910612114927.0,0.2686838296446171,0.021581626328821237
2,0.640,0.644913841822876,0.5885902158172851,2515307444609905.5,0.2898003616730754,0.06711114336194567
2,0.620,0.4887958431376623,0.4430617062379088,1834230745526213.2,0.23569900245816983,0.27721117056829486
2,0.600,0.4791650621975789,0.43456521410131926,1741022057064417.8,0.2110838503501941,0.3115426717265266
2,0.580,0.6430060491505263,0.5820022289588475,2253983358150329.5,0.24714810112054272,0.11211290115875601
2,0.560,0.7033055678626529,0.6305710726597278,2357871507110478.0,0.2234668298397583,0.07513821732494083
2,0.540,0.6945011384846563,0.628408607296944,2265864568967142.5,0.12270688851313408,0.1825456108584723
2,0.520,0.8657424184542053,0.7901870643073294,2743666516297017.5,0.060921058014626675,0.06883201582448807
2,0.500,0.8456629364419314,0.7509065599934495,2506997878416916.0,0.08789500153913156,0.06292740724090667
2,0.480,0.6108888577416106,0.5171166099798894,1657401733659163.0,0.18739576850864592,0.20157541378419025
2,0.460,0.5559228418027516,0.418426801931616,1285213830528432.8,0.3600991053603211,0.08484559253405934
2,0.440,0.45692328644806846,0.32153664305178153,944672370600421.8,0.28683760405309233,0.256339068576513
2,0.420,0.441312315388902,0.29604027638025365,830229489068375.0,0.26168221233366246,0.2967176176778071
2,0.400,0.6356881103233277,0.42649468717974687,1139125779830756.5,0.2956409472305943,0.06791277793933101
2,0.380,0.6091247991563539,0.35572299518199857,902596407757047.5,0.29423362484898274,0.09703401475507625
2,0.360,0.6325293762467232,0.3042158017684772,731277705347534.4,0.32255544780950973,0.04662183168970937
2,0.340,0.6148062032721069,0.2532079422629918,574849694160184.0,0.3066409918572746,0.08041860450619824
2,0.320,0.6886548827127419,0.24125246796875133,515489480121333.9,0.27082171966629737,0.04263228018658859
2,0.300,0.734591534549163,0.16258440542264033,325685336504550.0,0.13415027642904553,0.13409230856536072
3,1.200,0.5361164789705585,0.3754289402455868,3005910909616664.0,0.31478558378415494,0.14859639720479464
3,1.180,0.49749245713740875,0.34871760286859244,2745509741603415.5,0.2927866577175905,0.20927940785155769
3,1.160,0.4550261739002039,0.31911476349615164,2469858068939752.5,0.26843508449225884,0.2761591169546641
3,1.140,0.41550489764963877,0.29140337854856224,2216493923990042.2,0.2457176889960463,0.3384550095238051
3,1.120,0.383365699862202,0.2687214327496092,2008109728479413.5,0.22726922927047272,0.38909207799349793
3,1.100,0.3609993568450258,0.2527573096954548,1855083746833947.8,0.21453681124890628,0.42423187266268586
3,1.080,0.3463573833160407,0.24457588211369755,1762400044637986.2,0.21019616893288354,0.4432721873181295
3,1.060,0.3435482827409427,0.24475071032576495,1730999479361727.8,0.21274755396606368,0.44358950825123705
3,1.040,0.35288785026702607,0.25363557035353135,1759991661345972.2,0.22359546224087629,0.4234635834042149
3,1.020,0.3748692063117854,0.2716108602206482,1848478543682618.0,0.24333469539815628,0.3818121995992596
3,1.000,0.4078112802485658,0.29755887256477925,1985363419041451.0,0.2711842101050059,0.32110421866278777
3,0.980,0.4790876220913273,0.3632832317580784,2375409774239201.0,0.29700602692889566,0.2241657322755276
3,0.960,0.5479067167422091,0.4353950537839563,2788828674329056.0,0.298248829105825,0.15431196278687637
3,0.940,0.5736284601229932,0.47589743455365796,2984752525295461.0,0.26591746142123873,0.1611072256356145
3,0.920,0.5653304951018903,0.4872736310417617,2991078757261219.0,0.2151816163629839,0.22024994009852905
3,0.900,0.5649773738574861,0.5031570222476691,3021434325431472.0,0.16967589059750154,0.26612680413472634
3,0.880,0.60540233514391,0.5534645334367642,3249672380718611.0,0.13883709272734435,0.25640827430362356
3,0.860,0.69440690986573,0.6463464389770315,3708778722759392.5,0.12252172720965337,0.18329937522816261
3,0.840,0.7992115950767668,0.7510985375898271,4209624065750070.0,0.11988193492762855,0.08048353582393913
3,0.820,0.8502145879217521,0.8010714237137111,4382805551443348.0,0.12822258190064625,0.0207286053910834
3,0.800,0.8296937330193669,0.7802642295269567,4164844543567458.0,0.14322395841505398,0.026361208285234815
3,0.780,0.8005757222685236,0.7494559135677729,3900387936283428.0,0.1674220563691778,0.03170074335606604
3,0.760,0.7891464815517735,0.7359266458680378,3731773111653751.0,0.1949936033912993,0.016023992743716353
3,0.740,0.7540413867927483,0.7022755458817487,3467419416798990.5,0.20359136614588558,0.042881893498180265
3,0.720,0.7080073655814748,0.6602608589866739,3171868398727007.0,0.1932623833751967,0.09941299147326932
3,0.700,0.6949529905732919,0.6480740617973116,3026842274344606.5,0.19445812566455256,0.11140911804678902
3,0.680,0.6952132872924258,0.6453648851031737,2928069326806506.0,0.220255086353476,0.08567725615399537
3,0.660,0.7108000394302647,0.654917436336151,2884015563694370.5,0.26859863563894343,0.022237740129110208
3,0.640,0.6458959290973914,0.589483424993957,2517205565194725.5,0.2903077467066559,0.0657455626331655
3,0.620,0.489818749759198,0.44399608357262527,1836698789901254.2,0.23624459244317578,0.27569827881036574
3,0.600,0.478885884497562,0.4343289308269391,1738749909211591.5,0.21100697174307162,0.31190682088554983
3,0.580,0.6417895345160193,0.5809336616229143,2248131167543698.8,0.2467292586290251,0.11371068969895975
3,0.560,0.7043554872567157,0.6315530494662202,2359744456754353.5,0.22384868274234354,0.07363101886182975
3,0.540,0.6947875525670657,0.6286874828153921,2265143312990499.0,0.12278222005492172,0.18208492309019866
3,0.520,0.8645512462569043,0.7891034344434902,2737816826370609.0,0.06083061485618286,0.06992868649562586
3,0.500,0.8467188235225473,0.7518527157692191,2508244613123091.0,0.08793407152007185,0.0614209829337161
3,0.480,0.6111964920958393,0.5174662175821645,1657258865308352.5,0.18721844184826572,0.2010308174512644
3,0.460,0.5551382656767557,0.4180293449575089,1283014936536822.0,0.35926150125411876,0.08610946880592313
3,0.440,0.4586180879398215,0.32281171722419394,947696065655546.5,0.2877603161904828,0.253510406937214
3,0.420,0.44026828509310745,0.29536155470022196,827695066983611.0,0.26096190889656445,0.29831890185735027
3,0.400,0.6368286989317307,0.427208109525314,1140162073688142.0,0.2960384476385016,0.06624445296571697
3,0.380,0.6085630283286336,0.3553124932862002,900868052627799.0,0.29380928484277846,0.09796766295702479
3,0.360,0.6323840838005076,0.30409334820034023,730426518770222.5,0.32226892249199546,0.04704177057222305
3,0.340,0.6155010389528036,0.25354694612398754,575180841867791.9,0.306876149187429,0.07944494590599888
3,0.320,0.6876586787342206,0.24083673540741463,514209174479407.56,0.2701930964028884,0.044095588289389386
3,0.300,0.7344225005318528,0.16250088464815896,325270064200918.06,0.13404708216813732,0.1343093444420231
4,1.200,0.5371073159812636,0.3760654564581889,3007794658697638.5,0.31532838673145025,0.14710321430486317
4,1.180,0.49874804725903865,0.349546157494419,2749096812716537.0,0.29348970926225687,0.2073572345559919
4,1.160,0.456329419817093,0.31998314565096597,2473936723442737.0,0.26917199962772553,0.2741514729542473
4,1.140,0.41668979322394806,0.2921941719144412,2220137616389449.5,0.2463907582709875,0.33662611015731697
4,1.120,0.38433480001887926,0.269364959760324,2010771019798921.8,0.2278202625800683,0.3875982968915324
4,1.100,0.3617052721189099,0.25321911148304965,1856490197187947.2,0.21493677516426898,0.42315046626882136
4,1.080,0.34677325305038204,0.24484023629411017,1762422546611674.2,0.21043344571706152,0.44264464173708357
4,1.060,0.34366007910647584,0.24480348429229123,1729525440829731.8,0.2128063592591088,0.4434466186342142
4,1.040,0.3526794800918152,0.2534607218216062,1756901854629243.2,0.22345825174100267,0.4238400700079102
4,1.020,0.37434116833267544,0.2712044962212814,1843743709956699.2,0.24299334508787065,0.3827168868489839
4,1.000,0.4070419742523109,0.2969749005060269,1979352938364070.5,0.2706830767227488,0.3224155518289092
4,0.980,0.4783520186928714,0.36270245144556845,2369081826650689.0,0.29657380978303705,0.22540082605321377
4,0.960,0.5479068497462287,0.4353732088381616,2785713368979032.0,0.29828725400836664,0.15436937615121374
4,0.940,0.5747072042910024,0.47677302163404817,2987053636230860.5,0.26646526106574947,0.1595936671724894
4,0.920,0.5669038335260286,0.48861327708340374,2996101940416938.5,0.21583061734893835,0.2181417987089224
4,0.900,0.5663153276154784,0.5043339535015323,3025270492459651.0,0.17012674441249737,0.2644443411696472
4,0.880,0.6061075219605428,0.5540947180805426,3249901340875702.5,0.13904672939753657,0.25558948530803227
4,0.860,0.69435669537985,0.6462832641182075,3704459538751035.0,0.12256132210426478,0.1833958497325021
4,0.840,0.7987252285613157,0.7506215091468842,4202461909225103.0,0.1198607930900922,0.08107092520809454
4,0.820,0.8499747709563931,0.800822419172152,4376768436497965.5,0.1282440391694063,0.021038465456583767
4,0.800,0.8297523991035778,0.7802957607403103,4160569002114753.5,0.14329872377176567,0.026365022548813122
4,0.780,0.8005777273011127,0.7494345491153563,3896115361981185.5,0.16749788967252757,0.0318260324722393
4,0.760,0.7893675913990257,0.7361096545205738,3728718527776577.0,0.1951385589865653,0.015906642144457448
4,0.740,0.7548547383271094,0.7030110474983399,3467347460495576.5,0.20390933582058465,0.041997876031592274
4,0.720,0.708769289891822,0.6609518181751236,3171799984641219.5,0.19356528060092504,0.09856925703488699
4,0.700,0.6951101208317776,0.6482027794031345,3024213331553651.5,0.19459257691154216,0.11133442680108514
4,0.680,0.6946767067494316,0.644850313637193,2922613074138463.5,0.22017617054453437,0.08652267181905905
4,0.660,0.7102183005047582,0.6543677050265188,2878520241121908.0,0.26847490134220764,0.02317215464372711
4,0.640,0.6472486273931877,0.5907134922450745,2519766856233127.0,0.2910085862101536,0.06386628274625746
4,0.620,0.4912626762581428,0.44531486093216227,1840188755778477.0,0.2370146632395264,0.2735628851179889
4,0.600,0.4785160257576531,0.4340169729463784,1735647226558512.5,0.2109086624313351,0.31238680897723337
4,0.580,0.6400831719701624,0.5794343118073046,2239936450225548.8,0.24614153098299643,0.11595300884450888
4,0.560,0.7058004339051626,0.6329054847969425,2362274603634116.5,0.22437578750888795,0.07155351428665006
4,0.540,0.6952112972794718,0.6290984898072682,2264205792433215.0,0.12289188427835421,0.1814132022817477
4,0.520,0.8628909433153772,0.7875929950455579,2729660800584416.5,0.06070466969418236,0.07145733111737908
4,0.500,0.8481734826195313,0.7531562195477686,2509912409548556.0,0.08798645417367815,0.059337771905232116
4,0.480,0.6116461530925363,0.5179712508641598,1657106373322396.0,0.18697674010079512,0.2002457122172608
4,0.460,0.5540356222353938,0.41746854392082244,1279926654848868.5,0.35808740273598466,0.08788869735497545
4,0.440,0.4609999960627521,0.32460482085758424,951943420625095.1,0.2890558856861483,0.2495349010290469
4,0.420,0.43884078542574995,0.2944347352691256,824217494864743.2,0.25997442354871475,0.3005064188825433
4,0.400,0.6383948632695123,0.4281865910151617,1141554233236291.2,0.29658020836011184,0.06395257814580718
4,0.380,0.60778688236544,0.3547442663102276,898467714891574.4,0.29322132311701765,0.0992577060650232
4,0.360,0.6321897785819346,0.30392559587232215,729244684568283.8,0.3218728323645401,0.047615401915662686
4,0.340,0.6164814140515897,0.254024362976291,575649037213541.9,0.3072080329031169,0.0780715114182039
4,0.320,0.6862586253006066,0.24025469582433678,512419157121073.9,0.26931334129741913,0.046151387159421596
4,0.300,0.7342174520872032,0.16239048460053368,324702271783309.56,0.13390822563754531,0.13457646548212382
5,1.200,0.5383625853193809,0.37687053321582686,3010096085619626.5,0.3160148058171502,0.14521376989847887
5,1.180,0.5003526167582345,0.3506042929649756,2753633697057302.5,0.29438730365180915,0.20490223231233695
5,1.160,0.45800386008202915,0.3210985077989966,2479152300404251.0,0.2701181775889133,0.2715729325659062
5,1.140,0.418218098800567,0.2932140477775562,2224828583535171.0,0.24725844093822003,0.3342677247547383
5,1.120,0.38558907189127456,0.2701979542919031,2014220492225817.0,0.22853312234698817,0.38566522521362095
5,1.100,0.3626229189635292,0.2538197588950018,1858339436007641.0,0.2154565057026509,0.4217446708156321
5,1.080,0.34731900136694127,0.24518787805813846,1762502255397534.2,0.21074478147928144,0.44182052725489684
5,1.060,0.3438158119059247,0.24487990405327284,1727690489199703.5,0.2128889491276215,0.44324390244305795
5,1.040,0.3524244540065217,0.25324526188878077,1752998719058003.2,0.2232895087668804,0.4243034557717104
5,1.020,0.3736749007795901,0.27069132871793533,1837728905806085.8,0.2425620746302712,0.3838595759522443
5,1.000,0.40606096652352736,0.2962301605827526,1971678972448714.2,0.27004337983308363,0.32408848957941944
5,0.980,0.4773984673739625,0.3619500038995725,2360921744616934.5,0.29601234233593643,0.22700184650146235
5,0.960,0.547877617386818,0.43532182957519666,2781561135083285.5,0.29831975577753134,0.15448923078215943
5,0.940,0.5760664906079577,0.47787578367071126,2989852803365086.0,0.2671561607241503,0.1576890786095619
5,0.920,0.5689198938769976,0.4903297394777908,3002499840641926.5,0.216662147136302,0.21544171893631778
5,0.900,0.5680436443657334,0.5058543003894704,3030225067949648.5,0.17070860017908734,0.26227145567487076
5,0.880,0.6070290175972485,0.5549184962626201,3250265242908769.5,0.13931934336752042,0.25451904067155534
5,0.860,0.694309056739183,0.6462178220163737,3698999846453538.5,0.12261478329345744,0.1835002504355241
5,0.840,0.798110099658196,0.7500178294980356,4193318059167136.5,0.11983464703737248,0.0818145498934238
5,0.820,0.849665365777854,0.8005012980777894,4369007836545100.0,0.12827101244265637,0.021438117832417426
5,0.800,0.8298255931598211,0.780334205341883,4155062512549972.5,0.14339406146361564,0.02637245120919447
5,0.780,0.8005768834065501,0.7494038826985756,3890607972177907.5,0.1675942384798655,0.031991047180602056
5,0.760,0.7896390917756516,0.736333009918894,3724729970897927.5,0.19532140946802762,0.01577162850209918
5,0.740,0.7558907945809817,0.7039475908354357,3467200666775582.5,0.20431549091153092,0.04087389350557362
5,0.720,0.709756544116809,0.6618472218676235,3171737065494127.0,0.19395687088970637,0.09747502594823987
5,0.700,0.6953294170806528,0.6483843181500825,3020907818950535.0,0.1947702166275744,0.111216267479891
5,0.680,0.6940020951822058,0.6442028650153115,2915670853708419.0,0.22007933289023374,0.08758911510154659
5,0.660,0.709451161011171,0.6536431278701705,2871385916253287.5,0.2683084576951075,0.024399602646080903
5,0.640,0.6489491472218663,0.5922594761956728,2522893529871554.0,0.2918931093594158,0.061506637912091856
5,0.620,0.4931390297821721,0.4470282792259447,1844733429687265.8,0.2380152528115013,0.27078830870462844
5,0.600,0.47807631824456065,0.43364804260916723,1731791372034559.8,0.21079818697093294,0.3129530255822523
5,0.580,0.6378851089559208,0.5775020840093015,2229402481303560.8,0.24538409955421706,0.11884334746691559
5,0.560,0.7076143050593566,0.6346049915502135,2365366499163637.0,0.22504027467486978,0.06893984047219825
5,0.540,0.6957947078373022,0.6296618244650578,2263122456433675.5,0.1230400111867152,0.1805041685729338
5,0.520,0.8607698533077027,0.7856633066525417,2719235021221526.0,0.060543966371438905,0.07341015774819504
5,0.500,0.8500024424898871,0.7547951652703793,2511921394063824.5,0.08804975741016424,0.0567046098020592
5,0.480,0.6122562687228691,0.5186468503869334,1656990097736928.8,0.18667699503804616,0.19919808695124785
5,0.460,0.5526127887295438,0.4167416120825467,1275944046550515.0,0.35657676007234934,0.09018957335163084
5,0.440,0.4640764013671518,0.32692270763169795,957424847873564.2,0.2907269346511872,0.24440011481896773
5,0.420,0.4370641820720233,0.2932833587386738,819867446001358.0,0.25874076879986946,0.30322552292790467
5,0.400,0.6403534347116286,0.4294081693648438,1143239508723612.2,0.29725036948352174,0.06108460918573299
5,0.380,0.6068076909535439,0.35402537005136897,895416128657473.2,0.29247630763311855,0.10088562548049886
5,0.360,0.6319559604581576,0.3037164263274376,727742456985655.4,0.3213724134576423,0.048327850932099285
5,0.340,0.6177542553962565,0.254642713245445,576258176918638.0,0.30763895094092786,0.0762890184867757
5,0.320,0.6844525175214905,0.23950741778653611,510124142353325.0,0.2681839999870994,0.048802432979329034
5,0.300,0.7340084169500365,0.16225982771023298,323995662433614.8,0.1337393853015607,0.13485643757367205
6,1.200,0.5398679296374239,0.37783395628781524,3012723573061426.0,0.31683603365224194,0.142951390717197
6,1.180,0.5022983309050021,0.35188629487502116,2759061705983001.5,0.2954743927204525,0.20192748476271907
6,1.160,0.4600481720480163,0.32245968904796446,2485481150410256.5,0.2712723855401848,0.26842625321656416
6,1.140,0.42009315926500185,0.29446514638025933,2230569723875106.2,0.2483222808779434,0.33137514110137806
6,1.120,0.387134548560968,0.2712244881872916,2018477788592933.8,0.2294109858478867,0.38328378960316367
6,1.100,0.36375971934729157,0.2545643481792528,1860661276916581.8,0.21610005068593074,0.4200031081487807
6,1.080,0.34800284010498406,0.24562456323574652,1762676460179243.2,0.21113482159921382,0.44078703207739733
6,1.060,0.3440243960904874,0.24498633273451575,1725538984937981.8,0.21300050937366907,0.4429672474307389
6,1.040,0.3521323616910782,0.2529961449718612,1748333570546376.8,0.22309494472206687,0.424838357377441
6,1.020,0.37287991188988473,0.2700783500261122,1830488468367782.0,0.24204661648495943,0.38522485975359694
6,1.000,0.4048746746275779,0.29532946135689075,1962383244549874.2,0.2692688214739674,0.32611266120547383
6,0.980,0.47622204850103744,0.3610222856639429,2350916157907724.5,0.29531787771335205,0.22897708790799406
6,0.960,0.5477976878066521,0.4352240269077184,2776266481308605.5,0.29833404041406886,0.15470492354826532
6,0.940,0.5776851149475772,0.47918810905021164,2993029104360937.5,0.2679798686535592,0.15542516915212842
6,0.920,0.5713728203474556,0.49241791733062795,3010223404662587.5,0.2176737285012188,0.21215853424507142
6,0.900,0.5701679468916886,0.5077230289743184,3036312206436287.5,0.17142295936836643,0.2596014473131792
6,0.880,0.6081776822752403,0.5559457848399005,3250814346361505.0,0.1396571883107026,0.25318398246261054
6,0.860,0.6942765459516668,0.6461618176154532,3692468478303101.5,0.12268400690974245,0.18359801990914143
6,0.840,0.7973740165825067,0.7492948788145801,4182241471175526.0,0.11980430150109317,0.08270553775596841
6,0.820,0.8492858645752834,0.8001076090511072,4359526347531929.5,0.12830308325926296,0.021928171893741705
6,0.800,0.8299118288133841,0.7803781705797886,4148319072055298.5,0.14350940828300018,0.026385168380154745
6,0.780,0.8005709052356575,0.7493617804378602,3883856681006828.5,0.16771029272764218,0.03219839482582656
6,0.760,0.7899516168714971,0.7365879661076911,3719762958632905.0,0.1955395550788779,0.015630562276002645
6,0.740,0.7571418920608713,0.7050779774372985,3466936789758651.5,0.20480771047906374,0.039519904688026866
6,0.720,0.7109743431747619,0.6629518618037994,3171695929319536.5,0.1944386268590524,0.09612388547295889
6,0.700,0.6956235883411706,0.6486304815736719,3016980114911089.0,0.19499456501412116,0.11103837349330264
6,0.680,0.6932012865735337,0.6434334946664794,2907298547587391.5,0.21996816882715045,0.08886071708904544
6,0.660,0.7084858025862346,0.6527318242744093,2862567767227104.5,0.26809436168603656,0.025937435962810385
6,0.640,0.6509674334165232,0.5940937644833965,2526457644979574.0,0.2929483893108192,0.058710552574618824
6,0.620,0.49546181532725164,0.44914890541975233,1850372174172879.5,0.23925381932905973,0.26735407926119337
6,0.600,0.4775933149176738,0.4332459846568061,1727280421979188.0,0.21068737401682996,0.3135677097234865
6,0.580,0.6351948810828051,0.5751360238240353,2216540229194217.8,0.24445664361510278,0.12238353051161086
6,0.560,0.7097619453328601,0.636620051802607,2368892725956766.5,0.22583150293834012,0.0658360371425478
6,0.540,0.6965658696120758,0.6304028873145542,2261981284078423.5,0.12323180755335672,0.17932473809625596
6,0.520,0.8582000760553035,0.7833253429698922,2706590635850075.0,0.06034955466394324,0.07577564671908599
6,0.500,0.8521730343640815,0.7567403133314335,2514165881951174.5,0.0881208031531849,0.05355743645402073
6,0.480,0.613049751220523,0.5195118475335834,1656966573281589.2,0.1863270308949953,0.19786058987502902
6,0.460,0.5508699209344785,0.41584712349393227,1271067420423032.8,0.35473141050957563,0.09301540124500557
6,0.440,0.46785415253912904,0.3297722140926039,964148190198395.1,0.2927751426301988,0.23809441251213623
6,0.420,0.43498290082640184,0.2919378552262546,814735719977751.0,0.257288018835865,0.3064055549548036
6,0.400,0.6426582786927468,0.43084231205660384,1145131583335384.2,0.2980269897173238,0.0577066741385588
6,0.380,0.6056413946533927,0.35316567417712014,891741824134418.5,0.2915833042006041,0.10282560946346583
6,0.360,0.6316953459758939,0.30347108339662726,725933552140870.1,0.32077463651563576,0.04915924382454599
6,0.340,0.6193274635847901,0.2554048060424106,577012253643113.1,0.30817134639808075,0.07408705694906434
6,0.320,0.682241839880559,0.23859774800410827,507333303728636.56,0.2668087226643312,0.0520462494116414
6,0.300,0.7338371241150926,0.16211754737227438,323167987185422.06,0.1335479400310679,0.1351007403530131
7,1.200,0.5416054273365581,0.37894299506113294,3015563958135508.5,0.31778109382126574,0.1403451626277847
7,1.180,0.5045750495534851,0.35338479257275485,2765306523925270.0,0.29674447623732975,0.19844987216928622
7,1.160,0.46246023158381533,0.3240649179111487,2492891761142871.5,0.2726328139987973,0.26471561420980133
7,1.140,0.4223187130184874,0.2959498374612628,2237362587911823.2,0.24958395188664417,0.32794316460324496
7,1.120,0.38897839502902115,0.27244938867210944,2023565540015453.5,0.2304576054645152,0.38044324357629594
7,1.100,0.36512461942304375,0.2554590161345109,1863491151843920.8,0.21687227660324832,0.4179120819227721
7,1.080,0.3488347135339906,0.2461572565497605,1762989854684342.0,0.21160918306250764,0.4395286557592888
7,1.060,0.34429663774955394,0.2451304781609986,1723124241407763.0,0.21314732073827347,0.4425995592456457
7,1.040,0.3518148452253258,0.25272180904268704,1742968248226503.0,0.2228814925948008,0.42542610732354136
7,1.020,0.3719678451598491,0.2693741176194422,1822088433602509.8,0.2414539988065611,0.38679387253700864
7,1.000,0.40349129492341007,0.2942789344634896,1951518126236590.2,0.2683641730004331,0.32847480047524946
7,0.980,0.4748177322996588,0.3599156402851746,2339053793533818.5,0.2944864548581546,0.2313350842420656
7,0.960,0.5476418277875577,0.435059833785675,2769705779487716.0,0.2983155289607453,0.15505595686246032
7,0.940,0.5795367127150974,0.4806881086920784,2996433520992097.0,0.26892357434383657,0.15284133573913503
7,0.920,0.5742546193228014,0.49487085891188703,3019208618610874.5,0.21886199772271644,0.20830419796463093
7,0.900,0.5726946019069732,0.5099457590789513,3043546268946977.5,0.1722714994310307,0.2564267949852031
7,0.880,0.6095664958449606,0.5571884347297024,3251607976073448.5,0.1400629536584661,0.25156884479912023
7,0.860,0.6942743427289415,0.6461294047046449,3684948067478920.0,0.12277128804954805,0.18367156281590646
7,0.840,0.7965266834278739,0.748461827350964,4169292421317840.0,0.11977076829706314,0.08373286365984128
7,0.820,0.8488359639533014,0.7996411002641582,4348328791135965.0,0.12833978622694006,0.022509009762579597
7,0.800,0.8300094952605526,0.7804261490962909,4140332447314573.0,0.1436441072264182,0.02640498148030495
7,0.780,0.8005573091474453,0.7493059255788324,3875851993459961.5,0.16784512132356097,0.0324508890328031
7,0.760,0.7902939839522868,0.7368640835288806,3713764798804776.0,0.19578986866834575,0.01549729164292777
7,0.740,0.7585982392988295,0.7063930163364689,3466502608568322.5,0.2053832704072575,0.03794860852999301
7,0.720,0.7124284879385874,0.6642710598321473,3171693725816158.5,0.1950121905376727,0.09450873348607836
7,0.700,0.6960078815654783,0.6489554272989103,3012494921736885.5,0.19526985323608992,0.11078124727172264
7,0.680,0.6922891209877335,0.6425559408864601,2897565557222125.0,0.2198472005223433,0.09031760503655471
7,0.660,0.7073082853437244,0.6516208691853821,2852018478246447.0,0.2678272040814698,0.027804460113627284
7,0.640,0.6532656961603207,0.5961816466167265,2530299856137810.0,0.2941581119769595,0.05553319988156777
7,0.620,0.4982471072536332,0.45169115288885153,1857148741675388.0,0.24073899576457963,0.2632367173783565
7,0.600,0.47709910617929047,0.4328396267649681,1722232097092456.0,0.21059054981152867,0.3141851968684169
7,0.580,0.6320147299788205,0.5723375153982012,2201372931580865.2,0.2433598451357697,0.1265718860165638
7,0.560,0.7121980740362883,0.6389100398012661,2372690843633547.0,0.22673570380170985,0.06230150006724056
7,0.540,0.6975581141959333,0.6313518308222087,2260885760747281.5,0.12347347396936557,0.17783558922058618
7,0.520,0.8551983852533224,0.7805943289863173,2691796041114546.0,0.06012285242956312,0.07853754026436253
7,0.500,0.854643603237712,0.7589543873675442,2516512516661816.0,0.0881955632797577,0.04994225076772258
7,0.480,0.6140534077048094,0.5205882826287395,1657101234310588.0,0.18593593247493442,0.1962012500932491
7,0.460,0.5488113776291962,0.4147864660703609,1265306746891878.2,0.3525563233481259,0.09636329336985787
7,0.440,0.47233741821556313,0.33315876231968994,972114298624110.1,0.29519989804459323,0.2306104722327011
7,0.420,0.4326514851440513,0.2904355865880926,808932964776920.8,0.25564927929672066,0.3099597368099449
7,0.400,0.6452478749425266,0.43244832972890945,1147116772955975.8,0.2988809854897137,0.053907123362672914
7,0.380,0.6043094851925301,0.3521784051505126,887482368311086.6,0.29055429436162117,0.10504318756517297
7,0.360,0.6314241359830823,0.30319630961078,723835412253333.9,0.3200883277608148,0.05008431288956855
7,0.340,0.6212090968067218,0.2563133886648281,577914543771470.2,0.30880737655428087,0.07145532353919398
7,0.320,0.679634643805302,0.23753128322801173,504062289732355.56,0.2651943475442916,0.05587112406722594
7,0.300,0.7337553045402023,0.1619743507464221,322241089437812.6,0.1333430058832622,0.13524921450111488
8,1.200,0.543553405311343,0.38018228091215894,3018482054134922.5,0.31883673611970115,0.137430216171738
8,1.180,0.5071699999377544,0.35509053602636825,2772276764758314.5,0.29818941119262815,0.19449058548914486
8,1.160,0.46523680104718834,0.3259115961324609,2501343193603523.5,0.2741968913373574,0.2604471130787481
8,1.140,0.4248986691967545,0.29767056400275493,2245206143390546.0,0.25104512239094096,0.3239664771053603
8,1.120,0.391128772652119,0.27387814174818076,2029508503946289.5,0.23167722400843307,0.3771313896201777
8,1.100,0.3667280087872147,0.25651088118028936,1866869489206783.8,0.21777881658703957,0.4154557128029535
8,1.080,0.34982624111573585,0.24679408839835365,1763494007660560.2,0.21217441668693174,0.4380273072591137
8,1.060,0.3446451801569061,0.2453213514096198,1720507990374108.2,0.21333672406183013,0.44212085398630085
8,1.040,0.3514855496481154,0.2524321369912415,1736974582537780.5,0.2226572764585575,0.42604483853247993
8,1.020,0.370952479216893,0.26858875113296504,1812606244558204.2,0.24079254916747952,0.3885442919564938
8,1.000,0.40192097663515636,0.29308615969791835,1939147258609991.8,0.2673353977309365,0.3311584542313782
8,0.980,0.47318092504239506,0.35862677322741093,2325328232445907.5,0.29351424333355264,0.23408371868160913
8,0.960,0.547381454660683,0.43480664827311205,2761740629641150.5,0.29824765412396087,0.15558707445611727
8,0.940,0.5815895656560326,0.48234946081551894,2999888624767157.5,0.2699718454894996,0.1499849353755241
8,0.920,0.5775546605183375,0.49767933420222177,3029374147770729.5,0.2202225035933455,0.2038944718155794
8,0.900,0.5756304014853612,0.5125284810445309,3051940016551022.5,0.173255973899297,0.2527395770162455
8,0.880,0.611210374459699,0.5586600627519858,3252713245351934.0,0.14053972336302267,0.24965588541230296
8,0.860,0.6943201495084782,0.6461370871870218,3676534121682435.0,0.12287930553426478,0.18370037363173786
8,0.840,0.7955797755411079,0.7475297056372416,4154542650408478.0,0.11973528013828293,0.08488326497054074
8,0.820,0.8483157419614129,0.7991018866887161,4335423113483414.5,0.12838063495704524,0.023180584239626077
8,0.800,0.830116974798388,0.7804766301536542,4131096792374046.0,0.14379742552920613,0.026433695334632194
8,0.780,0.8005335945349779,0.7492339890434314,3866584929082297.0,0.16799770704684514,0.03275133189192507
8,0.760,0.790653375415794,0.7371494007464563,3706675686251339.0,0.19606873227111749,0.01538766876592055
8,0.740,0.7602476938380757,0.7078813182874435,3465833146822502.0,0.20603877233977438,0.03617571910859264
8,0.720,0.7141250183040333,0.6658103443167781,3171746833054436.0,0.1956792766894745,0.09262222281859313
8,0.700,0.6964998905158353,0.6493754877200689,3007526144131632.0,0.1956009746110707,0.11042241472191784
8,0.680,0.6912836148084804,0.6415868821077595,2886555211339773.5,0.21972193647789778,0.09193569002583893
8,0.660,0.705904546843946,0.6502972158197794,2839692473576090.5,0.2675014775108487,0.030019548535159084
8,0.640,0.6557979507916266,0.5984808953578251,2534228353895095.0,0.2955023427856355,0.05204164202136846
8,0.620,0.5015123667482309,0.4546706617134389,1865108499996241.2,0.2424802710333745,0.2584107425896239
8,0.600,0.47663108647666097,0.4324625750013265,1716782432093526.2,0.21052445265928005,0.3147522353176309
8,0.580,0.6283510775342629,0.5691116228632462,2183941137938310.2,0.2420959555712543,0.13140118984972785
8,0.560,0.7148661275232924,0.6414241644350762,2376560225011597.0,0.22773559392816972,0.05841055858926516
8,0.540,0.6988093695025385,0.6325429753217178,2259952322616231.5,0.12377209724542326,0.17599189697334525
8,0.520,0.8517872288539682,0.7774906547060985,2674939731291041.5,0.05986571299798817,0.081673734050883
8,0.500,0.8573626808291968,0.7613913365832112,2518798438975241.5,0.08826909620788932,0.04591613087675689
8,0.480,0.6152972169518564,0.5219008108443849,1657466232032231.0,0.1855137681433791,0.1941843690188564
8,0.460,0.5464478046680435,0.4135654309429048,1258686405894671.8,0.3500609224179689,0.10022069639111625
8,0.440,0.47752492548274444,0.33708441576319725,981311370776674.8,0.2979965727512307,0.2219498302583598
8,0.420,0.4301345509021851,0.28882082312339397,802589127190160.1,0.2538635816646533,0.31378522370004863
8,0.400,0.6480426406436886,0.4341736274088919,1149049958849608.8,0.29977497464496583,0.049800461626305394
8,0.380,0.6028400494549958,0.3510807454471555,882685695560623.6,0.28940463087084417,0.10749371974849856
8,0.360,0.6311622233634293,0.3029004545509476,721469383626476.2,0.31932425361340705,0.051072095516212786
8,0.340,0.6234063076200375,0.25737068969684873,578966564239830.4,0.3095483695475246,0.0683852265069942
8,0.320,0.6766486435839778,0.2363174057217218,500335327947981.0,0.2633520393168558,0.060251809003917876
8,0.300,0.7338249259268728,0.16184306465242682,321240895990375.94,0.13313545572718283,0.13522978824293355
9,1.200,0.5456862530187898,0.38153368852575725,3021320302640894.5,0.3199873340348137,0.13424800705296894
9,1.180,0.5100674029758167,0.35699214183233835,2779862375979095.5,0.2997991947172745,0.19007571211512495
9,1.160,0.468373155239097,0.3279960400940958,2510783243421768.0,0.2759610619560012,0.2556293596179331
9,1.140,0.42783683295156394,0.29962964999212655,2254095282851065.5,0.25270728906445333,0.319440078554956
9,1.120,0.393594669277607,0.27551677154325954,2036332512457785.2,0.233074468961646,0.37333485680875994
9,1.100,0.3685816195157417,0.25772797002120307,1870840961496570.8,0.21882600551427972,0.412616107073883
9,1.080,0.35099064792424245,0.24754430255335438,1764246735321603.2,0.21283796107287836,0.4362624240444926
9,1.060,0.3450844399365477,0.24556921789771652,1717759757557214.2,0.21357707873611084,0.44150836789009007
9,1.040,0.3511600629033553,0.2521384098984527,1730433765537091.5,0.22243157395787727,0.4266695872723184
9,1.020,0.3698497169362085,0.2677339210725682,1802130355467827.2,0.24007189145656643,0.3904503594375433
9,1.000,0.4001759961140544,0.29176028972102164,1925346116976425.8,0.26618977457220433,0.3341436909756638
9,0.980,0.47130807305495204,0.35715321024301533,2309740904841029.5,0.2923979256696272,0.2372292392574233
9,0.960,0.5469853241800874,0.4344397849623357,2752221954823340.0,0.2981122319758513,0.1563471853859358
9,0.940,0.5838064448203244,0.4841412866426343,3003188591445632.5,0.27110654017245056,0.14691150153729687
9,0.920,0.5812590941556498,0.5008313357948962,3040618636177189.0,0.22174947204228873,0.19894972900966387
9,0.900,0.5789821731962553,0.5154772092681439,3061502440181053.5,0.1743780896755024,0.248531984594184
9,0.880,0.6131259472346465,0.560375846900991,3254203532909387.5,0.1410909251100935,0.247425367426269
9,0.860,0.6944340605959948,0.6462035961380925,3667333905445770.0,0.1230111023450972,0.1836611956325913
9,0.840,0.7945470105284993,0.7465114704177438,4138075432630163.0,0.11969930423519562,0.08614116262124259
9,0.820,0.8477258549803517,0.7984906360430306,4320821365218527.0,0.12842515110946404,0.023942194354189508
9,0.800,0.8302327758186772,0.7805282254672519,4120607337018546.0,0.14396857517522677,0.026472958752140206
9,0.780,0.8004974530284041,0.7491438261258341,3856048070464211.5,0.168166987103122,0.03310226333586979
9,0.760,0.7910155729493151,0.7374306550125092,3698430069558973.5,0.19637208560883895,0.015319250778878319
9,0.740,0.7620755291681374,0.7095290811295816,3464850909903776.0,0.20677006749593024,0.03422025128279411
9,0.720,0.7160698017433299,0.6675750665619921,3171868953330071.0,0.19644155717007372,0.09045728719606234
9,0.700,0.69711931360724,0.6499089429626683,3002155511438978.5,0.1959934217597765,0.10993674619923499
9,0.680,0.6902061147629479,0.6405460788544147,2874365036637867.0,0.21959892740267645,0.09368647879932322
9,0.660,0.7042615383919848,0.648748745003784,2825550658951113.5,0.26711199722662876,0.03260006961867248
9,0.640,0.6585096402998268,0.6009414242711872,2538018291894939.5,0.2969573241239368,0.04831534520474249
9,0.620,0.5052755829288578,0.45810351854942133,1874295009449554.0,0.2444875860114236,0.25284994200138844
9,0.600,0.47623166662677396,0.43215296075608856,1711084176110175.0,0.21050812647720132,0.3152083784529443
9,0.580,0.624216073275229,0.5654685009512852,2164307892961157.5,0.2406693937768793,0.13685650174023653
9,0.560,0.7176971296263116,0.6441004323248202,2380259184013427.0,0.22880999017852785,0.054254029742324864
9,0.540,0.7003613432116356,0.6340140742698487,2259307221254749.0,0.12413551432944318,0.17374426154932449
9,0.520,0.84799574394053,0.7740408023029045,2656133075376757.0,0.059580493031171446,0.08515514227903373
9,0.500,0.8602682126576455,0.763995645902453,2520829773701720.0,0.08833549375476073,0.041548218314498446
9,0.480,0.6168134721562162,0.5234759942852784,1658137875678011.0,0.1850712718587105,0.19177158479706694
9,0.460,0.5437982213609501,0.41219582599804766,1251249892635895.5,0.34726037299749996,0.10456190532694205
9,0.440,0.48340651571205384,0.34154543945987553,991707959832707.6,0.3011543933331924,0.2121285575868925
9,0.420,0.4275065960038321,0.2871446276673925,795852559838930.5,0.2519756776495913,0.3177633819010438
9,0.400,0.6509422490763517,0.4359519631380813,1150750734746993.5,0.3006621461031301,0.04553129550941876
9,0.380,0.6012688485650515,0.34989444778529477,877411413578211.9,0.2881534959067066,0.11012084226270595
9,0.360,0.6309332732299653,0.30259352227380865,718860729567074.2,0.3184951348154464,0.05208582899172159
9,0.340,0.6259239997842779,0.2585778412945641,580166775507899.6,0.3103941451864127,0.0648719076608478
9,0.320,0.6733142668846571,0.23497028921770366,496187205607959.4,0.26129837174843307,0.06514529547298477
9,0.300,0.7341182707161675,0.16173864387014572,320197313594160.8,0.13293790489591953,0.13495839071963334
10,1.200,0.5479742572707241,0.38297623379989426,3023898668534911.0,0.32121479606842274,0.13084656048658574
10,1.180,0.5132480626288037,0.3590758153150315,2787932960164282.5,0.30156172658338654,0.1852368775651251
10,1.160,0.47186264461397237,0.3303131795981047,2521146342702811.0,0.27792052799038997,0.25027416821659715
10,1.140,0.4311365735453047,0.3018290687566083,2264019060865199.5,0.2545715764162903,0.31435981950981867
10,1.120,0.3963856899661501,0.2773716921958475,2044063213979940.8,0.23465422265337355,0.36903944190924987
10,1.100,0.37069840174512086,0.2591191277485524,1875453591854386.2,0.22002080027358065,0.40937356376948747
10,1.080,0.35234268138058483,0.24841819390029082,1765311373213544.5,0.213608087362052,0.43421111444440635
10,1.060,0.34563053317584075,0.24588554094652235,1714956151136331.8,0.21387771419071186,0.44073668451822606
10,1.040,0.3508558447822055,0.25185325199220066,1723435625150441.2,0.2222147713278372,0.42727241515462555
10,1.020,0.36867756009471,0.26682282657477274,1790759715576479.8,0.2393029332865718,0.39248292534939677
10,1.000,0.3982709186032001,0.2903121650817437,1910202452903954.5,0.26493601393345306,0.33740683084221157
10,0.980,0.4691973024749629,0.35549378226022865,2292304191871876.5,0.29113510368154705,0.2407752167818529
10,0.960,0.5464203623714636,0.4339331408082299,2740994831358206.5,0.2978899138833874,0.15738806425507212
10,0.940,0.5861445270909108,0.48602808802286956,3006099737227631.0,0.2723067522054247,0.1436848495037855
10,0.920,0.5853501923447368,0.5043115153080338,3052817734434374.5,0.2234355393834746,0.19349585996104315
10,0.900,0.5827563129703114,0.5187975672956222,3072236214409739.5,0.1756393594208719,0.24379693589821086
10,0.880,0.6153312892829214,0.5623522818068475,3256156705885806.0,0.14172026890273517,0.24485589571285946
10,0.860,0.6946384025249764,0.6463497399880355,3657465122874705.0,0.12317006103797802,0.1835282145721557
10,0.840,0.7934442070783195,0.7454220589862149,4119985526281792.5,0.1196645544719975,0.08748859677311674
10,0.820,0.8470677481424718,0.7978087674412874,4304540722742794.0,0.1284728956907056,0.02479224588107082
10,0.800,0.8303556778534353,0.7805798064090805,4108861123253521.5,0.14415673538225962,0.026524097694297043
10,0.780,0.800447001878674,0.7490336958269143,3844236710112581.0,0.16835189872368947,0.03350568246558622
10,0.760,0.7913652505438084,0.7376935579107877,3688958308020095.5,0.19669548850869756,0.015310927579786287
10,0.740,0.7640642082868552,0.7113198818588752,3463465222789586.5,0.20757217976793887,0.03210479575007516
10,0.720,0.7182680583979116,0.6695699583364704,3172068959082002.5,0.19730052611817944,0.08800774694498426
10,0.700,0.6978876539988752,0.6505757399162474,2996470925310800.0,0.19645320748612857,0.10929685223316045
10,0.680,0.6890814159543642,0.6394564819838578,2861106806342521.5,0.21948581212707338,0.09553693593424151
10,0.660,0.7023684662051983,0.6469654110346534,2809565502492553.0,0.2666543634014429,0.035560172917191615
10,0.640,0.6613374309097495,0.6035051041393427,2541412052654264.5,0.2984953438132239,0.044446438468532405
10,0.620,0.5095542116300019,0.4620052923872865,1884745885054701.8,0.2467708306958425,0.24652893783708357
10,0.600,0.4759479277942048,0.4319531350122777,1705304917844573.8,0.21056279149063709,0.31548645930030006
10,0.580,0.6196291189795045,0.5614247884409469,2142563693345151.8,0.23908733933364718,0.14291302389990354
10,0.560,0.720608739420497,0.6468647653592626,2383502910522367.0,0.22993347391415944,0.049940552921962346
10,0.540,0.7022585147709779,0.6358054060683493,2259082752476685.5,0.1245721430909265,0.17103986203909397
10,0.520,0.8438607111408063,0.7702782182903699,2635512768205472.5,0.05927011564584039,0.08894461568322602
10,0.500,0.8632869549979327,0.766701797014871,2522380784303850.0,0.08838784996702298,0.0369205377948942
10,0.480,0.6186357909341645,0.5253414796619226,1659193715614092.5,0.18461948937010667,0.18892311107596438
10,0.460,0.5408919354591054,0.41069698787170955,1243064068532840.5,0.3441767113990681,0.10934485352090248
10,0.440,0.48995898546726613,0.34652933280671283,1003244627352885.2,0.30465390259867714,0.2011841271988598
10,0.420,0.42485163410030624,0.28546462794317323,788888738408691.9,0.25003571630661514,0.32176034042138624
10,0.400,0.6538233115846334,0.43770195968318826,1152000443098580.8,0.3014853288185366,0.04127776118520296
10,0.380,0.5996403486570853,0.3486464147127735,871731950431131.8,0.28682432052190476,0.11285499360194735
10,0.360,0.630764600959304,0.3022871218039194,716038394394779.8,0.3176155528252649,0.05308315257834132
10,0.340,0.628763175072357,0.2599341673187234,581509012942766.4,0.31134218875230424,0.060916724188609175
10,0.320,0.6696773596044572,0.23350977104768061,491664894366902.1,0.25905623220695395,0.07048708323932285
10,0.300,0.7347177399577045,0.16167811552492975,319143980173530.4,0.13276464160790175,0.13433919108505124
11,1.200,0.5503834809703914,0.38448600458403565,3026014907842945.5,0.322498504727673,0.12728064231083114
11,1.180,0.5166889316170864,0.36132505829793915,2796336104006824.0,0.3034625594836774,0.18001192138702693
11,1.160,0.47569619657255235,0.332856214943063,2532351229150866.5,0.280068955405344,0.24439734654226747
11,1.140,0.4348004297243561,0.3042701682792429,2274958650081240.0,0.25663849931107835,0.3087230328444356
11,1.120,0.3995118022587412,0.2794495282395682,2052724589373886.2,0.23642146487573387,0.36423052337160944
11,1.100,0.37309237173089144,0.26069390866225234,1880757706500047.0,0.22137068275449134,0.4057068267417959
11,1.080,0.3538985124519354,0.2494270350030595,1766755943273923.2,0.21449383357724636,0.4318483262513614
11,1.060,0.34630119114381913,0.24628291764826896,1712180065839692.2,0.21424887403973517,0.4397778800767839
11,1.040,0.35059214463439325,0.2515905671879761,1716077806523824.0,0.22201831058037072,0.42782255071103004
11,1.020,0.3674560663526832,0.2658701599359991,1778603120103731.0,0.23849784153436449,0.3946095244390055
11,1.000,0.3962227350896808,0.28875441047608036,1893816550729270.2,0.26358435735668295,0.34092021793249583
11,0.980,0.4668490692351402,0.35364911723509895,2273044485315608.0,0.2897247129367305,0.24472148690169157
11,0.960,0.5456526433419032,0.4332599766294394,2727904022765682.0,0.29756072055126165,0.15876282509877734
11,0.940,0.5885554284942084,0.48796978272697294,3008361791963069.5,0.2735488104731066,0.1403770070541303
11,0.920,0.5898056279488725,0.5081005668681041,3065820953081144.5,0.22527145922416444,0.18756526147477387
11,0.900,0.5869582345845481,0.5224942991414759,3084134766183968.0,0.17704092689670017,0.23852879843560115
11,0.880,0.6178456067987897,0.5646068904997089,3258653079849621.0,0.14243167374135168,0.2419248130320422
11,0.860,0.6949575425818733,0.646598225031552,3647054393619345.5,0.12335987339035168,0.18327329064479972
11,0.840,0.7922893234764494,0.7442784242851891,4100378964213790.5,0.11963300087491402,0.08890518646410842
11,0.820,0.8463438719866769,0.7970586558299363,4286604505523200.5,0.12852350159335404,0.025728005299339884
11,0.800,0.8304848844730667,0.7806306486044227,4095857763408381.5,0.1443610764277761,0.02658794007444488
11,0.780,0.800381036522357,0.7489024980976844,3831150062381312.0,0.16855142893026867,0.03396274717547314
11,0.760,0.7916863320065783,0.7379231312583034,3678188630946009.0,0.19703419902619915,0.015382470026643526
11,0.740,0.7661931838732329,0.7132344940572641,3461571764412342.0,0.2084392334678174,0.029855758084714197
11,0.720,0.7207238253833572,0.6717986331049429,3172348519229004.0,0.1982573461707591,0.08526899050526102
11,0.700,0.698827855187662,0.6513971511132541,2990564517056462.5,0.19698676706069732,0.10847356219267634
11,0.680,0.6879378238524775,0.6383442885768638,2846906283469375.5,0.21939134715850458,0.09744942275808442
11,0.660,0.7002180946198853,0.6449404444020599,2791726244622547.0,0.2661254499474291,0.038908995189489384
11,0.640,0.6642092860400725,0.6061058345323594,2544120748786510.5,0.3000847220721023,0.04053956434951463
11,0.620,0.5143638833805941,0.4663898602261813,1896487875832213.0,0.2493392271805693,0.23942509589617686
11,0.600,0.47583121293307884,0.43190930577742426,1699624931124019.5,0.21071169002247123,0.3155131540834979
11,0.580,0.6146182667624935,0.5570048907240314,2118830828965178.2,0.23736028242342616,0.1495341249179963
11,0.560,0.7235046643400947,0.6496304417197735,2385962842958882.0,0.23107616382145033,0.04559745680512708
11,0.540,0.7045469069957816,0.637958665834104,2259412786612485.0,0.12509077446850245,0.16782387189051567
11,0.520,0.8394273707670632,0.7662440596723035,2613242698010018.5,0.05893812343804219,0.09299599544002923
11,0.500,0.866334180291426,0.7694340037504027,2523194102202477.5,0.08841826548947998,0.03212849672820678
11,0.480,0.620797995941986,0.5275250626569552,1660709294828786.0,0.18416939478976657,0.18559914854010431
11,0.460,0.5377701098618703,0.4090970620196598,1234222540150585.5,0.3408396967989738,0.11450847402762723
11,0.440,0.49714123889414413,0.3520113422534212,1015824340684963.8,0.30846404428731033,0.1891834349816671
11,0.420,0.4222626373628883,0.28384466857290347,781878575372084.5,0.24809879634913967,0.32562784097029207
11,0.400,0.6565379253517591,0.4393262034685041,1152540990007323.2,0.3021764926628737,0.037253701006637
11,0.380,0.5980086063730362,0.3473691865010262,865733393090908.0,0.2854451182059703,0.11561216299298364
11,0.360,0.630686770821719,0.30199428377689413,713034436023924.2,0.3167017113597225,0.05401673099076034
11,0.340,0.6319189506817121,0.26143632840077485,582980641771425.4,0.3123866730940387,0.05653021571095442
11,0.320,0.6658012321233341,0.2319619836845885,486828588341308.6,0.2566554254294996,0.07618838112476445
11,0.300,0.7357152344888361,0.1616804267917362,318117809195360.06,0.1326314758722752,0.13326533882610084
12,1.200,0.5528757126825031,0.3860361429686017,3027445352776641.5,0.3238152991203192,0.12361181404901922
12,1.180,0.5203626714093158,0.3637203753345399,2804895829243252.5,0.30548464803182923,0.17444557819582404
12,1.160,0.4798617580941772,0.3356162349548615,2544298424796351.5,0.2823981468312264,0.23801957465159868
12,1.140,0.4388296469493967,0.30695335003603647,2286885009374196.0,0.25890768552031884,0.30252927270987506
12,1.120,0.402983029034949,0.28175689885848537,2062337221420503.5,0.2383810839502606,0.35889355895850206
12,1.100,0.37577842735601885,0.26246244445413014,1886804716854042.0,0.22288354256708776,0.40159338957031115
12,1.080,0.3556756188195479,0.25058298983872546,1768652209646716.2,0.215504926928212,0.4291470455947938
12,1.060,0.34711566500882773,0.24677500668901714,1709519804551534.8,0.21470165234409697,0.4386016879383728
12,1.040,0.35038990779451723,0.2513654672502748,1708464865095027.8,0.22185462858652125,0.42828655077204664
12,1.020,0.3662072861171462,0.26489205619966866,1765778420662564.0,0.23767000410752734,0.3967944857634143
12,1.000,0.394050962894611,0.28710150396669126,1876301243184024.0,0.262146652933566,0.3446520542269113
12,0.980,0.4642667910406288,0.351622117394928,2252005046111258.5,0.2881674277347648,0.24906312254149143
12,0.960,0.5446485064359202,0.4323938086507669,2712800136282840.5,0.29710465534045016,0.1605241798531698
12,0.940,0.5909854020202829,0.48992187682756244,3009690137539573.0,0.27480635541133647,0.1370679005236656
12,0.920,0.5945977110345412,0.512174575098622,3079448475228408.0,0.22724579079150795,0.18119788075490492
12,0.900,0.5915917301028393,0.5265707019215471,3097178956188532.0,0.17858336323939206,0.23272422640544935
12,0.880,0.6206888691211231,0.5671578879272556,3261773105459720.0,0.14322918092950584,0.2386086620313013
12,0.860,0.695417662353995,0.6469734433930392,3636235516224148.0,0.1235845034887918,0.18286623242257163
12,0.840,0.7911024677146705,0.7430995431675818,4079372643502147.5,0.11960687505980169,0.0903681226110378
12,0.820,0.8455578971722271,0.7962438344724131,4267043140500775.5,0.1285767062165861,0.02674535667463394
12,0.800,0.8306201790270784,0.7806805791822178,4081600189511121.5,0.1445807840331896,0.026664638176711313
12,0.780,0.8002992958583378,0.7487500228853047,3816792499877213.5,0.1687646672717626,0.03447346020627452
12,0.760,0.7919624165901965,0.7381041065394672,3666049398938467.5,0.1973832686223829,0.015553994765187559
12,0.740,0.7684387482947341,0.7152507523262136,3459052406047039.5,0.20936439208062246,0.027503532366406437
12,0.720,0.7234393653047343,0.6742630357577089,3172699548476900.0,0.1993126764869147,0.08223872478529655
12,0.700,0.6999638656832832,0.6523953675531055,2984530403332835.0,0.1976008395795138,0.10743649356066422
12,0.680,0.6868071408956269,0.6372389275082524,2831902582366265.0,0.21932541357753155,0.09938173831675054
12,0.660,0.697808058218435,0.642671562212341,2772043987075162.0,0.26552390091153555,0.042648861018338466
12,0.640,0.6670449344694324,0.6086699764174909,2545827379180125.0,0.3016899697958501,0.03671115480307948
12,0.620,0.5197168517042933,0.47126799637110356,1909531101206805.5,0.2522005824916513,0.23152081740356148
12,0.600,0.47593665084548287,0.4320711138715086,1694234736287007.0,0.21097990495219998,0.31520964242367355
12,0.580,0.609221385915957,0.5522420566304443,2093266726176267.5,0.23550249080579827,0.1566696735998719
12,0.560,0.7262746633021248,0.6522980629147747,2387268208977020.5,0.23220366877520868,0.041370860176529044
12,0.540,0.7072726043013313,0.6405156267885798,2260427532136101.0,0.12570031961665873,0.16404117786294348
12,0.520,0.834750024772169,0.7619877447463819,2589514987426673.0,0.058588716238871436,0.09725338477186583
12,0.500,0.8693138486304397,0.7721063622300164,2522982477114692.5,0.08841790234519321,0.0272808844584029
12,0.480,0.6233328725528502,0.5300536426688104,1662754606218866.2,0.18373148494209024,0.18176146321926231
12,0.460,0.534486817753128,0.40743392765811376,1224847784606942.5,0.33728727851059004,0.11997090733418848
12,0.440,0.5048888814029172,0.3579505323479774,1029301931922855.4,0.3125389706946488,0.176231768062551
12,0.420,0.4198407898555933,0.2823543452514598,775016350355235.6,0.24622439636406876,0.3292043847999075
12,0.400,0.6589137256075116,0.4407113535675977,1152076529254450.2,0.30265697171922123,0.0337086579751311
12,0.380,0.5964379010109713,0.34610127459530693,859515858576323.8,0.28404868136659817,0.11829301912936264
12,0.360,0.6307328412249917,0.3017291084150222,709883053988646.9,0.3157710192977018,0.05483540690698402
12,0.340,0.6353782502984404,0.26307732446983656,584560454774232.8,0.31351733669414716,0.051735547435690726
12,0.320,0.6617677539921885,0.23035964802018744,481751952379720.1,0.25413286734956825,0.08213464588203412
12,0.300,0.7372109283984521,0.16176615585621387,317158254287648.44,0.13255547496853556,0.1316204234513095
13,1.200,0.5554085170564707,0.3875968998990024,3027946367480195.5,0.3251395188527303,0.11990832430777429
13,1.180,0.5242372298317893,0.36623899493385786,2813411306225774.0,0.30760811062951565,0.16859012615497646
13,1.160,0.4843436864697396,0.3385818011072636,2556867587238074.0,0.284897685641982,0.23116736293297846
13,1.140,0.44322364174487167,0.3098776984271857,2299756264774574.0,0.2613775558971643,0.2957811675794896
13,1.120,0.40680908119409587,0.28430016086419024,2072916295979840.8,0.24053765183844186,0.3530146789652773
13,1.100,0.3787721249836927,0.26443528567448593,1893645711971888.8,0.22456753589359105,0.3970098628705859
13,1.080,0.3576926467183369,0.25189901250271535,1771074614039418.0,0.21665169199316892,0.42607853136741725
13,1.060,0.3480946185631687,0.24737644751638138,1707068118113855.0,0.21524792120411726,0.43717568404613605
13,1.040,0.3502716708074692,0.2511941917205681,1700707277269751.8,0.2217370878633847,0.42862848164492273
13,1.020,0.36495517779865105,0.26390602679996306,1752411593336547.8,0.23683397663395495,0.39899907977710075
13,1.000,0.39177770047609567,0.2853698122513987,1857781642518050.5,0.26063639973305647,0.3485663112548114
13,0.980,0.46145743160880615,0.34941839920837325,2229248499819533.5,0.28646603786851665,0.2537894854655434
13,0.960,0.5433757952135393,0.4313093957713886,2695546261647311.0,0.29650238796470757,0.16272250936666247
13,0.940,0.5933757498787292,0.49183581531770787,3009779237418684.0,0.2760505169970851,0.13384472324685454
13,0.920,0.5996926116865055,0.5165043525024638,3093488105999350.5,0.22934457991599885,0.17444227352660782
13,0.900,0.5966582368852388,0.531027976035761,3111333381704340.0,0.1802664325514382,0.22638311811219486
13,0.880,0.623881381997419,0.570023791037827,3265594770735664.0,0.14411685235141905,0.2348837199940354
13,0.860,0.6960464930997692,0.6475012255310489,3625147514714107.5,0.12384814343224865,0.18227511650518877
13,0.840,0.7899058714450482,0.7419063905620706,4057093678067837.0,0.11958867036389373,0.09185220331580062
13,0.820,0.8447149183643613,0.795369187079255,4245895022184302.5,0.12863238287525766,0.027838571759867013
13,0.800,0.8307620774282715,0.7807301212004425,4066095360217879.0,0.14481508337510612,0.026753495598208582
13,0.780,0.8002027322020866,0.7485772034121321,3801174766585002.0,0.16899085999204164,0.035036351630313385
13,0.760,0.7921772733651713,0.7382213883410886,3652471649826132.0,0.1977376550587582,0.015845345744993508
13,0.740,0.7707739595582616,0.7173434880298929,3455775469614690.0,0.2103398153145199,0.02508257653984932
13,0.720,0.7264145271393525,0.6769628485853124,3173101537438096.5,0.20046648421411464,0.07891778335677632
13,0.700,0.7013201270607188,0.6535930202610994,2978462135141741.0,0.1983023261735025,0.10615471846530866
13,0.680,0.6857245599866655,0.6361729582667701,2816247083484065.0,0.21929899534382377,0.10128728536814806
13,0.660,0.6951421208639852,0.6401621289625332,2750556380669114.5,0.2648506119932441,0.04677356474214817
13,0.640,0.6697568510881146,0.6111172539551749,2546192046015113.0,0.3032721729692065,0.033087962824655995
13,0.620,0.5256201561318793,0.4766457020648364,1923862406969226.0,0.2553603963892674,0.2228062517968804
13,0.600,0.47632260640312163,0.43249114078866235,1689332369608260.0,0.21139414760473485,0.31449237416149245
13,0.580,0.6034870015403321,0.5471791613190297,2066065951290617.8,0.23353235710083864,0.16425481751220553
13,0.560,0.7287953912598137,0.6547562741729442,2387010521736036.5,0.23327730171269498,0.03742467064397506
13,0.540,0.7104799813294829,0.6435165378783583,2262247463035626.5,0.1264095049141951,0.15963844868933588
13,0.520,0.8298923557262053,0.7575672457003674,2564549998068923.5,0.05822676898636065,0.10165071337630117
13,0.500,0.8721194134596789,0.7746235656821069,2521432503376219.5,0.08837710428301335,0.02249917568042822
13,0.480,0.6262708143484447,0.5329520753397167,1665390307287210.0,0.18331536024816616,0.17737511931659208
13,0.460,0.531109454449136,0.4057556645747863,1215091718223201.2,0.3335655981200969,0.12562877983307716
13,0.440,0.5131085456307843,0.3642856064949574,1043473264035446.5,0.3168147738302007,0.16248224938133612
13,0.420,0.41769456685768674,0.2810684327097056,768507304935781.4,0.24447569410330955,0.3323166538084247
13,0.400,0.6607561846953567,0.4417297499939215,1150279231034917.2,0.30283874099603586,0.030924604251497238
13,0.380,0.5950029973434029,0.3448872743202073,853193236971301.9,0.2826725873915184,0.12078258723238001
13,0.360,0.6309371934063607,0.30150621592124427,706619158854974.1,0.31484146854306916,0.05548597211423734
13,0.340,0.6391172106952335,0.26484537175215594,586216370940503.6,0.31471824584411223,0.04657236113522946
13,0.320,0.657677260520051,0.2287419522901634,476521433277926.8,0.25153228804812894,0.08818578589419124
13,0.300,0.7393112079128538,0.16195703799129943,316306209493284.44,0.13255454743876982,0.12928092040879993
14,1.200,0.5579354181991727,0.3891357841694583,3027256628919309.5,0.3264431280332642,0.11624478583749902
14,1.180,0.5282754657295057,0.3688546264785275,2821655998320148.5,0.309810021902461,0.16250595563418666
14,1.160,0.48912209966199366,0.3417385062065243,2569914822395688.5,0.28755455865429036,0.2238740696273633
14,1.140,0.4479793899069221,0.313040558961714,2313514815392916.0,0.2640449607419395,0.2884853917123171
14,1.120,0.41099892178095065,0.2870851048745567,2084469313816432.8,0.24289515861098818,0.34658138782020775
14,1.100,0.382089410375117,0.2666232116240084,1901329838693600.8,0.22643091622530742,0.3919324153492091
14,1.080,0.35996924717545353,0.2533887280213517,1774099078063265.5,0.21794494211480803,0.42261259201141194
14,1.060,0.34926000742303237,0.24810276987116128,1704921162094415.8,0.2159002485682304,0.4354654957387696
14,1.040,0.35026144559104494,0.25109401980679974,1692920375396866.5,0.22167989890697518,0.4288101199931735
14,1.020,0.36372550103058565,0.26293087704323664,1738635668907215.2,0.23600541344737966,0.40118170348015764
14,1.000,0.38942762940227654,0.28357758691498264,1838394558584819.2,0.2590687560656691,0.35262273156580926
14,0.980,0.4584320075502657,0.34704667356374774,2204858813884032.5,0.28462577832506264,0.25888340551100925
14,0.960,0.5418051881445863,0.4299837982501567,2676024887012387.5,0.29573599260927336,0.16540379452582682
14,0.940,0.5956634987852623,0.4936595509131609,3008307460195745.0,0.2772502181918646,0.1308009157044013
14,0.920,0.6050496084694412,0.5210548001329206,3107692586473559.0,0.2315510481466295,0.1673566210542852
14,0.900,0.6021560091943247,0.535864491299113,3126542326896273.5,0.1820888259618537,0.2195096951584666
14,0.880,0.6274432956582658,0.5732229696968922,3270190708065474.0,0.1450986519150066,0.23072661390536991
14,0.860,0.696873009692485,0.6482085543310032,3613932466186266.5,0.12415516079703294,0.18146665665627912
14,0.840,0.7887238207019984,0.7407218729244763,4033678484098913.0,0.11958113542940514,0.0933299196478287
14,0.820,0.8438216379262409,0.7944411207385835,4223207216352230.0,0.12869056959980799,0.0290001041501775
14,0.800,0.8309119714734609,0.7807806291070158,4049354889049397.0,0.14506326164957126,0.026852806430958207
14,0.780,0.8000937763200229,0.7483863646606399,3784315113452404.0,0.1692294637261881,0.03564816962697429
14,0.760,0.792315401021495,0.7382605785650728,3637391891103653.0,0.19809235273060727,0.016275397470982198
14,0.740,0.7731686714526771,0.7194845626056914,3451596525167927.5,0.21135664251077957,0.022631354182158316
14,0.720,0.7296460717492923,0.6798948650800463,3173518839972018.0,0.20171784217286648,0.07531097627720162
14,0.700,0.702920980844002,0.6550126264759238,2972449843418308.5,0.19909812307044972,0.10459753253149728
14,0.680,0.6847284495873526,0.6351818688707579,2800101851560639.5,0.21932412368180818,0.10311538096834116
14,0.660,0.6922313135903793,0.6374222047619793,2727331616128536.0,0.2641091721895099,0.05126682835317303
14,0.640,0.6722518588328464,0.6133622245973637,2544859572935048.5,0.3047896546631097,0.029804695286631194
14,0.620,0.5320734832586927,0.4825222603542189,1939437847111155.8,0.25882081300955684,0.21328245464850523
14,0.600,0.4770500475200559,0.43322433965304524,1685120345360933.5,0.21198251038171526,0.3132739570329721
14,0.580,0.59747472529304,0.5418691223157287,2037460607959938.0,0.23147259581457946,0.17220931797459388
14,0.560,0.7309323427884741,0.6568834720596282,2384751798355735.5,0.23425463874096966,0.03393813412918246
14,0.540,0.7142096042063485,0.6469982227588975,2264976345767851.5,0.1272265071864547,0.15456660211113027
14,0.520,0.8249274062035392,0.7530490712331871,2538595139273452.0,0.05785782600433654,0.10611165778977595
14,0.500,0.8746354256506803,0.7768823303384768,2518210737830863.0,0.08828559654874879,0.017915942445658393
14,0.480,0.6296383731030719,0.5362419354721101,1668663762010168.8,0.18292930247190492,0.17241034569583283
14,0.460,0.5277184216984588,0.40412049090477214,1205134520693830.8,0.3297284827107984,0.1313577000978038
14,0.440,0.5216724674622308,0.3709308302483757,1058065201970765.4,0.3212064790120456,0.14814491321594334
14,0.420,0.4159386623384495,0.2800662224652263,762564963297651.1,0.24291879029102162,0.3347811732591127
14,0.400,0.661853920079701,0.4422430203042032,1146800310904833.8,0.3026270770397897,0.02920828881698174
14,0.380,0.5937889183849556,0.3437776890942473,846892150928757.1,0.28135896065403854,0.12295064817589167
14,0.360,0.6313339005222726,0.3013399808992069,703276459153615.0,0.31393079255673906,0.05591561491554462
14,0.340,0.6430984058652345,0.2667226969283877,587903051176660.8,0.31596649974920504,0.041100874825017286
14,0.320,0.6536471242360825,0.2271539730368894,471234565507053.44,0.248903403631312,0.0941782295131123
14,0.300,0.7421255024942831,0.16227525003511709,315602449301102.7,0.1326468311104231,0.12611994376796504
15,1.200,0.5604062484813781,0.3906178279184098,3025100376727860.0,0.3276959382548832,0.1127015872712219
15,1.180,0.5324348565129301,0.37153727786963703,2829377431356087.5,0.3120642571096726,0.15626200076870522
15,1.160,0.4941722039921191,0.34506852040694297,2583270079490770.5,0.29035276852278474,0.21618094881514335
15,1.140,0.4530907378472739,0.31643706517714654,2328084193366850.0,0.26690477254007217,0.2806537551685757
15,1.120,0.41556025293045157,0.2901165990623786,2096993495174335.2,0.24545670154827529,0.3395833870904105
15,1.100,0.38574629516838255,0.2690370030052558,1909902444012408.0,0.2284818320781018,0.3863373017960668
15,1.080,0.36252588121695506,0.2550662916214245,1777801656129595.8,0.21939585068024964,0.4187179132727369
15,1.060,0.350634942448769,0.24897029220327532,1703177366645135.5,0.2166718047090056,0.43343503767938896
15,1.040,0.35038459258954735,0.25108317437923994,1685223213847289.8,0.22169803386386364,0.4287911734459542
15,1.020,0.36254568846724594,0.26198660798150614,1724589535805420.5,0.23520098292093086,0.40329810279386274
15,1.000,0.3870279594256264,0.2817449188034356,1818287592750499.8,0.25746050835519524,0.3567769270756549
15,0.980,0.45520599030420333,0.344519045255082,2178942619273268.0,0.28265459416994837,0.26432053272110595
15,0.960,0.5399115776974373,0.42839747303443343,2654144822773256.0,0.294789717022641,0.16860747562058068
15,0.940,0.5977823807084482,0.495338365763005,3004943450249176.5,0.27837262504834553,0.12803469615205587
15,0.920,0.6106204138542289,0.5257843357545942,3121777553850263.0,0.23384531035439932,0.16000963429136555
15,0.900,0.6080791963471041,0.5410749709141714,3142725410933553.5,0.18404786457174935,0.2121136998864924
15,0.880,0.631394040910739,0.5767731323512506,3275624996749835.0,0.14617830826142952,0.22611502380487267
15,0.860,0.6979270798272523,0.6491232377885459,3602733109177886.5,0.12451003698403895,0.18040662624023443
15,0.840,0.7875825372590832,0.7395707152597732,4009271575980346.0,0.11958726011185777,0.09477159897396721
15,0.820,0.8428865198729061,0.7934677106450944,4199035956729916.5,0.12875149386216772,0.030220418520008435
15,0.800,0.8310722556341179,0.7808344085777663,4031395556347655.0,0.14532468799163537,0.026959715031111244
15,0.780,0.7999765865048746,0.7481814566974591,3766240297006800.0,0.1694801964712567,0.036303593090432545
15,0.760,0.7923626449939912,0.7382085537186625,3620755076755444.0,0.1984425389769067,0.016861291045959872
15,0.740,0.7755896970267991,0.7216430254845849,3446359842983577.0,0.21240501094886624,0.02019210652025773
15,0.720,0.7331269794149537,0.6830523479268636,3173898015945142.5,0.20306471700516024,0.07142795886610719
15,0.700,0.7047899913547949,0.6566759579518751,2966577095021661.0,0.19999492789027676,0.10273532886981752
15,0.680,0.6838600181293418,0.6343037615580509,2783637525427128.5,0.21941378299039388,0.10481172702355042
15,0.660,0.6890948815089474,0.6344694164881103,2702471427348069.0,0.2633062395251577,0.05610103192799044
15,0.640,0.6744334339325337,0.6153163922965555,2541469732790498.5,0.306198955302573,0.027000631764262716
15,0.620,0.5390667264284003,0.48888801684638483,1956174371526979.5,0.2625794130066427,0.20296498927858908
15,0.600,0.47818181479772115,0.4343273760499301,1681802282186545.0,0.21277417719834413,0.311464186133966
15,0.580,0.5912552248309532,0.5363748992058922,2007718969662031.0,0.22935026918464813,0.18043751775065056
15,0.560,0.7325431249330595,0.658550709652615,2380037127911884.5,0.2350905005736508,0.031101620846515538
15,0.540,0.7184957685719563,0.6509918468966002,2268693319259493.0,0.12815852154105326,0.14878371739357338
15,0.520,0.819937178362762,0.7485079023687682,2511922385756413.0,0.057488069167172716,0.11054996424423197
15,0.500,0.8767400749634844,0.7787736565038765,2512972519958485.0,0.08813277547568428,0.013672202398953233
15,0.480,0.6334567378596683,0.5399402099592464,1672605002452068.5,0.18257986148252672,0.16684450373478962
15,0.460,0.5244060578638808,0.40259614116796866,1195181666035315.2,0.32583642838436994,0.13701402481070968
15,0.440,0.5304141159031126,0.3777726169945417,1072728043234621.4,0.32560580929693,0.13349409277168697
15,0.420,0.41469278272111265,0.2794307832771624,757408232729672.9,0.24162185017950868,0.33640619094673635
15,0.400,0.6619876433475002,0.44210809354911074,1141287182134794.8,0.3019248621780056,0.0288782758202674
15,0.380,0.592890104603178,0.34282839832160195,840749986860722.2,0.2801539377220928,0.12465303632576487
15,0.360,0.631954625329739,0.30124354835130784,699885084452460.6,0.31305540872905924,0.056075053060305975
15,0.340,0.6472680759965354,0.26868432773306034,589559626238679.9,0.31723097975365244,0.035405943993098564
15,0.320,0.6498089555370669,0.22564563357439116,465997294436828.06,0.24630056471699407,0.09992890106104733
15,0.300,0.74576168727062,0.1627423882873038,315085503611694.25,0.13284983464963965,0.12201268096290577
16,1.200,0.5627676932460989,0.39200598910783074,3021191750227756.0,0.3288659480493849,0.10936399212713979
16,1.180,0.5366673305996051,0.3742531630540039,2836297803597170.0,0.3143414134427703,0.14993596709820306
16,1.160,0.49946362448851717,0.3485501425993901,2596734785863806.0,0.293272951437934,0.20813818762863673
16,1.140,0.45854764025650757,0.3200596170409328,2343365730065869.0,0.26994943768365953,0.27230440613975015
16,1.120,0.4204989173391206,0.2933981751393197,2110472865635302.5,0.24822412446868672,0.3320135322025578
16,1.100,0.3897584692183815,0.2716871708875966,1919402952057094.5,0.2307280861584738,0.38020149297327194
16,1.080,0.3653835872724689,0.2569462218980177,1782257018204003.0,0.22101579819096556,0.4143624476021396
16,1.060,0.35224353419548576,0.2499960068462918,1701936212132095.2,0.21757625526158772,0.4310467800450401
16,1.040,0.35066768269645626,0.25118071803027375,1677737372182144.0,0.22180713117201817,0.42852952139682815
16,1.020,0.3614446976969365,0.26109430391155614,1710416631602172.8,0.23443826780730467,0.40530162979542195
16,1.000,0.3846083158323187,0.27989365005742606,1797617914841822.2,0.25582999953193736,0.36098057593259764
16,0.980,0.45179957964174866,0.34185121406746133,2151629767814217.2,0.28056332524316197,0.27006890090445634
16,0.960,0.5376754420680373,0.4265353611542592,2629847808667415.0,0.29365075198397683,0.1723643273533191
16,0.940,0.5996641493062435,0.4968159705743624,2999354117418242.0,0.27938375905523044,0.1256470988753255
16,0.920,0.6163486408260741,0.5306444447169435,3135420482871463.0,0.23620414644647747,0.15248125577736846
16,0.900,0.6144168351934386,0.5466496003663616,3159773017723952.0,0.1861391735860032,0.20421169979217774
16,0.880,0.6357516864286608,0.580690740340442,3281949655849717.0,0.1473591568493881,0.22102848232584046
16,0.860,0.6992390651010091,0.6502735372222636,3591690234644060.5,0.12491729554672208,0.17906033783077926
16,0.840,0.7865100056558496,0.7384792971117973,3984024059576566.0,0.11961025272792086,0.09614561154617472
16,0.820,0.8419199047211571,0.7924588078079241,4173446887794357.0,0.12881559174449417,0.03148786574775139
16,0.800,0.8312464299098316,0.7808948137624602,4012239667569328.0,0.14559882946098612,0.027070105089773127
16,0.780,0.799857269467286,0.7479682613744251,3746986378437080.5,0.16974308326509838,0.03699498096363314
16,0.760,0.7923068583831234,0.7380540825224382,3602517680733827.5,0.19878373352611145,0.01761762080418836
16,0.740,0.778001133625639,0.7237854227471775,3439900602253423.5,0.21347411758626683,0.01781042005253225
16,0.720,0.7368457629369631,0.6864243932738433,3174165352167983.0,0.20450375384280775,0.06728408905585175
16,0.700,0.706949183983134,0.6586033310547329,2960917485998367.5,0.2009990181276114,0.10054057696739616
16,0.680,0.6831628488086036,0.6335789180755913,2767030667141866.0,0.21958177459584458,0.10631905154865959
16,0.660,0.6857609734352517,0.6313295906807315,2676112845773492.5,0.26245182569673753,0.061236307616457646
16,0.640,0.6762047500488307,0.6168909959631564,2535670086109835.0,0.3074561520705818,0.02481518235772503
16,0.620,0.5465772732630945,0.4957219131393292,1973940912295703.5,0.2666278562477642,0.19188792813688887
16,0.600,0.47978177314766063,0.4358578595105938,1679579146765424.0,0.2137990816087995,0.3089712456183279
16,0.580,0.5849097116345938,0.5307690571916276,1977142318449371.0,0.2271966332075117,0.18882897255913766
16,0.560,0.7334822155589537,0.659625944152096,2372411921002946.5,0.23573841158595166,0.02911042792335999
16,0.540,0.7233636463651933,0.6555203265556233,2273444018653133.5,0.12921125527326652,0.14225843184527417
16,0.520,0.8150118325119219,0.7440258619609315,2484824480698069.5,0.05712425878188563,0.1148702011112526
16,0.500,0.8783087555587074,0.7801860023226227,2505373620295103.5,0.08790809220250706,0.009913584831472044
16,0.480,0.6377401779395335,0.5440579494932273,1677222730597235.5,0.18227146529330865,0.16066410961228908
16,0.460,0.521274846838708,0.40125869619708865,1185459253849111.8,0.32195511626692686,0.14243784697730455
16,0.440,0.539125992378009,0.3846675665617002,1087032649214946.8,0.3298804066825371,0.11887228209520305
16,0.420,0.4140803066688877,0.2792481443323418,753258303897809.4,0.2406541655667652,0.3369937781436882
16,0.400,0.6609430385678636,0.44118579919104917,1133406915429368.0,0.30063862391762486,0.03024624274442247
16,0.380,0.5924088327728918,0.3420997009180455,834911865075649.1,0.2791067838815306,0.1257340167428299
16,0.360,0.6328260789260579,0.30122765094981613,696468818801438.8,0.31222917112689846,0.055922294266562346
16,0.340,0.6515536596860948,0.27069700715555994,591107831190169.9,0.3184712975696597,0.029600631602156507
16,0.320,0.6463045128362628,0.22427023488595305,460920429643538.2,0.24378093678097484,0.10524098476329985
16,0.300,0.7503196948585971,0.16337806868532545,314788859733767.9,0.13317927802087928,0.11684393128075285
17,1.200,0.5649640567499067,0.393261707637273,3015240287244275.0,0.3299198130554192,0.10632088623227985
17,1.180,0.5409192719130776,0.37696473193730934,2842115663585191.0,0.3166088359772568,0.14361428065252096
17,1.160,0.5049597722389624,0.3521573813913669,2610079919877986.0,0.2962920210266921,0.19980587723375512
17,1.140,0.4643353328697321,0.3238973175058193,2359235111433631.0,0.27316849321633413,0.26346313030846613
17,1.120,0.4258182071697905,0.29693155214253225,2124875022851901.0,0.2511976037417561,0.32386893306765435
17,1.100,0.3941408380538778,0.27458363487327075,1929862447427883.5,0.2331768499477619,0.3735034238516223
17,1.080,0.36856370250698606,0.2590432023069365,1787536737260387.8,0.22281619018657647,0.4095138781833549
17,1.060,0.3541107140335386,0.2511974490157238,1701296898970815.2,0.21862763802994503,0.4282620559715081
17,1.040,0.35113834720631365,0.2514064407955124,1670585699461773.8,0.2220233904933885,0.4279814772691067
17,1.020,0.36045284548432033,0.2602760072345326,1696263542672272.5,0.23373565170319135,0.407143531302875
17,1.000,0.38220057148859277,0.27804724573755457,1776550748148072.8,0.25419701803049316,0.3651817141048139
17,0.980,0.44823783133269884,0.33906256444836197,2123073055167529.8,0.27836579894564023,0.27608873120261734
17,0.960,0.5350841438260758,0.42438791479556026,2603114441625602.5,0.29230996468270737,0.17669445228094066
17,0.940,0.6012402432356497,0.49803588978146185,2991214203305315.0,0.2802492783370285,0.12373950564090566
17,0.920,0.6221694874811755,0.5355794194888862,3148260989217216.5,0.2386008579991943,0.14486305285983536
17,0.900,0.6211517728538306,0.5525730755624053,3177541634600893.5,0.18835633257374643,0.1958284768894684
17,0.880,0.6405322109627004,0.5849903452643725,3289200829334586.0,0.14864395968188446,0.21544927751758383
17,0.860,0.7008393704847727,0.6516877478807265,3580939863537930.0,0.1253814195831772,0.17739318392084671
17,0.840,0.7855357422532252,0.737475434175647,3958091819662412.0,0.11965350782880427,0.09741864451550827
17,0.820,0.8409340764450505,0.7914261014767237,4146515013091661.5,0.12888352010656864,0.03278861405002073
17,0.800,0.8314391712850996,0.7809663149325093,3991915222584488.0,0.14588526175838606,0.027178526742133134
17,0.780,0.7997440600274258,0.7477545602227423,3726599260134404.5,0.1700184937637244,0.037712174046401065
17,0.760,0.7921385874198913,0.7377884657474951,3582650754063882.0,0.1991119667354655,0.01855559638698999
17,0.740,0.7803648743638487,0.7258762794622134,3432047933082066.0,0.21455233212653904,0.015534559734972486
17,0.720,0.7407858169216789,0.6899953299352263,3174224710558486.5,0.20603006568630367,0.0629012341525745
17,0.700,0.709418201476469,0.66081282128124,2955531015037578.0,0.20211600160181903,0.09798890217676395
17,0.680,0.6826822992386461,0.6330492395999141,2750460577751548.0,0.21984253556225158,0.10757792667543127
17,0.660,0.6822670173057652,0.6280370956825619,2648428498899077.0,0.2615594674619002,0.06662007459194742
17,0.640,0.6774724292431819,0.6180004433448313,2527131150403475.0,0.30851850876503606,0.023382436036993838
17,0.620,0.5545670934910969,0.5029888391205126,1992549221515163.2,0.2709504058065372,0.1801081460091465
17,0.600,0.4819138160831953,0.43787343861791944,1678645043738548.2,0.2150874983444077,0.30570312547579476
17,0.580,0.578528963293094,0.5251329075143366,1946060099258668.2,0.2250468088150567,0.1972597275890575
17,0.560,0.7336072334526248,0.6599796557342636,2361443699635814.0,0.23615255203090035,0.0281565479577527
17,0.540,0.7288260306171356,0.6605953690134339,2279230800228519.5,0.1303883439988153,0.13497384003230217
17,0.520,0.8102484829021956,0.7396914161287029,2457609872462137.0,0.05677364737826931,0.1189689479106127
17,0.500,0.87921865904821,0.7810093737082954,2495084573651514.5,0.08760152593926405,0.006785285733907218
17,0.480,0.6424944973852575,0.5485989191641429,1682500513503448.0,0.18200606996293672,0.15386684618585503
17,0.460,0.5184349899899353,0.4001909139914102,1176207857240565.5,0.31815353944025077,0.1474570718029344
17,0.440,0.5475609780429442,0.3914429502983234,1100474979784965.6,0.33387533366649047,0.10468819250746814
17,0.420,0.4142267753253183,0.2796063766613862,750335306711579.2,0.24008511993355966,0.33634221538222553
17,0.400,0.6585272674026965,0.4393518346654371,1122875112112195.6,0.2986861233586547,0.033592966131628495
17,0.380,0.5924527605399743,0.3416548640953805,829526424786793.4,0.2782686082669002,0.12602993260299655
17,0.360,0.6339671321233835,0.3012992762728195,693042087769168.1,0.3114619898085493,0.055426878161574204
17,0.340,0.655862058542918,0.2727184150205817,592450952010507.9,0.3196371585260389,0.023828640688237233
17,0.320,0.6432805044439882,0.22308262718765026,456115414115641.25,0.24140230718726874,0.10991121444033643
17,0.300,0.7558829568720156,0.1641980777144933,314737393317136.9,0.1336475779560771,0.11051818806537733
18,1.200,0.5669382658033307,0.3943456253195929,3006957595841148.0,0.3308234556800299,0.10366314923247716
18,1.180,0.5451317466841011,0.37963085703023935,2846508880207963.5,0.31883077758873346,0.13739167945030437
18,1.160,0.5106172931291378,0.35585959672946976,2623044761860999.5,0.29938286519528645,0.19125484637908582
18,1.140,0.4704334567163933,0.32793537917714893,2375538944129228.5,0.27654805923488923,0.2541647197688558
18,1.120,0.4315180757207553,0.30071609534295796,2140147600877637.2,0.2543751790496887,0.31515220470955696
18,1.100,0.39890697399986835,0.27773534292717666,1941300938334552.2,0.23583432739677038,0.36622387756319624
18,1.080,0.37208752819341706,0.2613718443207975,1793707351981482.2,0.2248082401990956,0.404140173021883
18,1.060,0.3562620261584766,0.25259254571527145,1701356895106040.5,0.21984021993742317,0.42504141746764357
18,1.040,0.35182511425211965,0.251780738570027,1663891000575745.0,0.2223634567810609,0.4271020747979286
18,1.020,0.3596016268881426,0.25955458265918324,1682278533571671.2,0.2331121929994143,0.4087732647258494
18,1.000,0.37983862897966086,0.2762306291620114,1755257603211919.8,0.25258265048377215,0.3693251128945946
18,0.980,0.44455062929834793,0.33617613668772217,2093447085484430.2,0.27607882411736995,0.2823324916128885
18,0.960,0.5321330839941719,0.4219520072368906,2573969050044582.5,0.29076255594868483,0.1816055042569466
18,0.940,0.6024437815424516,0.49894311980757267,2980217236709610.0,0.28093542196394244,0.12241069446936495
18,0.920,0.6280097269300049,0.5405263627097078,3159902903961248.0,0.24100524501833212,0.1372581818371148
18,0.900,0.6282595464779209,0.5588236141352566,3195849281764412.0,0.19069051031602763,0.18699846582414403
18,0.880,0.6457486855981471,0.5896838451082462,3297394677290384.5,0.15003470132642902,0.20936346417499185
18,0.860,0.7027579386456382,0.6533937287614627,3570610217446698.5,0.12590675727630538,0.1753712426778422
18,0.840,0.784690504077553,0.736588103518613,3931633408537347.5,0.11972056387702816,0.09855604590507881
18,0.820,0.8399432737379292,0.7903831289770757,4118324317085361.0,0.1289561604099664,0.03410664508367908
18,0.800,0.8316563666259207,0.7810545298159278,3970455864772169.0,0.1461836733500139,0.027278170060130075
18,0.780,0.7996474463221551,0.7475502511288079,3705134899503289.0,0.17030716876478008,0.038442365228119536
18,0.760,0.7918517566467947,0.7374061750134778,3561142829991535.5,0.19942395076219582,0.01968221190288978
18,0.740,0.7826413245931899,0.7278787727004422,3422628829639176.0,0.2156273678345079,0.01341454606556646
18,0.720,0.7449248415552177,0.6937441893038383,3173955878791166.5,0.20763703807626618,0.05830847836292944
18,0.700,0.7122133850142486,0.663319408741307,2950460299635495.5,0.20335053980844633,0.09506025615181624
18,0.680,0.6824647636570049,0.6327575593516784,2734105605448634.0,0.22021091061823223,0.1085277650300834
18,0.660,0.678659739362803,0.6246348543573298,2619625322654667.5,0.26064626767940074,0.07218707111401985
18,0.640,0.6781508817641457,0.6185662818465042,2515563282974952.0,0.30934640917640527,0.02282487554904173
18,0.620,0.5629797599215158,0.5106369253486926,2011745026318153.5,0.2755223934460559,0.16770970776434677
18,0.600,0.4846406829978599,0.4404307232955007,1679182452933141.8,0.21666954892431278,0.30156931119994124
18,0.580,0.5722119314393602,0.5195552695104814,1914823628070907.8,0.22293929638655977,0.20559417170685937
18,0.560,0.7327865598559039,0.6594916989972548,2346747645479399.0,0.2362901607088548,0.02841859826878729
18,0.540,0.7348796986742268,0.6662141615721463,2286002233162209.0,0.13169069134985723,0.1269318778436147
18,0.520,0.8057496064155825,0.7355979217614733,2430596496404987.0,0.05644386778784561,0.12273640969631686
18,0.500,0.8793542856911228,0.7811402333356238,2481807209244930.0,0.08720413084542991,0.00442590814682101
18,0.480,0.647715563072084,0.5535583013505139,1688393360659550.8,0.18178286831791504,0.14646347896936912
18,0.460,0.5160014601250827,0.39948013645024893,1167675186938023.8,0.3145018430274302,0.1518923848266099
18,0.440,0.5554386989858922,0.39790072446539454,1112490821841433.0,0.33741770070236216,0.09140656110769461
18,0.420,0.4152581237573534,0.28059451093091914,748854582471763.5,0.23998300929719218,0.33424881361227227
18,0.400,0.6545879951643248,0.4365093535001996,1109487914397746.9,0.2960049396796708,0.039140592314564626
18,0.380,0.5931314485956403,0.3415581006609127,824740300806338.9,0.27769062091132446,0.12537433499986175
18,0.360,0.6353857461586472,0.30146026881067334,689606923680151.0,0.31075840883288913,0.054574342987782
18,0.340,0.6600791964029317,0.27469693873599405,593474095170972.1,0.320668414946272,0.01826476888386208
18,0.320,0.6408825373637282,0.2221371125508909,451689641448771.6,0.23922063961114357,0.11373832540671981
18,0.300,0.7625073319707768,0.16521201443661468,314942964900257.44,0.1342619354302793,0.10297265823935355
19,1.200,0.5686331146428174,0.39521847072160815,2996065126724559.0,0.33154281517916934,0.10148164679711438
19,1.180,0.54924100254771,0.38220721064371144,2849139105315070.5,0.3209687216590961,0.1313703693879674
19,1.160,0.5163856527727659,0.35962124023216885,2635336601460928.0,0.3025141286281874,0.18256727011439158
19,1.140,0.47681516005722696,0.33215451983548056,2392091501084754.5,0.28007032345202254,0.24445436839579748
19,1.120,0.43759425127216006,0.30474821048785516,2156214473630608.5,0.2577522295634367,0.3058728672645234
19,1.100,0.40406846940124425,0.28114982532803534,1953724278252233.8,0.2387053615346422,0.3583470223678974
19,1.080,0.3759759275939882,0.2639464044884979,1800828171647945.2,0.22700271103813238,0.39821024698825286
19,1.060,0.3587233830403748,0.2541994394837423,1702210338981175.0,0.22122832953419963,0.4213450516088741
19,1.040,0.3527572290599136,0.2523244804627347,1657774661018725.0,0.2228442916519911,0.4258453826604723
19,1.020,0.3589235217007418,0.2589535726658881,1668610027322782.8,0.2325874876507055,0.4101388372277457
19,1.000,0.3775581606668453,0.2744699868601805,1733914313398372.5,0.2510091028725377,0.37335272949103904
19,0.980,0.44077250136880575,0.3332184792614892,2062946303688819.5,0.27372208445503343,0.28874521403116027
19,0.960,0.5288266400485128,0.4192316689865914,2542483161125368.0,0.28900860081911267,0.18709125324682851
19,0.940,0.6032118444209936,0.4994860210203384,2966087523197602.5,0.28141009629507197,0.12175347700887956
19,0.920,0.6337880958674693,0.5454155336458847,3169918527152314.0,0.24338374068929175,0.1297807950137327
19,0.900,0.6357072604756908,0.5653719659649066,3214471279193459.0,0.19313009715116167,0.1777671867113015
19,0.880,0.6514103637832683,0.594779657200156,3306523004598462.5,0.1515323605702814,0.2027619855445072
19,0.860,0.705023685615228,0.6554183785049887,3560818491846406.0,0.12649741469768563,0.17296195257221636
19,0.840,0.7840059366182756,0.7358471117280155,3904807652883142.5,0.11981505040798585,0.0995222394314855
19,0.820,0.8389636391784672,0.789345226980654,4088967039360703.0,0.12903461302469652,0.03542382234132366
19,0.800,0.831905100542614,0.7811662125686615,3947900585009287.0,0.14649386175849852,0.027360892417160696
19,0.780,0.7995802276041721,0.7473674017450415,3682659146306984.5,0.17061023270895334,0.03917005352348107
19,0.760,0.791444324089905,0.7369054627472846,3538002524475279.0,0.19971724639911706,0.020999459678016336
19,0.740,0.7847903322237122,0.7297556031255882,3411472919179898.0,0.21668651407179496,0.011500967002483207
19,0.720,0.7492343869529562,0.6976442889372088,3173213622015631.5,0.20931616215088036,0.05354267295152496
19,0.700,0.715346792290352,0.6661340662403846,2945726721222140.0,0.20470604667517447,0.09174016165004564
19,0.680,0.682556798237584,0.6327468286655138,2718138988387210.0,0.2207018760043315,0.10910799218395865
19,0.660,0.6749948043947055,0.6211740066029804,2589941650442360.0,0.25973279566487506,0.07785991262196863
19,0.640,0.678167020277571,0.618521509667755,2500734302707467.5,0.30990548338301044,0.023246573864834825
19,0.620,0.5717376136816847,0.5185949679916285,2031200328491200.5,0.28030872559986936,0.15480803772109097
19,0.600,0.48802253827288367,0.44358398744505273,1681356786198509.8,0.21857459628416578,0.2964828207496876
19,0.580,0.5660640155420431,0.5141309254617814,1883798694617832.8,0.22091536278745413,0.21368736163375665
19,0.560,0.7309079216414965,0.6580590414713434,2328014375297769.0,0.23611427251397202,0.030050410245130662
19,0.540,0.7415014645075687,0.6723557725252619,2293642186337059.5,0.13311574220973887,0.11815811396297268
19,0.520,0.8016210928400755,0.7318418461338112,2404104560462920.5,0.05614279774697634,0.12605843195980673
19,0.500,0.8786136297733634,0.7804870116456306,2465292501367866.5,0.08670862776890337,0.002960436858557038
19,0.480,0.6533879845299622,0.5589215186629757,1694824907939722.5,0.18159807853012563,0.13847956877683887
19,0.460,0.5140906688014505,0.3992158569149176,1160107902234048.5,0.3110689876487022,0.1555628920879713
19,0.440,0.562458139436304,0.4038260119086089,1122482907802042.5,0.34032507718195437,0.0795276495635666
19,0.420,0.41729849215822573,0.28230117921633296,749022308746463.9,0.2404136317624865,0.3305134389059152
19,0.400,0.6490329529451658,0.4326018480106454,1093153455281585.6,0.29256110808262004,0.04702407394358352
19,0.380,0.5945516899620635,0.3418718869137955,820691160599345.9,0.2774218673856355,0.12360484168239291
19,0.360,0.6370759799199922,0.30170599407997406,686150224003703.0,0.3101162763030597,0.05337052927496746
19,0.340,0.6640715379018418,0.27657228032143966,594046358031026.4,0.3214961248994248,0.013112398382579453
19,0.320,0.6392485061021425,0.2214851782466941,447741569311231.06,0.23728750687407338,0.11653225309938325
19,0.300,0.7702073202249295,0.1664203991021329,315399197572360.2,0.13502201183841223,0.09419344069816846
20,1.200,0.5699927376599913,0.39584209795285885,2982302873615133.5,0.3320447289210035,0.0998648672973011
20,1.180,0.5531792849683216,0.38464686260548125,2849657878181985.5,0.32298189306862995,0.12565867507920922
20,1.160,0.5222069221737026,0.36340173874931897,2646631708725687.5,0.3056501191150852,0.17383695135931512
20,1.140,0.4834462163027633,0.33653037385673484,2408671869141814.5,0.28371304157317084,0.23438903141887335
20,1.120,0.4440372587463003,0.30902067795088123,2172971773131666.2,0.26132090007301007,0.2960488845946272
20,1.100,0.4096341812188651,0.28483267585412203,1967120735139778.0,0.24179297850359585,0.3498616173139572
20,1.080,0.3802488432824285,0.2667804466244524,1808948788005023.5,0.22940960693353138,0.3916947519478188
20,1.060,0.361520774964948,0.25603628061029166,1703946269915230.2,0.22280615939407897,0.41713327174811926
20,1.040,0.3539644538841098,0.25305886229921537,1652355200842711.0,0.22348302936095146,0.4241648541067128
20,1.020,0.35845179006236677,0.2584970457245205,1655405055024007.8,0.23218152175971324,0.411187165180301
20,1.000,0.37539631614375485,0.27279255025483257,1712698932927109.5,0.24949949605892155,0.3772042148672056
20,0.980,0.4369422868645642,0.33021938893686054,2031782270611711.8,0.27131793561917766,0.29526505549704263
20,0.960,0.5251788230364921,0.41623859897129223,2508777264957715.5,0.2870534352205811,0.19313059218848888
20,0.940,0.603487957104043,0.49961837461449826,2948592638975107.5,0.2816440650546145,0.12185104805352062
20,0.920,0.6394161738367119,0.5501711166141574,3177855424550165.0,0.24569974171149472,0.12255476544626627
20,0.900,0.6434525181249973,0.572180473517664,3233136670953733.0,0.1956603530870239,0.16819259738459186
20,0.880,0.6575216810414068,0.6002818099000884,3316548683582812.0,0.15313665815198158,0.1956419019573914
20,0.860,0.7076638745553574,0.657787054470669,3551667445830816.5,0.12715713507640924,0.17013485932465575
20,0.840,0.7835141610874001,0.7352827065766792,3877771005303742.5,0.11994062446546157,0.10028120948800368
20,0.820,0.8380131016613164,0.7883294199145325,4058542592594769.0,0.1291201810749592,0.03672003711085898
20,0.800,0.8321935928537308,0.7813091953887089,3924293164100948.5,0.1468157209382767,0.02741730586466112
20,0.780,0.7995574927688265,0.7472202286099984,3659247160030516.0,0.17092918932399975,0.03987709586606604
20,0.760,0.7909188730526052,0.7362889121525364,3513260670328743.0,0.19999041716179408,0.022503630326723166
20,0.740,0.7867723275824003,0.7314700607481467,3398418005156176.0,0.21771693104005183,0.009843532562008357
20,0.720,0.7536795712254071,0.7016629792654117,3171827650764620.5,0.21105691158951406,0.04864876244180495
20,0.700,0.7188251718183731,0.6692628081187697,2941326613829543.0,0.20618436730189846,0.0880210063055343
20,0.680,0.6830041125190642,0.6330591796028989,2702724288670871.0,0.22133021468772082,0.10925938953143811
20,0.660,0.6713360761015259,0.6177132210447723,2559642741500931.5,0.25884284429506216,0.08355017428261019
20,0.640,0.6774650405084399,0.6178149450531046,2482486554476139.5,0.3101687929892505,0.024726321342298106
20,0.620,0.5807393779316306,0.5267702634986348,2050507969357692.5,0.2852625758925883,0.1415534203253423
20,0.600,0.4921152497423565,0.4473835948590289,1685310111603193.2,0.22083049753180153,0.29036267962683054
20,0.580,0.5601951014698815,0.5089588565835936,1853357461781588.0,0.21901833729615985,0.2213876819191474
20,0.560,0.7278873052933152,0.655603825334978,2305037669738868.5,0.23559659734689523,0.03316910132109151
20,0.540,0.7486440651491588,0.6789773948644553,2301959066085255.0,0.13465671257446143,0.10870678225867646
20,0.520,0.7979699722434975,0.7285206909135014,2378448519082313.5,0.05587840365290825,0.12881888399813762
20,0.500,0.8769146550827331,0.7789758778467454,2445358484895874.0,0.08610999957248576,0.002492759667724914
20,0.480,0.6594840385008858,0.5646632584984572,1701685462111086.8,0.18144483482340845,0.12995685300185614
20,0.460,0.5128168672355942,0.3994870263516432,1153742876890526.2,0.30792033860557994,0.15829222509272733
20,0.440,0.5683170134367542,0.4090005078455342,1129861069841162.5,0.3424178637318967,0.06955554416722189
20,0.420,0.42046736659954853,0.28481280553617194,751030065965656.1,0.2414385113344006,0.32494315373987775
20,0.400,0.641847335215,0.42762453553778135,1073918015759352.1,0.2883565669626843,0.05726570219594507
20,0.380,0.5968114488249967,0.34265351918450165,817499158707449.6,0.27750636717427496,0.1205720136775435
20,0.360,0.6390154321011288,0.30202423849011867,682641709162856.5,0.3095256833644921,0.05184518824758017
20,0.340,0.6676902530032166,0.27827719787290767,594025460736666.6,0.3220449280166197,0.0085970128445392
20,0.320,0.638501722710969,0.22117315913571217,444355869149637.8,0.23564753062520838,0.11812365308935893
20,0.300,0.7789396905461128,0.16781129783034873,316075600809475.7,0.13591724155894871,0.08423469655697234
21,1.200,0.5709642764333721,0.39618065439600625,2965438717618777.5,0.332297923573007,0.09889625896002203
21,1.180,0.5568760050600009,0.38690112044771685,2847714438449764.0,0.3248279760603182,0.1203691343675367
21,1.160,0.5280158361775392,0.36715557047670716,2656577887553744.5,0.30875087989719235,0.16516916180989977
21,1.140,0.4902842103169164,0.3410329561872929,2425021779807484.5,0.28744908538345604,0.22403866478802104
21,1.120,0.4508313636808872,0.31352193751987906,2190283842887117.5,0.26506948703011307,0.2857083164857182
21,1.100,0.4156093585083419,0.2887869549435577,1981457214475145.2,0.24509786510417222,0.3407623983885402
21,1.080,0.3849247196242233,0.2698864395746385,1818106259240615.8,0.2320378085242039,0.38456701677849786
21,1.060,0.3646799222468759,0.2581209800260331,1706646651966976.0,0.2245875315765284,0.41236710164858653
21,1.040,0.3554768416685344,0.2540052422050939,1647746741731411.5,0.22429681359218231,0.4220137211089889
21,1.020,0.35822025798068957,0.2582094379529273,1642807687993777.0,0.23191451429618248,0.41186445268719013
21,1.000,0.3733914072816731,0.27122636169748165,1691789560503197.8,0.24807764218493392,0.3808174620957725
21,0.980,0.4331026727699033,0.32721155173689515,2000180300186055.8,0.26889111560164897,0.3018240763448523
21,0.960,0.5212136026396751,0.4129924106348841,2473020670727114.0,0.28490785873638974,0.19968706508821102
21,0.940,0.6032246592242917,0.49930150646971283,2927555738491528.0,0.2816121874876633,0.12277322258124475
21,0.920,0.6447998333692019,0.5547124795584957,3183246031228573.5,0.24791416734248606,0.11571162162247675
21,0.900,0.6514424830807853,0.5792022490560889,3251525703535425.5,0.19826309602670197,0.15834626581376757
21,0.880,0.6640811724930704,0.6061889605784555,3327400961052765.5,0.15484578262664317,0.1880077151383032
21,0.860,0.7107034250045404,0.6605229326944645,3543241828375752.0,0.12788916390623184,0.16686243777673385
21,0.840,0.7832473028861011,0.7349251339668869,3850674675413881.0,0.120100896307426,0.10079705414406986
21,0.820,0.8371111895158669,0.7873542431738317,4027156129514371.5,0.12921434316861208,0.03797343486939702
21,0.800,0.8325310818124838,0.7814922792289719,3899681347606117.0,0.14714921889290916,0.027436928822777668
21,0.780,0.7995965095241064,0.7471249926481038,3634982377572350.5,0.17126589786990767,0.04054286831962904
21,0.760,0.7902831053165656,0.7355638943811857,3486971824769449.5,0.20024316147711313,0.02418474278893713
21,0.740,0.7885496521667142,0.7329872652028244,3383316225839216.0,0.21870600274004165,0.00848940069010059
21,0.720,0.7582190305800581,0.7057616075787223,3169603724917128.5,0.21284668091764256,0.0436798143088948
21,0.700,0.7226489214030941,0.6727057261236843,2937227643864889.0,0.20778544392795356,0.08390334904906703
21,0.680,0.6838504321555452,0.6337348692779596,2688010486508916.0,0.22211014298216356,0.10892559898937466
21,0.660,0.6677545184552119,0.6143176754683549,2529014907077664.0,0.2580030491782046,0.08915996609843785
21,0.640,0.6760108865237352,0.6164153041691701,2460751900371017.5,0.3101189059276888,0.027311237340959832
21,0.620,0.5898586231004718,0.5350472200359133,2069179866042792.8,0.2903244613938968,0.128133236217826
21,0.600,0.49696829499797746,0.45187408318095124,1691153880035071.8,0.22346267889355895,0.283136938108166
21,0.580,0.5547174692906146,0.5041403538431753,1823870075707138.5,0.21729285498497158,0.22853969808829366
21,0.560,0.7236773660400132,0.6520810016331681,2277739308178740.0,0.23472027885520047,0.03784373070132554
21,0.540,0.756232128274463,0.6860106563597516,2310676057306124.0,0.13630181748166845,0.0986657655750362
21,0.520,0.7949018547114796,0.7257306526543438,2353928422706039.5,0.05565856597685574,0.1309023789772473
21,0.500,0.8742015541965505,0.7765563198349535,2421906681226100.0,0.08540603889570854,0.0030982949250838946
21,0.480,0.6659629425178377,0.5707467914626398,1708831175454852.2,0.18131320226064196,0.12095415223870985
21,0.460,0.5122883708381722,0.4003791545984696,1148798162857834.8,0.30511526286126306,0.15991494735142261
21,0.440,0.5727371535636785,0.41322039164561203,1134093506896070.0,0.34353501489096294,0.061956424631321866
21,0.420,0.42487569938076847,0.2882110981001398,755047776524565.5,0.24311257029021657,0.3173585510701404
21,0.400,0.6331060683215471,0.4216322950420572,1051981983843834.5,0.2834340854908782,0.06975705871719502
21,0.380,0.5999921917913105,0.3439507969636833,815256667218790.5,0.27797957626605224,0.11615057144725752
21,0.360,0.6411635771183569,0.30239456276389176,679033063175093.5,0.30896838890157846,0.0500542224819345
21,0.340,0.6707785927568898,0.2797406292839407,593265245034218.8,0.32223697336279034,0.004954927149276802
21,0.320,0.6387440831990951,0.2212399213726109,441598832210511.75,0.2343359473861993,0.11837332756542084
21,0.300,0.7885852586109907,0.16935664542796136,316911456847735.56,0.13692393616470433,0.07323992318869292
22,1.200,0.5714996854660501,0.39620183713468826,2945278019495464.0,0.3322740819373616,0.09865135846984169
22,1.180,0.5602592749598752,0.38892062120776033,2842965197994849.0,0.32646404655741146,0.11561601439171611
22,1.160,0.5337402000863126,0.3708325847594534,2664798914311022.5,0.31177247162779226,0.15667992435569023
22,1.140,0.49727786093151716,0.34562622595230497,2440844461851443.5,0.2912460793219328,0.2134872358898024
22,1.120,0.45795346494602013,0.31823534278375093,2207979302785744.5,0.268981801649531,0.27489104034446094
22,1.100,0.42199464849977786,0.2930125125491698,1996675168516686.5,0.24861777870080215,0.3310516499227179
22,1.080,0.3900198155464854,0.273275280674232,1828321935445464.5,0.23489464257205178,0.3768041596820871
22,1.060,0.3682258565496695,0.2604709136178439,1710384152248573.5,0.22658561816668987,0.4070089736758497
22,1.040,0.3573244753218216,0.25518495268955044,1644057363535354.8,0.22530261001613713,0.4193454459293554
22,1.020,0.35826309182527033,0.25811538771009707,1630957458203336.8,0.23180674926036582,0.41211659061852224
22,1.000,0.37158258072138123,0.269800032228071,1671362148661553.5,0.24676780828426512,0.3841291786587758
22,0.980,0.4292996224171233,0.32423010327735413,1968375612290434.2,0.26646838252985405,0.3083491962660291
22,0.960,0.5169648687806043,0.4095205886622341,2435429370122161.0,0.2825881341321584,0.20670896454074777
22,0.940,0.6023860115586545,0.4985063550680444,2902866864382834.5,0.2812946337981112,0.12457277987946828
22,0.920,0.6498413160006395,0.5589559691449687,3185620159240757.5,0.24998627043888447,0.10938762028182432
22,0.900,0.6596131658361348,0.5863805529876387,3269268826964658.5,0.20091646084192355,0.14831423858071377
22,0.880,0.6710803249902442,0.612493355334822,3338970784118403.0,0.1566560986649801,0.17987276614350026
22,0.860,0.7141641562104081,0.663646307565217,3535604670196063.5,0.12869609956424355,0.1631209897426008
22,0.840,0.7832369641404061,0.7348041429670675,3823661582683604.0,0.12029934458422419,0.10103460269015403
22,0.820,0.8362787740105203,0.7864395009574551,3994916778442725.5,0.12931871469000586,0.03916072233884969
22,0.800,0.8329276511742685,0.7817250718793712,3874115759020951.5,0.1474943650123681,0.02740840409579026
22,0.780,0.7997165165900095,0.7470998040608023,3609955018555485.0,0.17162252790114654,0.041144545245213646
22,0.760,0.7895502009313901,0.7347429005395035,3459215003578255.0,0.20047641362228633,0.026026147060862644
22,0.740,0.7900880370463537,0.7342755435996852,3366040588256859.0,0.21964173888135924,0.007481326426958175
22,0.720,0.7628051616279724,0.7098957550368226,3166326100702521.0,0.21467080376240733,0.03869667796033929
22,0.700,0.7268110692458583,0.6764560483581679,2933365565547049.0,0.2095069796622708,0.07939718976161625
22,0.680,0.6851362404810296,0.6348111132277963,2674126815541614.5,0.2230548892751985,0.10805477788939098
22,0.660,0.6643267781185807,0.6110577433174343,2498358473494248.0,0.2572423822438417,0.09458394217090357
22,0.640,0.6737959832883181,0.614314605807976,2435563070413759.5,0.3097496723343233,0.031011468734030444
22,0.620,0.5989435737891137,0.5432871917841733,2086650536084916.2,0.29542194680034756,0.1147722098018673
22,0.600,0.5026222204901967,0.4570918375906822,1698960499379215.8,0.22649299411381552,0.27474633999362463
22,0.580,0.5497436661399427,0.49977708984491076,1795696361580706.8,0.2157840829110335,0.2349870714317937
22,0.560,0.7182743840387054,0.6474846816486794,2246187936646892.0,0.2334822313119997,0.04408579916018759
22,0.540,0.7641585967663094,0.6933583371078844,2319423574885141.0,0.13803356210942427,0.08816108476883766
22,0.520,0.7925181108345118,0.7235640456283133,2330820811860061.5,0.055490888228452405,0.13219730630842613
22,0.500,0.8704502084158631,0.773206013218695,2394935339590322.0,0.08459779251382232,0.0048173855368655455
22,0.480,0.6727705855363373,0.5771236801843996,1716084611894011.5,0.1811903348364958,0.11154765420063546
22,0.460,0.5126036569971897,0.40197123386698214,1145463808178265.5,0.30270478947357166,0.16028315955638944
22,0.440,0.5754935387082349,0.41631715519645673,1134763998679109.2,0.3435515116520779,0.057110672477471716
22,0.420,0.4306205607612282,0.29256952323227137,761214302446733.9,0.24548101714799275,0.3076025187821953
22,0.400,0.6229784003662778,0.4147424893111596,1027701727611904.1,0.2778785711211034,0.08425211763390038
22,0.380,0.6041494078897638,0.34579672863803906,814016189210302.4,0.27886410430172226,0.11025325794845572
22,0.360,0.6434615314885791,0.30278835811551297,675258778833154.0,0.3084179721451459,0.048079782326054775
22,0.340,0.6731827180555632,0.280892308520502,591626106445084.5,0.321997458716759,0.002416912656834046
22,0.320,0.6400495664974207,0.2217146567736993,439514236762488.3,0.23337641362536526,0.11718114452054541
22,0.300,0.7989305442556699,0.17100865746734192,317810262835030.9,0.1380025031664259,0.061463278438929826
23,1.200,0.571557599266807,0.39587818296419125,2921672963966622.0,0.33194893843944984,0.09919483625813187
23,1.180,0.5632578018198136,0.3906566662870918,2835084675153995.5,0.3278477113289133,0.11151226751555565
23,1.160,0.5393017166127662,0.37437861393681965,2670901111267507.5,0.3146675049760554,0.14849462538357888
23,1.140,0.5043665629179511,0.35026780707102856,2455804903630860.5,0.2950661750215675,0.20283337343161031
23,1.120,0.46537197787932105,0.32313841452863573,2225847468514244.2,0.27303653627604285,0.26365047414723103
23,1.100,0.42878498383178,0.29750523318315436,2012686261452121.5,0.25234689266926497,0.32074095481699194
23,1.080,0.39554739319847954,0.2769557354203257,1839597904842425.5,0.2379853788586551,0.3683883940518122
23,1.060,0.3721824156907063,0.2631025673217578,1715219631147542.0,0.2288126078470584,0.4010235652097549
23,1.040,0.35953716204196906,0.25661908193177324,1641387318585930.8,0.22651698813284943,0.41611424682327863
23,1.020,0.3586145586846872,0.2582395610531583,1619987763382977.8,0.2318783952639408,0.41188958109734536
23,1.000,0.3700094862769713,0.26854249740252867,1651588350702346.8,0.24559447262302947,0.38707546858737907
23,0.980,0.4255817256422582,0.3213121307806985,1936609176291657.2,0.2640780974165604,0.3147632810343895
23,0.960,0.5124760225037845,0.4058581513139875,2396261959213469.0,0.28011577758045003,0.21413000913260763
23,0.940,0.6009498720323863,0.4972153442841525,2874492393762495.0,0.2806779967599087,0.12728216293117975
23,0.920,0.6544419488772522,0.5628172539806324,3184520271094895.0,0.2518747078201392,0.10371994234596252
23,0.900,0.6678890484619145,0.5936484736899419,3285947742863189.5,0.20359476603242732,0.1381974583498378
23,0.880,0.6785023921432332,0.6191797563376963,3351106333468604.0,0.15856184503865317,0.1712606706948996
23,0.860,0.7180639652280796,0.6671738319805136,3528793483070487.5,0.129579729593296,0.15889161634140486
23,0.840,0.7835136441876243,0.7349484427138968,3796863179566920.5,0.12053922140040947,0.10096009303732349
23,0.820,0.835537745322339,0.7856059608004401,3961935581270322.5,0.12943499770533654,0.04025755266368913
23,0.800,0.8333940014369271,0.7820177738156189,3847648570393899.0,0.14785116700351117,0.027319782543943974
23,0.780,0.7999384143944892,0.7471643325300142,3584260134951332.5,0.17200149107478793,0.04165750111920366
23,0.760,0.7887390126696756,0.7338437189376786,3430093520984845.0,0.20069240448792336,0.028004338297133443
23,0.740,0.7913581722561983,0.7353078909813952,3346491558753118.5,0.22051321078480682,0.006855710582384579
23,0.720,0.7673847129123518,0.7140157993482154,3161761491144452.0,0.21651266939083544,0.03376720353398072
23,0.700,0.7312963282781441,0.6804992685799832,2929641575778050.5,0.21134411440369466,0.0745231377695007
23,0.680,0.6868974093250612,0.6363208179265333,2661177433911544.0,0.22417622650033794,0.10660138860938341
23,0.660,0.6611335022500358,0.6080074367850667,2467979877432246.5,0.256591537412809,0.0997116662101152
23,0.640,0.6708398364505171,0.6115305372631753,2407059968442752.0,0.3090675171808774,0.0357965495847396
23,0.620,0.6078187958086915,0.5513300258626752,2102287568213994.0,0.3004702503999248,0.10172987409188194
23,0.600,0.5091055850995646,0.4630622921713967,1708753649341618.5,0.22993832917226112,0.2651487428368723
23,0.580,0.545384418130622,0.49596921855346415,1769177895952783.0,0.21453695612576754,0.24057543338536225
23,0.560,0.7117228489145065,0.6418523726798044,2210609161051320.2,0.23189475696553946,0.05184282603508328
23,0.540,0.7722821331610497,0.7008919699970748,2327735509016781.0,0.1398281888193564,0.07736026626372616
23,0.520,0.7909128097146128,0.7221065023053324,2309369292864072.5,0.05538249040612869,0.13259916448790485
23,0.500,0.8656722587831491,0.7689344536829418,2364547880577765.5,0.08368984908553839,0.007650143121161136
23,0.480,0.67983981562523,0.5837339691019855,1723236923948863.8,0.1810607901714848,0.10183043841624462
23,0.460,0.513847347803998,0.4043324841582212,1143892607198142.5,0.30072936476066586,0.1592732562938779
23,0.440,0.5764429682993532,0.41817856991039387,1131626833567916.5,0.34239505461564634,0.0552653740840069
23,0.420,0.4377778017310846,0.2979483829626562,769624900833211.1,0.24857518859219302,0.2955522914691099
23,0.400,0.6117233947682346,0.4071317681321859,1001575679010773.1,0.27181420358767355,0.10037358833602089
23,0.380,0.6093012037445444,0.34820320639311053,813776510865378.9,0.28016466156653014,0.10284753064713784
23,0.360,0.645833808844415,0.30316985711452493,671239194129511.0,0.3078409509572373,0.04602742293044305
23,0.340,0.6747656706067305,0.28166874785337553,588987892984560.8,0.3212615582309128,0.001187235892180693
23,0.320,0.6424583898007907,0.22261488460733536,438119884835133.0,0.23277916497110518,0.11449400084693365
23,0.300,0.8096524425828806,0.17269701112103128,318636016117487.5,0.13909533070689603,0.04928725617969207
24,1.200,0.5711051646377006,0.39518832426781186,2894531088047113.0,0.33130334547147366,0.10057761294467955
24,1.180,0.5658031000184347,0.3920627688606303,2823777525440758.5,0.3289384275788922,0.1081659957248053
24,1.160,0.5446172932735813,0.3777364166174691,2674482205191947.0,0.31738595700759015,0.14074586574912387
24,1.140,0.5114802450215237,0.3549089319863482,2469531942815469.5,0.2988660205624542,0.19219050416860078
24,1.120,0.47304576794753833,0.3282021351069963,2243635443071418.5,0.27720667102990587,0.25205520339923215
24,1.100,0.4359683636612293,0.30225621268666536,2029367910387368.5,0.2562750868563996,0.30985310071274547
24,1.080,0.40151677019376686,0.2809337854205426,1851913057857198.0,0.24131264833015967,0.35930854537201923
24,1.060,0.37657163459924825,0.26603111121742173,1721199301259783.2,0.2312793086657031,0.39437879983123925
24,1.040,0.36214406945184113,0.25832821510957266,1639827064259698.8,0.22795586440006646,0.41227571871690216
24,1.020,0.3593087668119026,0.2586064640823454,1610024242382882.0,0.2321493088747421,0.41112999663498456
24,1.000,0.3687119473230395,0.26748277577442026,1632633444300824.0,0.24458207778836946,0.38959241418626955
24,0.980,0.42199950181638135,0.3184961408755802,1905123426992143.5,0.26174977110019787,0.3209863086303265
24,0.960,0.5077992147850421,0.40204703399244707,2355813807818124.5,0.2775171479543122,0.22187057075227418
24,0.940,0.5989097682052312,0.4954239183813794,2842481788067909.0,0.27975621536881734,0.1309107869808948
24,0.920,0.6585054615012315,0.5662141800978517,3179519085061193.0,0.25353885523055164,0.09884207398843806
24,0.900,0.6761831748292249,0.6009290212794268,3301099046307338.5,0.20626852930760814,0.1281115663596474
24,0.880,0.6863212149793884,0.6262243757918774,3363609016703495.0,0.1605548332491679,0.16220673793276696
24,0.860,0.7224159436863632,0.671117701725699,3522816426162713.5,0.13054085351554442,0.154161259395104
24,0.840,0.7841061128838221,0.7353851158770599,3770396199017097.5,0.12082344789477595,0.10054190309059087
24,0.820,0.8349106254369985,0.7848749891275016,3928323181074246.0,0.129564919919549,0.04123898340230625
24,0.800,0.8339411680958606,0.7823809145758904,3820331963046477.0,0.14821957774639666,0.027158868771277402
24,0.780,0.8002843533014323,0.7473394220139792,3557995232596576.0,0.17240534928408421,0.042055835288895185
24,0.760,0.7878740686295409,0.7328894331093102,3399733851884723.5,0.20089467432025987,0.030089013806422434
24,0.740,0.7923372903247138,0.7360634415787414,3324603325927576.0,0.22131100075198407,0.00664064653539328
24,0.720,0.7718997728327928,0.7180678464357949,3155664644728076.5,0.2183539536935892,0.0289649642347384
24,0.700,0.7360802874631701,0.6848124052628591,2925920530273663.0,0.21328913172199965,0.06931339869080964
24,0.680,0.6891637338967508,0.6382912266287711,2649236043446046.0,0.22548396147138908,0.1045281018691547
24,0.660,0.658257453718561,0.6052426641677194,2438183214978492.0,0.25608222895237703,0.10443024509333185
24,0.640,0.6671911760649748,0.6081074862444169,2375489916368142.5,0.3080920962678997,0.04159388227262092
24,0.620,0.6162892762925727,0.5589977879762112,2115410453643873.0,0.30537402044121503,0.0892944977297019
24,0.600,0.5164313432394831,0.46979661844535336,1720497334617536.0,0.23380892519584726,0.2543243562018143
24,0.580,0.5417466227901994,0.49281354047563836,1744630629318545.5,0.2135954379404582,0.24515516183491762
24,0.560,0.704116949885746,0.63526643827526,2171384863543701.8,0.2299862031864222,0.06099598800531993
24,0.540,0.7804261715406519,0.7084509320776521,2335051175852218.5,0.1416554011331972,0.06647378111855079
24,0.520,0.7901694183387915,0.7214339550606069,2289774897570720.5,0.05533978679831649,0.13201419657431077
24,0.500,0.8599172781358767,0.7637848975541537,2330955263172574.0,0.08269042801687299,0.01155335267570093
24,0.480,0.687091361089037,0.590506926184253,1730051775911414.5,0.18090700445792574,0.09191113814800736
24,0.460,0.516086068725861,0.4075189059703825,1144190824426337.5,0.29921671987949483,0.15679281448279586
24,0.440,0.5755473993028277,0.41876623749040104,1124649524008498.9,0.3400589468595198,0.056495445572195414
24,0.420,0.4463922059749141,0.3043881053549567,780314783831039.0,0.25240709880003515,0.28113565103535576
24,0.400,0.5996765331329701,0.399027026505701,974215804015023.6,0.2653975940386451,0.11763222945968513
24,0.380,0.6154150917970979,0.3511537256489547,814467472425770.1,0.281862319400592,0.09397493305590082
24,0.360,0.6481925431669581,0.3034983053261665,666886058613058.9,0.3071990502478139,0.044019655842742686
24,0.340,0.6754234350934054,0.28202014029791633,585264131391142.6,0.3199821534074647,0.0014197353043405182
24,0.320,0.6459722067331426,0.22394477868857005,437405044035401.1,0.23253965909345448,0.1103122979605299
24,0.300,0.820310717797015,0.1743278064347875,319213160062007.7,0.14012614871913343,0.037231063250790196
25,1.200,0.5701197292283522,0.3941181347663534,2863822395911205.0,0.3303242456654842,0.10283422085261497
25,1.180,0.5678319455123415,0.39309635868046805,2808791126720236.5,0.32969895542568906,0.10567654870798848
25,1.160,0.5496008673929452,0.3808469753326406,2675142470717841.0,0.3198762901553283,0.13357049680500166
25,1.140,0.5185396491155626,0.35949467982018934,2481622597995419.5,0.30259698532127477,0.1816863121384545
25,1.120,0.4809232159553023,0.3333903398790842,2261046274850333.5,0.28145896981089014,0.24019038225656
25,1.100,0.44352455553266235,0.3072508859960857,2046558886675081.8,0.2603872011170566,0.29842409656805446
25,1.080,0.4079322275505086,0.28521187983220264,1865218794295927.2,0.24487577961567103,0.34956178907142915
25,1.060,0.38141301410106987,0.2692698902210711,1728351515664675.8,0.23399467688521017,0.3870470409990379
25,1.040,0.36517328754708633,0.26033212469364125,1639455067398708.2,0.22963419711841296,0.40778757388387415
25,1.020,0.36037937730614217,0.2592402360020045,1601183094734731.2,0.23263881620414947,0.4097854880038637
25,1.000,0.3677296359576229,0.266649732219385,1614654354517143.0,0.24375478246269727,0.3916166524708919
25,0.980,0.41860468679439317,0.31582151695472144,1874158026297830.8,0.2595135946130198,0.32693656405644816
25,0.960,0.5029942766477369,0.3981352292712324,2314409788555687.5,0.27482285749093943,0.2298393833579512
25,0.940,0.5962762076050833,0.493141608647764,2806970945814007.0,0.27853123239797895,0.13544318917290357
25,0.920,0.6619417951963058,0.5690700453576639,3170238745732382.0,0.25494032521492194,0.0948785277613003
25,0.900,0.6843978388818797,0.6081357523344824,3314220979051640.0,0.20890467528197892,0.11818592044592822
25,0.880,0.6945001082266185,0.6335938711855205,3376230244970849.0,0.16262416216269227,0.1527592975755742
25,0.860,0.7272274418159512,0.6754847921580547,3517648522320117.5,0.13157909405745855,0.14892380084086268
25,0.840,0.7850407426684161,0.73613899437546,3744359385776685.5,0.12115450122752591,0.09975132892958567
25,0.820,0.8344201247341789,0.7842681343080203,3894187318533092.5,0.1297101635203493,0.04207999936432439
25,0.800,0.8345801924261224,0.7828250449342246,3792216424468574.0,0.1485994329179964,0.026913622040326303
25,0.780,0.8007772223119441,0.7476466130823769,3531257513504602.0,0.17283669926143083,0.042313015165519746
25,0.760,0.7869853641118699,0.7319082233257138,3368283479785659.5,0.20108803129824865,0.032243394570742864
25,0.740,0.7930106724818062,0.7365288656156638,3300349309728318.0,0.22202763960809888,0.006854081355758241
25,0.720,0.7762891832031086,0.7219950575464733,3147785549271266.5,0.22017497621350446,0.024367449260524296
25,0.700,0.7411288168527176,0.6893634618347506,2922030314309465.5,0.2153312199535894,0.06381248335815191
25,0.680,0.6919573932798531,0.6407424989713466,2638340594174002.0,0.22698538654506692,0.10180778403120704
25,0.660,0.6557814862551994,0.6028393596487035,2409261561072836.0,0.2557464234294045,0.10862714200689876
25,0.640,0.662927451795235,0.6041160636486761,2341201394798300.0,0.30685621806596886,0.048289608845864467
25,0.620,0.6241472734869512,0.5661010082971653,2125318556790246.2,0.31003049131269383,0.07777292203811825
25,0.600,0.5245926706919684,0.4772879047313244,1734083857467539.2,0.23810641174324354,0.24228179530168933
25,0.580,0.5389314242166355,0.49040173549664756,1722338098123240.5,0.21300180345908368,0.24858405582861628
25,0.560,0.6955985963489437,0.6278524334782231,2129041000987792.8,0.22780052515126742,0.07136235146216309
25,0.540,0.7883803904377782,0.7158437326174006,2340725050868249.0,0.14347850802642315,0.05575361187070384
25,0.520,0.7903572568195948,0.7216093942414512,2272186307133371.0,0.055368247161615834,0.1303633406859771
25,0.500,0.853272698626552,0.7578343018386319,2294471562528064.5,0.08161124571579917,0.016439876016922535
25,0.480,0.6944354199892369,0.5973623722202805,1736271020417030.0,0.18070991802675873,0.08191169321139352
25,0.460,0.5193641859650824,0.4115696370153653,1146408970633012.0,0.29817987369462073,0.1527875681093049
25,0.440,0.5728871651068426,0.4181262254097508,1114034141304489.6,0.33660838703792084,0.06068131791459785
25,0.420,0.4564647510981705,0.3119004389577243,793238332001444.6,0.25696254816936076,0.26435190789838897
25,0.400,0.5872293037319046,0.39069179340548926,946308402781023.0,0.25880791707665807,0.13545642892331447
25,0.380,0.6223935436828385,0.3545954762418631,815934325211613.5,0.2839083737224269,0.08377233834180658
25,0.360,0.6504444370932523,0.30373138634036645,662110674296957.6,0.3064526853651575,0.04218556753447775
25,0.340,0.6751012502777577,0.2819173934690232,580415771224119.4,0.31813741384058347,0.0031937297361063675
25,0.320,0.6505508206387063,0.22569396895695099,437329071940442.0,0.23263785332740256,0.10469428487442226
25,0.300,0.8303546026657083,0.1757855923039407,319332372523903.25,0.14100188215791504,0.025942347270805875
26,1.200,0.5685902733564552,0.3926616870835698,2829584488120704.5,0.32900548332811613,0.10598058985777077
26,1.180,0.5692889599156437,0.3937205643075797,2789928015467565.5,0.33009687450954545,0.1041304379952987
26,1.160,0.5541657511390008,0.38365114701707564,2672497957283310.5,0.32208687138010894,0.12710584404992467
26,1.140,0.525457135556712,0.3639645795360969,2491649005339428.5,0.3062057002333916,0.17146135774091079
26,1.120,0.48894151765342575,0.3386592764402508,2277738646530078.5,0.2857536270772951,0.22815874531488783
26,1.100,0.45142376350624985,0.3124681378972637,2064055240641275.5,0.2646622811036145,0.28650522456566613
26,1.080,0.4147917730608327,0.28978809085568247,1879434440206928.5,0.24867005605060932,0.339155606603033
26,1.060,0.3867226494470881,0.2728298192243554,1736683156592024.5,0.2369652623504638,0.3790065050167335
26,1.040,0.3686512978195825,0.26264939681182764,1640335329409216.5,0.2315656221629896,0.40261053155270693
26,1.020,0.36185927478110497,0.26016441430800735,1593569306624839.2,0.23336546518069945,0.4078053602948936
26,1.000,0.3671017517281621,0.2660718453724921,1597797780203387.8,0.24313621126670729,0.3930859479969154
26,0.980,0.41544953174101745,0.31332798746305185,1843945821852450.5,0.2573999705007367,0.3325318171178254
26,0.960,0.4981274045545567,0.3941757348855937,2272395971830020.5,0.2720670379095363,0.23793563280508798
26,0.940,0.593077301014458,0.49039252939694966,2768181684814185.0,0.27701332322993577,0.1408382003313825
26,0.920,0.6646712255828721,0.5713171375116404,3156370463037414.5,0.25604461690875996,0.09193915825271608
26,0.900,0.6924259956041452,0.6151740353287882,3324783710354370.0,0.2114669760332298,0.10856167112556926
26,0.880,0.7029908915660105,0.6412444739954286,3388669388154248.5,0.1647559689364788,0.14298083707231077
26,0.860,0.7324990947911828,0.6802757612429254,3513228037178642.5,0.13269270003289907,0.1431812014130091
26,0.840,0.7863408066116172,0.7372320042290238,3718830276425787.0,0.12153429417163099,0.09856340108147876
26,0.820,0.8340886511301401,0.7838066656781616,3859630206255946.5,0.12987228513590848,0.04275608986748747
26,0.800,0.8353217530225542,0.7833603926856213,3763348939922801.0,0.14899038076464607,0.026572602430304224
26,0.780,0.8014400452649438,0.7481075795612457,3504140808570856.0,0.17329803474435354,0.04240262838500637
26,0.760,0.7861079332421287,0.730932963097704,3335907746468993.5,0.20127845201314803,0.03442482099830248
26,0.740,0.7933729775279257,0.7366995986376986,3273746481826312.0,0.22265800387516516,0.0075022171811323516
26,0.720,0.7804903809567162,0.7257393732562599,3137878138664393.0,0.22195518755710725,0.020053728593112014
26,0.700,0.7463977743685001,0.6941111697247205,2917762678924299.0,0.21745631487096825,0.05807752931411315
26,0.680,0.6952913680923509,0.6436862540235267,2628488245882391.5,0.2286847026427953,0.09842552601380679
26,0.660,0.6537864358715897,0.6008715379967104,2381488343676311.5,0.2556155239943645,0.11219308970119718
26,0.640,0.6581526541870523,0.5996510950027676,2304631517011476.0,0.30540500726268577,0.05573189865606292
26,0.620,0.6311820388690759,0.5724475392684594,2131327919615993.5,0.31433410089351616,0.06747616217537038
26,0.600,0.5335583183201419,0.48550690503776534,1749321174640054.2,0.2428215787187501,0.22906482925243368
26,0.580,0.5370323314388203,0.4888186278568661,1702545130630562.0,0.21279592872326766,0.25072996304454476
26,0.560,0.6863520354687818,0.6197743625654176,2084224641035127.2,0.22539575830236136,0.08270164759714159
26,0.540,0.7959053954973558,0.7228522191505896,2344046216392303.5,0.14525513905418352,0.04548797323278896
26,0.520,0.7915277043982232,0.722679398189481,2256690026849155.0,0.05547214012453274,0.12758650746882094
26,0.500,0.8458613782744225,0.7511911591505251,2255502766402818.5,0.08046715914752285,0.022180741505203175
26,0.480,0.7017738948489394,0.6042125829497659,1741621969732058.0,0.18044972594748032,0.0719642274017777
26,0.460,0.5236994829661784,0.4165031582440446,1150532847806017.5,0.2976153237416021,0.14724832428991266
26,0.440,0.5686609148165636,0.4163903628478009,1100211645734073.2,0.33217849382641357,0.06750848888097932
26,0.420,0.4679369899374485,0.320457494649866,808244234227018.5,0.2621928808572235,0.24529765719692817
26,0.400,0.5748048713472567,0.382410121609559,918570008908172.5,0.25223548539925006,0.15322756102578
26,0.380,0.6300596358880609,0.3584315498074871,817923560673958.1,0.2862184363840778,0.07249315651393429
26,0.360,0.6525002994521818,0.3038298022453861,656834208996320.1,0.3055655322353632,0.04064675847322798
26,0.340,0.6738077103720705,0.28135823641911634,574462179895187.4,0.3157370122208308,0.00649344389626724
26,0.320,0.6561109565625476,0.2278369956055671,437821530878194.1,0.2330382828506726,0.09775753105685371
26,0.300,0.8391501582870582,0.1769397651409623,318764238556860.94,0.1416180112972432,0.016164533374410834
27,1.200,0.5665184787759965,0.39082194953616256,2791925219377864.0,0.3273483928454241,0.11001242497947561
27,1.180,0.5701291797087066,0.3939059711765988,2767057350178044.5,0.3301060774871206,0.10359729957365275
27,1.160,0.5582274531593209,0.3860916328176527,2666195358276535.5,0.32396766156304496,0.12148519435114984
27,1.140,0.5321381075937521,0.36825363943893913,2499168209673488.5,0.30963496481040176,0.16166671531473348
27,1.120,0.4970263407054759,0.34395741559683846,2293328607892813.5,0.29004413779565774,0.21608103614896465
27,1.100,0.4596253311312815,0.3178794444401043,2081606902619379.5,0.2690728590400417,0.27416501597050735
27,1.080,0.42208577156309,0.2946551820219535,1894442497959578.5,0.2526859028179874,0.32810993784133313
27,1.060,0.3925122026843511,0.27671867213352475,1746175615132868.2,0.24019456263169683,0.37024291598610354
27,1.040,0.372602328717942,0.2652969792874319,1642514579626079.0,0.23376201762334184,0.39670938847152387
27,1.020,0.363780181180908,0.2614016609680213,1587274734526901.8,0.23434673885021465,0.4051412421974946
27,1.000,0.36686669815959316,0.2657769751452267,1582198407993250.2,0.24274919915765317,0.39393977116976453
27,0.980,0.41258613633460695,0.3110551222897717,1814709120817475.0,0.25543905940031053,0.33769044627381883
27,0.960,0.4932696791087452,0.39022537220908404,2230130747169503.2,0.26928650433411055,0.2460513056148884
27,0.940,0.5893586246910567,0.48721524344938505,2726417181878049.0,0.2752210572873397,0.1470292441242464
27,0.920,0.6666285504678097,0.5729003226951886,3137693247396236.5,0.25682279896214244,0.09011341937514902
27,0.900,0.7001534933721928,0.6219430432893065,3332243371252929.5,0.2139167569767302,0.09938877385584091
27,0.880,0.7117331652061041,0.6491213421204537,3400573368373535.0,0.1669332415918935,0.13294882638931474
27,0.860,0.7382238348891537,0.6854841407892736,3509453170182051.5,0.13387834589133085,0.1369446498501165
27,0.840,0.788025751357964,0.738682487991555,3693862099733233.5,0.12196404889356602,0.09695772816138079
27,0.820,0.8339377825399875,0.7835110787613416,3824745857848615.5,0.13005262850913013,0.04324386778894895
27,0.800,0.8361757689795511,0.7839964923314449,3733771148117853.5,0.1493918059538429,0.026125449153672094
27,0.780,0.8022952956814062,0.7487434901007696,3476732289396508.5,0.17379158830548683,0.042299229492661
27,0.760,0.7852812010870645,0.7300006117803385,3302785773383828.0,0.20147292247352258,0.036585619639165144
27,0.740,0.793429292898896,0.7365808101425003,3244858094089916.0,0.2231996429567049,0.008578278133229039
27,0.720,0.784441635472787,0.7292436031347059,3125710225454023.5,0.22367378158823667,0.01610163532635804
27,0.700,0.7518331091383902,0.6990051019975911,2912875847385938.0,0.21964705426419956,0.05217811778903858
27,0.680,0.6991678609488632,0.6471241194726455,2619630804022974.0,0.23058242775065557,0.09438065356089688
27,0.660,0.6523489735553896,0.5994093162598365,2355109005085616.5,0.255719521620776,0.11502504041179328
27,0.640,0.6529936124868659,0.5948282193536316,2266288143105589.0,0.3037943647632344,0.06373642426197529
27,0.620,0.6371921026367968,0.5778537420535469,2132815107640147.8,0.3181824512857879,0.0587012354846825
27,0.600,0.5432677027241435,0.4943975496151308,1765920502683256.8,0.24793197134889433,0.21475952413285815
27,0.580,0.536133300969135,0.4881404119496813,1685451833065377.8,0.21301455162259766,0.2514734695969157
27,0.560,0.6765955802608449,0.6112273104979188,2037672417467634.5,0.22284154772343112,0.09472694346845532
27,0.540,0.8027412633005506,0.7292392997807046,2344268835197204.5,0.1469386611589216,0.03599136458295462
27,0.520,0.7937101683566754,0.724670446687301,2243300653676952.5,0.0556542586487739,0.12364717740480825
27,0.500,0.8378369468433511,0.7439913518225623,2214529553907342.0,0.07927561137758889,0.028609818183929724
27,0.480,0.7090031797597031,0.6109646884460623,1745825917757533.2,0.18010671144859602,0.06220717959534177
27,0.460,0.5290789491993475,0.42231348875904673,1156475332157056.0,0.2975015349020175,0.14021748979515683
27,0.440,0.5631718038005954,0.4137676510054575,1083809115031789.0,0.3269640808631015,0.07648982545280676
27,0.420,0.4806733294356072,0.32997909188694086,825048164157571.2,0.26800591994568806,0.22419604983919722
27,0.400,0.5628333452423684,0.37447031150039783,891704528389514.4,0.2458703840070497,0.1703160081207972
27,0.380,0.6381451964712787,0.3625146032877345,820073336282961.5,0.2886678485449815,0.06052501092929768
27,0.360,0.6542864908205057,0.30376265555481696,650999223371570.2,0.3045098035592741,0.039500650173125006
27,0.340,0.671624011799208,0.2803712557180432,567487098642004.8,0.3128257233132306,0.011194871664757248
27,0.320,0.6625276297550066,0.23033359897494582,438784078605911.5,0.23369109148229672,0.08967680551374857
27,0.300,0.8460331022867894,0.1776561781236285,317281798444478.1,0.14186805515643874,0.008674365522106797
28,1.200,0.5639193462006201,0.3886111629476102,2751022544264706.0,0.325362113205124,0.11490431309411717
28,1.180,0.5703204433497523,0.39363223918844553,2740124524500818.0,0.3297081406365727,0.10412617174114226
28,1.160,0.5617068794051057,0.3881151965058839,2655927823462727.5,0.32547211317723007,0.11683270832970444
28,1.140,0.5384831197389475,0.3722938442753627,2503734873125715.5,0.3128250544446544,0.15246053411827706
28,1.120,0.5050919764904004,0.3492256072761896,2307393875684399.0,0.2942774702571445,0.2040956376587232
28,1.100,0.4680765746771184,0.3234481107850032,2098915407953817.2,0.27358432768082963,0.2614909977664634
28,1.080,0.4297954703759548,0.29979960962483587,1910083927403243.5,0.2569080242672086,0.3164594808060349
28,1.060,0.3987877079802778,0.2809402578434667,1756780384450973.2,0.24368228182039592,0.36075141673737304
28,1.040,0.3770475753005691,0.26828963609598516,1646019088768464.2,0.2362329850433867,0.39005430399098745
28,1.020,0.366172193314763,0.2629734359259157,1582375988621826.5,0.23559871801105148,0.4017478790361442
28,1.000,0.3670617464261399,0.2657921227435499,1567977178458914.0,0.24261552377422985,0.39411989904646744
28,0.980,0.4100658315449251,0.30904186885301477,1786656356467763.8,0.2536603517911528,0.3423324834743324
28,0.960,0.48849550117215584,0.38634354239044694,2187975840705307.8,0.26651986325603677,0.25407366532187625
28,0.940,0.5851823098283263,0.4836619889459249,2682053537748201.5,0.27318088312813743,0.1539257765400987
28,0.920,0.6677670439736515,0.5737804273138818,3114090205883240.5,0.2572531053629316,0.08946497960935393
28,0.900,0.7074621787520237,0.6283385177815696,3336059780300239.5,0.21621388516414342,0.09082187923413901
28,0.880,0.7206539474317497,0.657158242816152,3411538395974777.0,0.16913572319736822,0.12275608654241695
28,0.860,0.7443859234927556,0.6910954474354167,3506179248414232.5,0.13513093510165744,0.13023568151547488
28,0.840,0.7901104561476002,0.7405045153077968,3669480876984826.0,0.12244416700388581,0.09491935447733976
28,0.820,0.8339877150656306,0.7834005784434672,3789617453848924.0,0.1302522318471958,0.04352171587166693
28,0.800,0.8371509880560357,0.7847418012434071,3703517538838762.5,0.14980274997123824,0.025563375075753986
28,0.780,0.8033641454320112,0.7495743090297471,3449109064742191.0,0.1743191559879999,0.0419792618705724
28,0.760,0.7845481273561291,0.7291514140502784,3269105575641882.5,0.2016792209509601,0.03867422465667751
28,0.740,0.7931958163957746,0.7361880268362462,3213794486389981.0,0.22365300826715223,0.01006175553966674
28,0.720,0.788084607681905,0.732453811395857,3111074214902453.5,0.22531041466198176,0.012584563065585398
28,0.700,0.7573714557156979,0.7039862446130832,2907099156573357.0,0.22188287566884712,0.04619547091257334
28,0.680,0.703576783916413,0.6510463467128534,2611670903542275.0,0.2326748118122571,0.08968863517438731
28,0.660,0.6515394502521131,0.5985169316623002,2330333122190842.0,0.25608612279706344,0.11702910864237717
28,0.640,0.6475950735241536,0.5897793752481635,2226728084897252.8,0.3020888495326977,0.07209357650440465
28,0.620,0.6419993075193662,0.5821572577057578,2129264617248640.5,0.32148324370428116,0.05171042775830686
28,0.600,0.5536261125701909,0.5038725644426646,1783485545942889.5,0.2533994714820127,0.1995012354402863
28,0.580,0.536306671892861,0.4884327379801527,1671207556893356.8,0.21369045677985674,0.25071080788838046
28,0.560,0.6665713187108062,0.6024282239122094,1990173637661012.0,0.2202159984536426,0.10711808001013061
28,0.540,0.8086202530725063,0.7347604680914553,2340653749264433.5,0.14848037073890308,0.027589534696834207
28,0.520,0.7969078695421141,0.727585067383294,2231951496604440.8,0.05591563005565429,0.1185372645359785
28,0.500,0.8293773100366907,0.7363923624421409,2172085475638388.0,0.0780559252487764,0.035530695658335845
28,0.480,0.7160173363953463,0.6175234316144599,1748607393670885.0,0.17966210560859516,0.052780914277325834
28,0.460,0.5354550217002454,0.4289666505419343,1164069722068450.5,0.29779791521635546,0.13179460869110618
28,0.440,0.5568023852269066,0.4105273369540696,1065595530396395.6,0.3212029571248453,0.0870066737971785
28,0.420,0.4944432306185087,0.3403197226266501,843206684378013.8,0.27425729450105074,0.20142627456532644
28,0.400,0.5517297237965724,0.3671504958480139,866366681762060.5,0.23989254001312052,0.18611336360334307
28,0.380,0.6462851571685905,0.36664402774432914,821912988357815.2,0.291090056332093,0.04839847902216096
28,0.360,0.6557569798893959,0.3035129987775838,644580893493593.8,0.30327158196291654,0.03880309024451242
28,0.340,0.6687061233103835,0.27901689482791736,559637811883907.06,0.3094834243812695,0.01706331912527273
28,0.320,0.6696384932570002,0.23312998433535173,440094300799135.94,0.23453410134866418,0.0806778580754675
28,0.300,0.8503865651073867,0.17781365362482532,314690760611214.75,0.14165686056690657,0.004190448884810696
29,1.200,0.5608213020045945,0.38605085883529905,2707121403303348.0,0.32306359524150785,0.12060964962759907
29,1.180,0.5698454211221502,0.39288945921210255,2709158087575896.5,0.3288934681795459,0.10574236558606817
29,1.160,0.5645337591800826,0.389675022196306,2641450773868197.0,0.3265591812545564,0.11325800839060736
29,1.140,0.544390689232087,0.3760161289858935,2504916704872032.0,0.3157154333069117,0.14400350188271563
29,1.120,0.5130421281660631,0.3543976763501196,2319481173977934.5,0.29839462214006324,0.19235718550312442
29,1.100,0.4767118707287947,0.32912869045168447,2115633282007084.8,0.2781544818222008,0.24859101273833772
29,1.080,0.43789147066369083,0.30520049313263553,1926153747658217.0,0.26131452520364346,0.30425605377852716
29,1.060,0.4055482079319234,0.2854934824713568,1768414336191214.2,0.24742349591207383,0.3505387347412086
29,1.040,0.3820042611681647,0.27163929321501756,1650851066474954.2,0.23898523565180213,0.38262233215621394
29,1.020,0.36906322136015257,0.26489960192819045,1578932052189635.5,0.23713567972814623,0.39758408503298415
29,1.000,0.3677226704608705,0.2661431719671343,1555239550882275.2,0.24275561597776718,0.39357106372720724
29,0.980,0.40793861866186315,0.30732613297749434,1759979181219128.2,0.25209226966753717,0.3463805686249102
29,0.960,0.48388102724000276,0.38259098533748487,2146287664258023.5,0.263806610025093,0.26188772877546307
29,0.940,0.5806254132361536,0.4797973136981236,2635527967769118.5,0.2709263599619789,0.16141578182586158
29,0.920,0.6680618544076736,0.5739371368513548,3085560865926180.5,0.2573223136662328,0.09002714096194457
29,0.900,0.7142338544068054,0.6342562858084435,3335717420118957.5,0.21831803433255825,0.08301513573503004
29,0.880,0.7296678049918306,0.6652776847458123,3421114360327024.0,0.17133994090721183,0.11251054304602537
29,0.860,0.7509600493802633,0.6970863563736944,3503216659167689.5,0.1364434170650139,0.12308721082529926
29,0.840,0.7926044921147285,0.7427071949284549,3645682812080455.0,0.12297409858423634,0.09243961466308943
29,0.820,0.8342567007188626,0.7834925531510472,3754314829609179.0,0.1304717321380033,0.04357044410870077
29,0.800,0.8382545753331747,0.7856033168816732,3672613776075555.5,0.1502218310247057,0.024879658978539484
29,0.780,0.8046656662841143,0.7506180544467949,3421334781041737.5,0.17488190894230485,0.041422031018308075
29,0.760,0.7839541623031668,0.7284279258946803,3235058532887780.0,0.20190564659637675,0.040636526038854856
29,0.740,0.7927000954475871,0.7355473431752587,3180711758584645.5,0.2240215605601868,0.011918219878964914
29,0.720,0.7913671133452638,0.7353218882604572,3093797995475877.5,0.22684600083178139,0.009568030337758939
29,0.700,0.7629413023354733,0.7089881016565185,2900139913625615.5,0.22414028620688436,0.04022092925613637
29,0.680,0.708494399843557,0.6554305724450917,2604459277617419.5,0.23495328737867846,0.08438277549315082
29,0.660,0.6514197514741157,0.5982507723433662,2307327100324973.5,0.2567398581743788,0.11812348210732805
29,0.640,0.642113971968639,0.5846475500741276,2186533178168310.2,0.30035915786942,0.08057681943145587
29,0.620,0.64546326893502,0.5852301581575439,2120314831288703.0,0.32416155894789767,0.04670995561484864
29,0.600,0.5645006184215803,0.5138097379946718,1801505303145147.8,0.25916812811325535,0.18348060121173912
29,0.580,0.5376108209567523,0.4897485375572295,1659904509968388.5,0.21485152685512926,0.2483571683543124
29,0.560,0.6565338685776181,0.5936057964894906,1942531739910891.0,0.21760217755644584,0.11953647813268808
29,0.540,0.8132834196980192,0.7391788963400341,2332519496874584.0,0.14983243441056404,0.020599621829920575
29,0.520,0.8010935707356427,0.7313979311251682,2222486004003497.8,0.05625521798397387,0.1122821117650603
29,0.500,0.8206768689423977,0.7285663369808193,2128732393055564.2,0.07682850563778647,0.04272517647392675
29,0.480,0.7227114376804534,0.6237940957281249,1749703500616022.8,0.17909890816716448,0.043823116077990124
29,0.460,0.5427428258372899,0.4363978609314198,1173065894508081.0,0.2984445582933842,0.12213999119715882
29,0.440,0.5499828148951798,0.406976806615787,1046415827073226.9,0.31515575037895455,0.0983612282807383
29,0.420,0.5089070569891028,0.3512576447380606,862098796657521.5,0.28074427279662184,0.1775471468338073
29,0.400,0.5418765169056443,0.36070738775079275,843134755746784.9,0.23446408701793015,0.20005789768459975
29,0.380,0.6540229606834013,0.370569291427236,822877120468324.1,0.29328004326106727,0.0367797834459001
29,0.360,0.6569041754689141,0.3030826854470756,637596010447790.5,0.3018553476982995,0.03855293893089932
29,0.340,0.6652786827787353,0.27738489101724606,551116840785820.9,0.30582106471867454,0.023763298306933946
29,0.320,0.6772511902431909,0.2361610879231861,441611406796195.2,0.2354958753404666,0.07102709345745985
29,0.300,0.8517349280475816,0.17732335830208173,310863094576089.44,0.14091599424300122,0.003263336737257448
30,1.200,0.5572657709573169,0.38317150608095724,2660527722159322.0,0.3204772901307353,0.1270614174480377
30,1.180,0.5687031230006797,0.391679136400956,2674273263140886.5,0.32766211430643694,0.10844518669790401
30,1.160,0.5666500911463777,0.39073306760144266,2622596592977713.0,0.3271953232948408,0.11085077250671214
30,1.140,0.5497607664966842,0.3793527942250948,2502312095294899.0,0.3182468399614988,0.13645329140671114
30,1.120,0.5207714641547226,0.3594015439077749,2329116958663859.0,0.3023316310156956,0.1810339681652297
30,1.100,0.48545214945628157,0.3348666889065632,2131365686159421.8,0.2827333165089187,0.23559387457755163
30,1.080,0.44633222387903737,0.31082860982967275,1942397355104029.8,0.2658760669267077,0.2915708900169471
30,1.060,0.4127842329187685,0.29037130699009617,1780954815465356.5,0.2514077358822707,0.3396255789061533
30,1.040,0.3874845233952458,0.2753542627627873,1656984629997447.0,0.24202187228336255,0.37439922824030625
30,1.020,0.37247830292637407,0.26719794281758963,1576981572102988.0,0.23896961704646033,0.39261389397869956
30,1.000,0.368883332814455,0.2668545969877148,1544073697643946.8,0.24318823581836743,0.39224168129840403
30,0.980,0.40625266216109385,0.30594440276430457,1734849975869318.5,0.25076179735227916,0.34976081691337285
30,0.960,0.47950267604544133,0.3790285987243477,2105409360338538.5,0.26118625634710385,0.26937863028832687
30,0.940,0.5757776832013667,0.47569621275917806,2587324398277667.5,0.2684970876287137,0.16936915311585712
30,0.920,0.667512537525624,0.5733711479190893,3052228190950359.0,0.2570267798877577,0.09179948459566659
30,0.900,0.7203549805305701,0.639596431231966,3330748782101406.0,0.2201901917367062,0.07611605742567736
30,0.880,0.7386776110014834,0.6733916210316099,3428812341055549.5,0.1735193939605175,0.10233420237851659
30,0.860,0.7579105535027434,0.7034239934624896,3500329801388081.0,0.13780663001197502,0.11554440594483133
30,0.840,0.7955113999496173,0.7452940051112497,3622432073373115.0,0.12355221366885011,0.08951696388305722
30,0.820,0.8347604896824847,0.7838020541669491,3718892170946722.5,0.13071126903498242,0.043373940633048905
30,0.800,0.8394917196209511,0.7865862112435299,3641075232491359.5,0.15064716684764737,0.024070115103313004
30,0.780,0.8062160070639917,0.7518900348847913,3393456357144643.5,0.17548019731411307,0.04061070096313721
30,0.760,0.7835460434190893,0.7278738941476777,3200833414000363.5,0.20216070010287357,0.04241740675254842
30,0.740,0.7919807773398145,0.7346951767441449,3145808234677179.5,0.2243117385540384,0.014099753459066671
30,0.720,0.7942459321455038,0.7378081590801864,3073755271019706.0,0.22826353899788154,0.007106213980831709
30,0.700,0.7684647915150578,0.713938387494644,2891692512772013.5,0.22639332703665443,0.03435364228177309
30,0.680,0.7138822298482698,0.6602408306626824,2597793511246743.0,0.23740399505287538,0.0785155502080254
30,0.660,0.6520411687919013,0.5986574283039988,2286207513714712.0,0.2577011730984616,0.11824129025342542
30,0.640,0.636713344082872,0.5795812070834762,2146286063156766.0,0.2986793978190592,0.08895152860828273
30,0.620,0.6474945643378374,0.5869909315503458,2105796588868815.2,0.326166652811011,0.043830534574102874
30,0.600,0.5757174986792897,0.5240495788238918,1819352966126218.2,0.265162610706611,0.16694736012235392
30,0.580,0.5400874016266369,0.49212546619147735,1651570698730606.8,0.21651959943027818,0.2443506071469044
30,0.560,0.6467392436559102,0.5849904189756369,1895527618881989.2,0.21508460466232124,0.13163989938681347
30,0.540,0.8165001030437506,0.7422831720704253,2319298842789763.5,0.15095141499423598,0.015306647263747693
30,0.520,0.8062054815517514,0.7360521103962706,2214650722248832.2,0.056669631011052296,0.10494536126542618
30,0.500,0.811938099956629,0.7206925757921482,2085035189442795.8,0.07561401564073675,0.04996267080404376
30,0.480,0.7289848283648104,0.6296853830837651,1748872649814318.2,0.17840260458121818,0.035464313142163244
30,0.460,0.5508191671284546,0.4445100925723397,1183130892298319.5,0.2993631077621808,0.11147520956774346
30,0.440,0.5431577318677491,0.40343807733823256,1027124050273948.4,0.30908557790168545,0.10983132170654054
30,0.420,0.5236111510281766,0.3624899617698463,880924343135484.4,0.2872051382161397,0.15330564676956557
30,0.400,0.533611704036082,0.35536859868589044,822493316425395.5,0.22972426567464327,0.2116523253364947
30,0.380,0.6608321764212769,0.37400227318488044,822339544354762.8,0.2950049688885554,0.026439824014055847
30,0.360,0.6577664220935777,0.3024955555101153,630107770404987.9,0.30028676140178895,0.03868168216925857
30,0.340,0.6616208164941605,0.2755882269116116,542166793083979.5,0.30197287415627555,0.03088034321751951
30,0.320,0.6851531895009573,0.23935369048247682,443183357024968.94,0.2364995364108587,0.06101788041516898
30,0.300,0.8498359350940682,0.1761472127294313,305766827132449.9,0.1396181364718134,0.006168152711714656
31,1.200,0.55330623201444,0.3800118012599077,2611599819101965.5,0.31763453157849975,0.13417378603641764
31,1.180,0.5669097498808988,0.39001471027111295,2635671587980308.0,0.3260242058379317,0.11220671688202045
31,1.160,0.5680133670971693,0.39126224496404616,2599286981673601.5,0.32735634344702247,0.10967571977741676
31,1.140,0.5544987437727541,0.38224027601019134,2495569086942640.5,0.32036366728435645,0.12995819231730824
31,1.120,0.5281680324034161,0.3641609352891087,2335821644486960.5,0.30602108847725207,0.17030397364494618
31,1.100,0.4942049654795589,0.3405986676601426,2145674944585790.5,0.28726318138791396,0.22264908971275085
31,1.080,0.45506266583847826,0.316645491664902,1958508065825378.0,0.27055512837561524,0.2784966830275667
31,1.060,0.42047615585755854,0.29555962352847387,1794234775930141.2,0.25561801247701205,0.32804921020559114
31,1.040,0.3934941073206023,0.27943833670318546,1664361368627743.8,0.2453415622896212,0.3653815463539364
31,1.020,0.37643876584013564,0.2698835764649197,1576539761572995.2,0.24110966492487892,0.3868079490493785
31,1.000,0.3705751959093553,0.2679491184620327,1534548547755420.5,0.24393009844952834,0.3900847014861125
31,0.980,0.4050538249139482,0.3049314067808095,1711419724475326.2,0.24969413517079167,0.35240361670004233
31,0.960,0.4754357625105937,0.3757163614621329,2065663810176362.8,0.2586975198553488,0.2764337862752311
31,0.940,0.5707388805391623,0.47144190271618536,2537957436985125.0,0.26593740994022796,0.17764171898202455
31,0.920,0.6661444721447111,0.5721053579395388,3014339345955055.5,0.25637302569400383,0.09474608643905807
31,0.900,0.7257219081954414,0.6442679320797331,3320758742151220.5,0.22179433858247943,0.07025874111947117
31,0.880,0.747576054587782,0.6814028354843841,3434115585507675.5,0.17564493194474587,0.09236120423935822
31,0.860,0.7651908544983428,0.7100654142781522,3497237373385147.0,0.13920918511914623,0.10766531811497086
31,0.840,0.7988280087964202,0.7482621637606186,3599659083026935.0,0.12417568057330433,0.08615775662771559
31,0.820,0.8355117931359897,0.7843412951383943,3683386002134639.0,0.13097039119907505,0.04291979734383171
31,0.800,0.8408652760971361,0.7876934998237237,3608905819638754.0,0.15107630413030196,0.023133518123521327
31,0.780,0.808027572643922,0.7534020890618564,3365500990858758.0,0.17611335267555117,0.0395332815292875
31,0.760,0.783370467443813,0.7275330220828107,3166610172692198.5,0.2024527246317406,0.04396242386910469
31,0.740,0.7910868559595169,0.7336775560146961,3109318804922080.0,0.2245327806839222,0.01654601678111049
31,0.720,0.7966894729691896,0.7398838545634674,3050874527045814.5,0.2295489172843751,0.005238691000724989
31,0.700,0.7738601709301938,0.7187613210332461,2881449669973202.0,0.22861424349456505,0.02869745601881511
31,0.680,0.7196863644863126,0.6654269419051998,2591418729702588.0,0.2400074327137699,0.07215940751151091
31,0.660,0.6534422921213614,0.5997717668420202,2267035149768090.5,0.2589855000895566,0.11733342464976652
31,0.640,0.6315563130729509,0.5747287822573224,2106547328336732.0,0.29712434897941614,0.09698369433681453
31,0.620,0.6480648476332259,0.5874136603652741,2085758544248508.8,0.32747736054167065,0.04311251643214944
31,0.600,0.5870621862724775,0.5343952824683935,1836293791924721.2,0.2712877591500065,0.15021053811932883
31,0.580,0.5437580519072365,0.49558285882125946,1646161992186412.8,0.21870907478090884,0.23865671423963505
31,0.560,0.6374347238361096,0.5768050016670739,1849887614211900.5,0.21274601726992873,0.1430959665097726
31,0.540,0.8180884547653449,0.743906010432383,2300594766069886.0,0.15180206751191352,0.011938535280366596
31,0.520,0.812143714162724,0.7414558435515095,2208090838769223.8,0.057152862491134264,0.09663328281196602
31,0.500,0.8033631306526183,0.7129500194945119,2041537630944891.8,0.07443258739796076,0.05700977677026524
31,0.480,0.7347440629280327,0.6351120342308182,1745902067470005.0,0.17756172542401064,0.02782385911685502
31,0.460,0.5595241633191934,0.4531747719134125,1193855752804511.8,0.3004591249855071,0.10007906085492686
31,0.440,0.5367564593573472,0.40022624170227594,1008524695514305.8,0.3032403316895061,0.12071993452873844
31,0.420,0.5379989569085089,0.37363852312225254,898729996426802.2,0.29332765684342427,0.12961919047945233
31,0.400,0.5272214396705966,0.35132810710178447,804824497476517.6,0.22578654884802105,0.22047473801375905
31,0.380,0.666158009657301,0.37664056605940366,819669906197398.2,0.29602342128933723,0.018194025958109043
31,0.360,0.6584301824382165,0.3017980835411584,622224744943384.6,0.29861288104211736,0.03905087544865532
31,0.340,0.6580454408159767,0.273754269221081,533050208761023.8,0.29808573438525415,0.037952288687942114
31,0.320,0.693122956662619,0.24263001269035228,444654609953333.5,0.23746690367836337,0.0509550912871296
31,0.300,0.8447480151326282,0.17431057543474485,299483769822180.7,0.1377866900739615,0.012826768656007811
32,1.200,0.5490068132228768,0.3766176447669937,2560737712502664.5,0.31457264714342986,0.1418444371445711
32,1.180,0.564498801229504,0.3879215555165447,2593636493133101.0,0.3239999176431067,0.11697178716665661
32,1.160,0.5685993175283215,0.39124825403208524,2571541811363996.5,0.3270289300904294,0.10976839229501059
32,1.140,0.5585197990594924,0.38462212603104234,2484404480331750.0,0.32201651041684026,0.12465025888060857
32,1.120,0.5351165718617219,0.36859769491427974,2339127129265745.5,0.3093941704089188,0.16034953860140666
32,1.100,0.502865325533095,0.3462528689656746,2158088517485527.8,0.2916793925249973,0.2099253695237609
32,1.080,0.46401313709314673,0.32260272667183953,1974126496304429.8,0.2753054633499789,0.265149144639927
32,1.060,0.4285924821634155,0.30103609261564174,1808038282880547.8,0.2600298237982382,0.31586608504827157
32,1.040,0.4000308690372948,0.2838897491570726,1672885584002059.0,0.24893760441462165,0.3555790261473792
32,1.020,0.3809612134002942,0.2729682439685807,1577594872159179.2,0.24356141855325092,0.380145170619848
32,1.000,0.3728267293197263,0.26944728696746484,1526711592991513.5,0.24499543237570623,0.3870586241330916
32,0.980,0.4043852256673517,0.3043197914222229,1689816169962862.2,0.24891236456314528,0.35424438920784856
32,0.960,0.47175329543914185,0.37271239030992803,2027347761412774.2,0.25637759718201286,0.2829448036632044
32,0.940,0.5656158411499069,0.46712338758645855,2487955760324718.0,0.26329497982740513,0.18607963948206863
32,0.920,0.6640089976944124,0.5701849568321313,2972259821425053.5,0.2553778101366057,0.09879551535573099
32,0.900,0.7302463325426279,0.6481934864388327,3305448235337107.5,0.22309920306591666,0.06555684601302735
32,0.880,0.756247997154425,0.689207097311072,3436494091314526.0,0.17768534699701774,0.08273484032604245
32,0.860,0.7727431618699816,0.716957350272185,3493614336101829.0,0.1406374095331799,0.09952116369652635
32,0.840,0.8025438248378977,0.7516020648133108,3577259443983685.5,0.12484035649477611,0.08237694072024887
32,0.820,0.8365197835605365,0.7851191876179189,3647813547753753.5,0.13124796824973256,0.04219989046446524
32,0.800,0.8423754642618675,0.7889257628778745,3576097192890305.5,0.15150615852126287,0.022071961064044462
32,0.780,0.8101082342219187,0.7551618561913379,3337473578814632.5,0.17677949630408205,0.03818357045036212
32,0.760,0.7834726759593195,0.7274476569648122,3132553738426633.0,0.20278951669107256,0.0452195842987293
32,0.740,0.7900764347002478,0.7325489597778743,3071507386161695.0,0.22469640148856437,0.0191859184072556
32,0.720,0.7986800904521284,0.7415332516701741,3025145830012303.0,0.2306916335410265,0.00398764541551663
32,0.700,0.7790448568634081,0.7233804854010242,2869115402662217.5,0.2307743555266049,0.023357052724592625
32,0.680,0.7258373365903235,0.6709244251547101,2585030691585366.5,0.24273828614868412,0.06540683653980472
32,0.660,0.655646932888803,0.6016150423824902,2249809831971551.5,0.26060231636738845,0.11537129747398849
32,0.640,0.6268004955299629,0.570233571126236,2067835295993004.8,0.29576686535851704,0.10444798766027401
32,0.620,0.6472123349658863,0.586532980190677,2060474835640107.2,0.32810530458397685,0.04449788527273433
32,0.600,0.5982828240794766,0.5446160014619242,1851504773015585.5,0.27742975904255535,0.13363342248124047
32,0.580,0.5486205094050144,0.5001181437610566,1643553299023589.2,0.2214252391871065,0.23127413290604076
32,0.560,0.6288503293172958,0.5692572166625307,1806257903125653.8,0.21066460714595292,0.15359362927205134
32,0.540,0.8179345031160491,0.7439416690088445,2276228374829012.0,0.15236096053218806,0.010642656999766444
32,0.520,0.8187678263239262,0.7474802956709509,2202349705592348.8,0.0576960977379626,0.08749795506932997
32,0.500,0.7951458517185598,0.7055102122026604,1998740889296395.2,0.07330311590262484,0.06363942268653676
32,0.480,0.7399053380668439,0.6399970245467358,1740613632332868.8,0.1765682155074433,0.02100662661253505
32,0.460,0.5686663841875916,0.4622353911524478,1204770193163478.0,0.30162627360187433,0.08827769485707368
32,0.440,0.5311694653634452,0.3976320503556374,991327713321325.5,0.2978392332424054,0.13039449921749652
32,0.420,0.5514444133815893,0.38427123659298507,914471882468143.1,0.29876963717908556,0.10752135873203333
32,0.400,0.5229360070073396,0.34874385513199,790405117983394.1,0.22273729376244902,0.2261848984263789
32,0.380,0.6694783951418002,0.37820150344114145,814310502027245.6,0.2961128539846183,0.012813271403558845
32,0.360,0.6590255204250106,0.3010569219632129,614093225099526.0,0.2968993116618903,0.039459329713691094
32,0.340,0.6548745480735904,0.27201418439823644,524026990859556.94,0.2943070552831588,0.044506174722066506
32,0.320,0.7009408258632274,0.2459112556916681,445873410431513.0,0.2383223628167577,0.04114012411087469
32,0.300,0.8368524060059821,0.17190518971907606,292208894355512.9,0.13549748756488328,0.02278327975510963
33,1.200,0.5444405148843986,0.37304086741173764,2508370966969042.5,0.31133385339073216,0.14995747118545444
33,1.180,0.5615204124059846,0.38543644981040626,2548524992021278.0,0.3216189891496303,0.12265917674739067
33,1.160,0.5684039387277274,0.39069090413863444,2539483507190720.5,0.3262117473701787,0.11113210933119233
33,1.140,0.5617532971135824,0.3864520085830549,2468621614900308.5,0.3231647135487962,0.12063842141178605
33,1.120,0.5415026736411954,0.3726346698554874,2338597003399997.5,0.3123831450106382,0.15135069033161652
33,1.100,0.5113174383172011,0.3517504705848139,2168110832757362.8,0.29591139196530075,0.19760768245733643
33,1.080,0.4730987727205044,0.32864159034330936,1988842473286553.8,0.2800718636345634,0.2516677860645235
33,1.060,0.43708816946476386,0.3067690076063691,1822096834947652.2,0.26461020788047834,0.3031544152019878
33,1.040,0.4070831007149711,0.28870001851815186,1682419363380528.8,0.2527969042064359,0.3450172379334215
33,1.020,0.38605630950991515,0.2764594593865441,1580104221123315.0,0.24632613347469876,0.3726147338900239
33,1.000,0.3756626808064575,0.27136697068542476,1520586371194104.8,0.24639545118161368,0.38312873253375485
33,0.980,0.40428679101579423,0.3041397964977445,1670142139102698.2,0.2484371087027682,0.3552243532011652
33,0.960,0.4685249540142803,0.37007214131009664,1990727120890461.0,0.254261530350127,0.2888091083372996
33,0.940,0.5605194705465008,0.462832974215098,2437845918742093.0,0.26061927768277565,0.19452389032934794
33,0.920,0.6611822317458239,0.5676763869866814,2926461157416235.0,0.25406766552318943,0.10384266103783031
33,0.900,0.7338605721759711,0.6513141779060874,3284635244330472.0,0.22407995823096352,0.062096851456621124
33,0.880,0.7645737186245839,0.6966961226205726,3435422634874912.5,0.17960819034025355,0.07360349533241262
33,0.860,0.7804985727480457,0.7240363103845552,3489095887439977.5,0.1420753676440334,0.09119614730003361
33,0.840,0.8066405240981669,0.7552968129884708,3555093647520935.0,0.12554069689642766,0.0781986262417181
33,0.820,0.8377896502008074,0.7861409291410356,3612171545157858.0,0.1315421117092545,0.04121089534749449
33,0.800,0.8440196401562681,0.7902809365989807,3542628400417827.0,0.15193296920094107,0.02089112392097952
33,0.780,0.8124606033620325,0.7571721070262587,3309354691448998.5,0.17747536157049032,0.0365620109219106
33,0.760,0.7838949945292514,0.7276574369471933,3098808023066150.0,0.20317791768130725,0.04614116391633206
33,0.740,0.7890150572679199,0.7313707573463832,3032657873931188.0,0.2248163336576993,0.021939817949286664
33,0.720,0.8002158535354515,0.7427553005456692,2996624757568047.0,0.23168537045117998,0.0033557870490700165
33,0.700,0.7839390049382328,0.7277221535922982,2854419129127765.0,0.23284510224547741,0.01843348200486071
33,0.680,0.7322507231910036,0.6766550859285061,2578281724422776.5,0.2455655038353217,0.058369493309666454
33,0.660,0.6586621058706174,0.6041930667865442,2234466150391588.8,0.26255419738896724,0.11234950069053967
33,0.640,0.6225930654477457,0.566229222239197,2030609248891922.5,0.29467552992170587,0.11113485218126855
33,0.620,0.6450417109104091,0.5844439568075956,2030433026489148.5,0.32809537869884614,0.04783050750437445
33,0.600,0.6090983962542249,0.5544543005826988,1864108187049812.0,0.2834594348407278,0.11762191213682734
33,0.580,0.5546441683892085,0.5057027487829245,1643529163939209.8,0.22466230545863383,0.22224088808678158
33,0.560,0.6211921616168014,0.5625334039771738,1765185903613854.2,0.2089118174006855,0.16285220662457614
33,0.540,0.8160069857661013,0.7423595400668856,2246271055030131.8,0.15261941493737766,0.011467260615350668
33,0.520,0.8258961460436721,0.7539589508871251,2196874015937779.5,0.058287636310199446,0.07773850830168809
33,0.500,0.7874649521790698,0.6985310886589007,1957085732628466.8,0.07224266716153123,0.06963911039339282
33,0.480,0.7443963336132028,0.6442732574518508,1732867870482484.2,0.17541760865202918,0.015100534265849432
33,0.460,0.5780320913594483,0.47151460203568424,1215366007503476.0,0.3027524362334274,0.07642812168260212
33,0.440,0.5267320408624317,0.39590942095674625,976118670647286.6,0.2930640897965038,0.1383143291381925
33,0.420,0.5633101539161489,0.3939410038006496,927117085645035.0,0.30319235245540355,0.08806682298866893
33,0.400,0.5209270330100593,0.34773612682273203,779406298243164.0,0.22063503763938228,0.22852881981238085
33,0.380,0.6703780147666671,0.3784631483436559,805863158248256.8,0.295101973016846,0.010915467198851779
33,0.360,0.6597144395281709,0.30035322518835234,605883195955385.5,0.2952242437164411,0.03966057095366558
33,0.340,0.6524132800844268,0.27049186312340506,515332140258107.44,0.2907725882688123,0.050096531165837975
33,0.320,0.7083978505117202,0.24912051110981318,446697551168218.56,0.23899589323539452,0.031858760539294366
33,0.300,0.8268210666099447,0.16908089373508625,284229987894432.4,0.13287153677918634,0.03524303371938723
34,1.200,0.5396871733482701,0.36933778760623126,2454945796952834.0,0.30796400280124536,0.15838671267436938
34,1.180,0.5580399599024107,0.3826065399486942,2500755973281395.5,0.3189198088816953,0.12916396907623634
34,1.160,0.5674446081595256,0.38960479666739656,2503336332779055.0,0.32491597111886267,0.11373639179582636
34,1.140,0.5641469147932364,0.3876964845433303,2448125246869896.0,0.32377871670798214,0.11800209087236158
34,1.120,0.5472176406402476,0.3761990531011465,2333848383615901.0,0.3149242586530733,0.14347743615759995
34,1.100,0.5194375095767351,0.35700754998171563,2175239115091339.0,0.2998845172817417,0.18589266663888215
34,1.080,0.4822195707802379,0.3346931493766109,2002200183985289.5,0.2847903508444313,0.2382155944371457
34,1.060,0.4459031125133364,0.3127162805884086,1836087084092659.5,0.26931692669990664,0.2900164240253229
34,1.040,0.41462771889732103,0.29385269808459535,1692777743268591.2,0.2568988887923825,0.33374041472201665
34,1.020,0.39172734918507374,0.2803595100265988,1583989806325874.5,0.24939980315052745,0.36421837381251637
34,1.000,0.3791031777199162,0.2737227234715318,1516169551889411.8,0.24813772002476814,0.37826859443477867
34,0.980,0.40479476756774213,0.3044189031970595,1652473908155659.0,0.24828616904440562,0.355291347688484
34,0.960,0.46581623726850824,0.36784775112800533,1956033356680047.0,0.25238166490279096,0.29393130200803524
34,0.940,0.5555618440268434,0.458663880777245,2388137417530578.0,0.25796016712034503,0.20281457958191837
34,0.920,0.6577626524436205,0.5646652466872951,2877503130631848.0,0.2524779281681646,0.10975226301699913
34,0.900,0.7365222366908427,0.6535935928863283,3258271081949784.0,0.22471972204550797,0.05993216163185395
34,0.880,0.7724330228921176,0.7037613136048346,3430401709139656.5,0.18138080454083574,0.06511555805928199
34,0.860,0.7883776505912495,0.7312291285646254,3483283742270933.5,0.1435049802207355,0.08278671258873471
34,0.840,0.8110915900486881,0.7593218945967078,3532987713034375.5,0.12626969123278503,0.07365648227381555
34,0.820,0.8393222279668531,0.7874076608555965,3576435577731874.5,0.13185010851246257,0.03995471415683749
34,0.800,0.8457921608174174,0.7917541908471273,3508466031664636.5,0.15235227190290945,0.019600431972276268
34,0.780,0.8150814048874218,0.7594301681530677,3281099241037465.0,0.17819613954827498,0.034676422310698396
34,0.760,0.7846753654984918,0.728197934718317,3065490350958949.5,0.2036233974934567,0.04668551893336206
34,0.740,0.7879736845625959,0.7302093230789246,2993064056964051.0,0.22490775506082852,0.024722159088544967
34,0.720,0.8013115956902501,0.7435645802668142,2965432948932650.5,0.2325283702283543,0.0033251905717119343
34,0.700,0.7884694101796494,0.7317189132928174,2837130019620356.0,0.23479921132864032,0.014019313059731349
34,0.680,0.7388286348651992,0.6825284251499852,2570789835433461.5,0.248452677472599,0.05117618870146646
34,0.660,0.6624761276664222,0.6074944937339983,2220870317796609.0,0.2648358905930976,0.10828828825281249
34,0.640,0.6190665883927807,0.5628359406807962,1995256408725329.5,0.2939126144476803,0.11685646459715891
34,0.620,0.6417183427890998,0.5812967833777448,1996303313376018.5,0.3275233869329822,0.05286479056575611
34,0.600,0.6192119881003577,0.5636382991905777,1873219475547926.0,0.2892379809770011,0.10260542823602987
34,0.580,0.5617652614378265,0.5122776686140511,1645774527524210.8,0.22840123153521946,0.21164127474879418
34,0.560,0.6146375587419037,0.5567941012835979,1727108298885337.8,0.2075506879842211,0.170628056470215
34,0.540,0.8123654780621254,0.7392116598687529,2211054699132596.0,0.15258529015242928,0.014350833863689554
34,0.520,0.8333076824173321,0.7606893713162841,2191026398087521.0,0.05891298592349574,0.06759950004672594
34,0.500,0.7804780896091286,0.6921517756918025,1916938853816503.5,0.07126601401596444,0.07481799289702656
34,0.480,0.7481574944698198,0.6478847761908432,1722566237836641.5,0.17410903442395345,0.010174868833657497
34,0.460,0.5873985852133901,0.48082488847345983,1225128631507842.2,0.3037275401541601,0.06489531983588843
34,0.440,0.5237145030293852,0.3952674635413151,963342369271509.6,0.2890547093431405,0.1440472221935663
34,0.420,0.5730259298208632,0.4022396395707004,935774218030048.6,0.30630362203310446,0.07220288140742252
34,0.400,0.5213038976967477,0.3483853030225936,771892347218381.8,0.21950955338581496,0.22734467653241744
34,0.380,0.6686216610379062,0.37730469272835215,794168618026705.2,0.2929019047649539,0.01285749555666145
34,0.360,0.6606726970329594,0.29977413367474937,597769256920397.4,0.29366981893106336,0.03938957162204531
34,0.340,0.6509252975001164,0.2692934680671415,507156101449913.9,0.28759540680505774,0.05434128306700383
34,0.320,0.7153014240987157,0.2521846300688768,446997928666676.0,0.23942488254603173,0.02337349487438253
34,0.300,0.8155372552214296,0.1660279097417362,275892105326553.66,0.13006039606441872,0.04916682085171381
35,1.200,0.5348312888015532,0.3655676860884069,2400912153798030.0,0.30451125624420017,0.166999216768855
35,1.180,0.5541360337481771,0.3794878795156792,2450795876861042.0,0.3159481297096224,0.1363609000908405
35,1.160,0.5657601696369879,0.38801929208186886,2463420393528530.5,0.32316520540198324,0.11751703376018972
35,1.140,0.5656701382435683,0.3883373415619472,2422932016915212.5,0.32384199532844377,0.11678581229144139
35,1.120,0.5521637827271025,0.37922600175930604,2324573882998963.0,0.3169608347429617,0.13688142956281157
35,1.100,0.5270976296003911,0.3619377845439825,2178982955343993.0,0.3035223958519444,0.1749823470397365
35,1.080,0.49126135751958777,0.34067898513717054,2013707207659060.8,0.2893889215650707,0.22497726820084682
35,1.060,0.45496097262753726,0.3188246740162533,1849630651496442.5,0.2740978932571351,0.27658001109298563
35,1.040,0.4226283896223242,0.2993220874383301,1703724343393263.2,0.26121441317476185,0.3218143453636383
35,1.020,0.39796861408171413,0.2846643073409061,1589133607995365.2,0.2527721197421102,0.35497301066516723
35,1.000,0.3831626269939549,0.2765250106093971,1513427572298867.5,0.2502254003056238,0.3724618775916708
35,0.980,0.40594115496853606,0.30518142480962823,1636859473237667.2,0.2484741156644719,0.3544007729241177
35,0.960,0.46368776183483074,0.36608749842880767,1923460869829030.2,0.2507671879244663,0.2982242846276607
35,0.940,0.5508535526460935,0.45470805391880514,2339309715069485.0,0.2553665570329935,0.21079489137227927
35,0.920,0.6538676464073386,0.5612533111069653,2826011779062178.5,0.2506513418081501,0.11636385331747989
35,0.900,0.7382178519210618,0.6550210095520752,3226450181471274.0,0.22501071915520887,0.05907861069840218
35,0.880,0.7797100787860431,0.7102981618727334,3420980409399118.5,0.18297153913007427,0.05741346487360991
35,0.860,0.796291576837395,0.7384540407117917,3475754924005599.5,0.14490625927095196,0.0744001172190052
35,0.840,0.8158621418453381,0.7636450269111037,3510734912435425.5,0.12701883342683587,0.06879390858028687
35,0.820,0.8411137184156248,0.7889162119935234,3540559990444791.0,0.13216837077227964,0.03843879468232652
35,0.800,0.8476843570225183,0.7933379082225603,3473564902669614.5,0.15275889391764083,0.01821308512325794
35,0.780,0.8179609857364882,0.7619274738143743,3252635971873780.0,0.17893535762431953,0.032542559648381965
35,0.760,0.7858459138432841,0.7290993344882998,3032686502132278.0,0.204129642011883,0.046818839509941756
35,0.740,0.7870264138474612,0.7291339153519487,2953019016364633.5,0.22498662629514068,0.027444407658150347
35,0.720,0.8019991270988891,0.743991473692003,2931755031122620.5,0.23322356716534232,0.003857197541720619
35,0.700,0.7925734908235912,0.7353133617407216,2817070540708091.5,0.23661192151689592,0.010193720550094269
35,0.680,0.7454622159053547,0.6884439804880133,2562151133581650.5,0.25135877963955033,0.04396959032070578
35,0.660,0.6670569315930747,0.611489308857559,2208818484736760.0,0.2674334519759746,0.10323574800367338
35,0.640,0.6163356251051618,0.560157401534228,1962082557531388.8,0.29353234714417825,0.12145157044495733
35,0.620,0.6374575663901817,0.5772869964608145,1958892884595722.8,0.3264911520847706,0.059281612111946845
35,0.600,0.6283289793472857,0.5718983177714643,1878007376097921.2,0.2946251180160618,0.08901064809269757
35,0.580,0.5698820516784526,0.5197490496021545,1649866945323008.0,0.23260746217827322,0.1996127716508483
35,0.560,0.6093317679015205,0.552170936024052,1692344579324594.8,0.206634656479908,0.1767192534619781
35,0.540,0.8071602362115363,0.7346326819367586,2171156999898773.0,0.15228329598676962,0.01912140276142343
35,0.520,0.8407474299682395,0.7674380596976837,2184106952385901.0,0.059555186283032815,0.057365475854123237
35,0.500,0.7743172422319015,0.6864884517562959,1878583330786484.0,0.07038529689903325,0.0790127066158049
35,0.480,0.7511429002687039,0.6507876155981067,1709652089383928.8,0.17264510869385477,0.006279209030586065
35,0.460,0.5965508047224614,0.48998219746329785,1233574425450604.8,0.304452430882582,0.05402458147983887
35,0.440,0.5223172375131264,0.39586586771564464,953296411914161.2,0.2859073812871987,0.14727793381618384
35,0.420,0.5801738110102961,0.40885788937388096,939829119463798.8,0.3079026879263452,0.06062958629145998
35,0.400,0.5241075564866436,0.3507277675691109,767816368783651.6,0.21935994182113108,0.2225726763147381
35,0.380,0.6642091688182252,0.3747364548838869,779357581899905.9,0.2895283614036596,0.01865359179156818
35,0.360,0.6620666628051785,0.29940221441126114,589908607469369.4,0.29231165989146235,0.03839641731471209
35,0.340,0.6506113270990695,0.268498453194423,499629334931041.2,0.2848569288350854,0.05695249338355996
35,0.320,0.7214775687895427,0.25503501538830076,446659951187449.25,0.23955475277023422,0.015920445614553417
35,0.300,0.8039887220597993,0.16295411463993548,267555455007997.12,0.12722778787119626,0.06339661026527857
36,1.200,0.5299598386970333,0.36179128307339437,2346711460445388.0,0.30102475314895205,0.17565878296812823
36,1.180,0.549897925101754,0.37614364415583934,2399142722470955.5,0.31275550557485454,0.14410845756121746
36,1.160,0.5634099628875587,0.38597775064492196,2420140667238151.5,0.3209947718952096,0.12237784873752622
36,1.140,0.5663168039506088,0.38837324901962106,2393175284184146.5,0.32335240346584004,0.11699547809292546
36,1.120,0.5562597823941535,0.3816622771306111,2310561907434626.0,0.31844636309448104,0.13168759977600908
36,1.100,0.5341706911311476,0.3664558393716471,2178886865756645.5,0.30674991233541715,0.16507627601026675
36,1.080,0.5000978487096136,0.34651267005639663,2022847876247266.8,0.29378895492908425,0.21215571002634523
36,1.060,0.46416857208381873,0.32502943006626545,1862296816922920.8,0.27889097574115607,0.2629994755803305
36,1.040,0.43103370658849766,0.3050719862776978,1714967990181458.0,0.2657047363180058,0.30932913563147396
36,1.020,0.4047635346277603,0.2893621039730709,1595372768152832.0,0.2564253389321746,0.3449136529881486
36,1.000,0.38784838757429757,0.27977927355232973,1512292810703109.2,0.2526563608886115,0.36570451610377
36,0.980,0.4077530172505009,0.3064480081651179,1623316593269371.8,0.24901180805020548,0.35251671400840756
36,0.960,0.46219466754452515,0.36483535296929265,1893165134805069.5,0.24944372564117165,0.30161020315805226
36,0.940,0.5465013909592557,0.45105427327152564,2291801527975544.0,0.2528852181937744,0.21831451662328866
36,0.920,0.649629309443278,0.5575549189488802,2772654964784481.0,0.2486363472335916,0.12349770747317658
36,0.900,0.738965079260746,0.655613338126719,3189412113110631.0,0.2249549850646409,0.05951183003719866
36,0.880,0.7862987701254835,0.7162111092666971,3406779887619809.5,0.184351091073271,0.050627162866533904
36,0.860,0.804143946358699,0.7456223557740601,3466073129309631.5,0.14625767211339882,0.06615225339595417
36,0.840,0.8209090024000825,0.7682262316621863,3488098720121709.0,0.1277781359814421,0.0636639258242248
36,0.820,0.8431555214015394,0.7906589483698928,3504478437905674.0,0.13249240550564012,0.036676318663249136
36,0.800,0.8496846274252151,0.795021776465386,3437869293562630.0,0.1531469740299985,0.016745943202917103
36,0.780,0.8210829979335392,0.7646492803905578,3223867886688088.5,0.17968480126173744,0.030184456691498412
36,0.760,0.7874315846365935,0.7303851779892163,3000446538324652.0,0.20469815680349998,0.046516796866579
36,0.740,0.7862480447032603,0.7282144175653171,2912804535590501.0,0.22506896794359088,0.03001816032373365
36,0.720,0.8023265559643217,0.7440815141897854,2895831986920198.5,0.23377845503105119,0.004893438935428424
36,0.700,0.7962030598805253,0.7384615953084489,2794128039472176.5,0.23826216846867415,0.007017876875727905
36,0.680,0.7520352124532701,0.6942946501418996,2551955405129499.5,0.2542392884115657,0.03690157712303422
36,0.660,0.6723507491290108,0.6161276630173128,2198036972006771.2,0.2703235106162737,0.09726946333556573
36,0.640,0.6144940171666083,0.5582782941090446,1931305895154758.2,0.29357945074508934,0.12478932592211978
36,0.620,0.632510503398655,0.5726425433715745,1919091353972619.8,0.32511976783201363,0.06670935461571352
36,0.600,0.6361789574271163,0.5789869144783715,1877761144646861.0,0.299489188976414,0.07722979968369631
36,0.580,0.5788506727763869,0.5279843773473848,1655272177152408.5,0.2372288461290503,0.1863520912032611
36,0.560,0.6053856912110241,0.5487644837849233,1661094622606040.8,0.2062066697896817,0.18096885864832007
36,0.540,0.800623491262799,0.7288320574146246,2127362874266828.5,0.15175373961336763,0.025506198783834363
36,0.520,0.847935702804738,0.7739490057796332,2175384549626648.5,0.06019541116605017,0.04735094235204131
36,0.500,0.7690851610732566,0.6816311937277241,1842212864336087.5,0.06960979497948634,0.08209202844717518
36,0.480,0.7533209488970669,0.6529504852507158,1694110896011150.5,0.1710317741557359,0.003442649230238309
36,0.460,0.6052993529924037,0.49882107327689207,1240289232823630.8,0.30484769873107337,0.044112265806954105
36,0.440,0.5226686018037477,0.39781225288459215,946130801827099.1,0.2836752058815814,0.1478117020758257
36,0.420,0.5845600573265816,0.4136377016342636,939052246720864.2,0.3079158671773732,0.05368145139764159
36,0.400,0.5293006465208763,0.3547491584236506,767011215770735.8,0.22015134745631512,0.21427055865292557
36,0.380,0.6573958848726552,0.37091070357670575,761856736768772.2,0.2851080798842554,0.027943827897749237
36,0.360,0.6640274758832018,0.2993039321636778,582418649060471.6,0.29120765255474257,0.03648363658821678
36,0.340,0.6515921631820145,0.26815263564028474,492812070337921.5,0.2826005161994693,0.057760104824198674
36,0.320,0.7267712112767317,0.2576077948292435,445583733096344.94,0.23933889415313606,0.009709020853344639
36,0.300,0.793157958311175,0.16006242201001222,259555949584156.38,0.12453156826831437,0.07678411589093914
37,1.200,0.5251601852912253,0.3580692928057421,2292765540760572.0,0.2975533431294106,0.1842293041188151
37,1.180,0.5454228075285006,0.3726421504541532,2346309537798646.5,0.3093975573943311,0.1522534441244131
37,1.160,0.5604718703282927,0.3835361036555572,2373971836665977.0,0.3184504224097378,0.1281939627176634
37,1.140,0.5661064268765454,0.38782056751298777,2359103582754476.5,0.3223227769349388,0.1185964944659531
37,1.120,0.5594456939603417,0.38346960684652204,2291713336757548.0,0.3193473190593286,0.12798643865346215
37,1.100,0.5405361408873495,0.37048130239970234,2174554522395327.8,0.30949661804863704,0.1563624288185629
37,1.080,0.5085939505887355,0.35210209051925595,2029101072258792.0,0.29790735380924466,0.19996657048011576
37,1.060,0.4734161032346638,0.33125446910039025,1873608865820949.2,0.28362432674517485,0.24945490732050277
37,1.040,0.4397755878382981,0.31105460653794736,1726160991261054.5,0.27032067474282956,0.2964015669327874
37,1.020,0.4120827116964882,0.2944321145992054,1602494955608143.0,0.2603330903762714,0.33409648318767504
37,1.000,0.3931592003911781,0.2834848229737697,1512659342995484.2,0.25542215304894655,0.3580072437416156
37,0.980,0.4102516291849588,0.3082350131339432,1611830489594026.5,0.24990582350556861,0.3496133113210957
37,0.960,0.46138607837794887,0.3641305705586177,1865261369881749.0,0.24843297399181408,0.3040213051991474
37,0.940,0.5426064342218199,0.4477865819934999,2246002578995792.0,0.250559779886625,0.2252325016823812
37,0.920,0.6451898335447134,0.5536930117505413,2718117275918509.0,0.24648519132049973,0.13096133774466756
37,0.900,0.7388132872241621,0.6554156005797448,3147535269174934.5,0.22456453275994126,0.061166776761058826
37,0.880,0.7921082299590081,0.7214185703737511,3387515655089583.0,0.18549388659763077,0.04486739849312189
37,0.860,0.8118332424244818,0.7526407531445096,3453802526320594.0,0.14753664075024842,0.05816467807294187
37,0.840,0.826181055729509,0.7730181783491906,3464817101374402.5,0.12853619647143863,0.05832872811444956
37,0.820,0.8454341953004003,0.7926237413971704,3468105100542302.5,0.1328168078868748,0.03468623888468668
37,0.800,0.8517786631515932,0.7967930023546019,3401314728038567.5,0.15351000949933763,0.01521925697871866
37,0.780,0.8244242933748014,0.767574578133581,3194673700716134.5,0.18043448899300135,0.027634508347042428
37,0.760,0.7894488904683822,0.7320712147882604,2968781562589627.0,0.2053278998203324,0.045766035700254254
37,0.740,0.7857115949902388,0.7275190373121568,2872681008158816.5,0.22517010775932345,0.03235829190602481
37,0.720,0.8023567405818938,0.7438939263518356,2857951342807611.0,0.23420468812945106,0.006357941739348607
37,0.700,0.7993275670787944,0.7411361994687279,2768263250775818.0,0.23973363454623003,0.004531046831166307
37,0.680,0.7584285672333854,0.6999709577613746,2539804306360426.5,0.2570476951043145,0.03012731321470055
37,0.660,0.6782813606294623,0.6213392336597202,2188184988140675.2,0.2734727503383269,0.09049739569138987
37,0.640,0.6136127166592197,0.5572623715203111,1903053572039480.0,0.29408789021335874,0.12677234874283105
37,0.620,0.627148233021699,0.5676093619241862,1877813948546999.2,0.3235418698937806,0.0747473496180325
37,0.600,0.6425390476035733,0.5847002018659282,1871956771285096.0,0.303718186293339,0.06758683639874791
37,0.580,0.5884825236401,0.536810099955902,1661345629246986.8,0.24219410127813004,0.17211909228307684
37,0.560,0.6028742122043075,0.546642652461572,1633438784612855.0,0.206298442813493,0.18326743535029835
37,0.540,0.7930533405391358,0.7220794513195532,2080607057413105.5,0.1510498743188253,0.033150417302090035
37,0.520,0.8545817372562756,0.7799561322848485,2164137457132795.0,0.06081387140885237,0.03788541321812082
37,0.500,0.764852762559275,0.6776416708391515,1807929246167717.0,0.06894578659397999,0.083960521798859
37,0.480,0.7546750991696649,0.6543554932261332,1675970273262376.8,0.16927815563453805,0.0016729926507496947
37,0.460,0.6134973208762381,0.5072091238124911,1244962328113465.2,0.30486108175794197,0.035379312630465884
37,0.440,0.5248239929457991,0.4011602615937208,941850350237397.5,0.28236926074017554,0.1455755494672988
37,0.420,0.5862535394435262,0.41660241755167954,933646336680931.0,0.30641260053516395,0.0512638497042708
37,0.400,0.5367538354966226,0.3603748674347158,769176147756341.0,0.22181036381198663,0.20263475817223542
37,0.380,0.6486711069689032,0.36610926845803277,742344750165972.8,0.279866751788835,0.040024142850982596
37,0.360,0.6666251976858609,0.2995183800611984,575356866192908.8,0.2903872002842075,0.033543337679204956
37,0.340,0.653897091162353,0.2682637492503906,486689781934358.25,0.2808279862005058,0.056727350790708474
37,0.320,0.7310469852004776,0.25984426892001167,443684689128692.7,0.23873877285925224,0.004920861883213416
37,0.300,0.7839291689515899,0.1575322305321622,252174981896059.2,0.12210916969382812,0.08829922497316134
38,1.200,0.5205181638262315,0.3544611146311511,2239467137065268.5,0.2941444293756662,0.19257781465840215
38,1.180,0.5408127997804367,0.369054809552507,2292808196986408.0,0.3059321801239643,0.1606357040227793
38,1.160,0.5570395425630372,0.3807608723935383,2325440068754827.5,0.31558657646477517,0.13481638685841163
38,1.140,0.5650841698688793,0.3867132205516064,2321072573236759.5,0.32078072072143776,0.12151411436644328
38,1.120,0.5616871175651024,0.3846274573151581,2268052772997366.0,0.31964544405315903,0.12582766524408626
38,1.100,0.5460862242317845,0.3739429297469822,2165672891687681.0,0.31170036809646234,0.14900740956810024
38,1.080,0.516610344785085,0.3573526407398906,2031962085606810.2,0.30165942745622365,0.1886307977995432
38,1.060,0.48257840810408387,0.3374133316138946,1883054771409644.0,0.2882173839911742,0.2361498517503722
38,1.040,0.44876810807235007,0.3172097942508425,1736899845229335.5,0.27500207096874457,0.28317670303872455
38,1.020,0.419881892444039,0.29984310752551296,1610234364737046.0,0.2644592021516717,0.3226019637716598
38,1.000,0.3990833798395935,0.2876335628457089,1514378411155797.0,0.2585068601096911,0.349398478134548
38,0.980,0.4134514167359233,0.31055373927551916,1602351116947120.2,0.2511577730900211,0.34567643657885594
38,0.960,0.46130455810856885,0.36400728559213125,1839823484354114.5,0.24775233161515897,0.30540078739678606
38,0.940,0.5392625062427794,0.4449830434759605,2202247697526034.0,0.24842991004531206,0.23141951367056918
38,0.920,0.6406968154153686,0.5497951136847099,2663075946655484.5,0.24425199049513815,0.13855606304176304
38,0.900,0.7378423943532212,0.6544998806459363,3101322500731019.0,0.2238609539299595,0.06393951110253612
38,0.880,0.7970681572934902,0.7258577516930208,3363016826394491.0,0.186379401556907,0.04021932782801415
38,0.860,0.8192559762898188,0.7594141916966131,3438523596694865.0,0.14872017214988273,0.05056087721593666
38,0.840,0.8316199387483646,0.7779668389861569,3440608203284289.5,0.12928032417938762,0.0528588471624674
38,0.820,0.8479315621091363,0.7947940725531502,3431336585906263.0,0.13313528125297636,0.0324931462927715
38,0.800,0.8539498068016782,0.7986366504691998,3363830256421349.5,0.1538409310856775,0.013656240785709893
38,0.780,0.8279550655564406,0.7706762322442474,3164910382894186.5,0.18117271003203844,0.02493325189449314
38,0.760,0.7919048080300648,0.7341643928490682,2937661546814699.5,0.20601495669561223,0.044565462969535743
38,0.740,0.7854858607755791,0.7271120509578143,2832878257878292.5,0.2253039267285481,0.03438602178775327
38,0.720,0.8021649655801374,0.7434994494067035,2818434826237671.5,0.23451743677695075,0.008160193547383036
38,0.700,0.8019365100938467,0.7433284608309697,2739514796674628.5,0.24101556481512276,0.002747756295577168
38,0.680,0.7645258747068033,0.7053661019611416,2525331211761140.5,0.2597373471729328,0.02379826705190453
38,0.660,0.684750162960122,0.627033339506461,2178860458421862.5,0.27683771922644523,0.08305766104734673
38,0.640,0.6137380100060535,0.5571508695281404,1877360325208366.2,0.29507976365728955,0.12733919675571348
38,0.620,0.621646119220149,0.562437113217907,1835948560200056.5,0.3218938145835823,0.08298907169157398
38,0.600,0.6472555114331462,0.588897563136038,1860312295628426.5,0.30723026767438144,0.060306045779522095
38,0.580,0.5985443540657978,0.5460117287756654,1667342476819280.8,0.24741231011250017,0.15723695252903683
38,0.560,0.6018346552216721,0.5458391907248712,1609339201594997.5,0.206929710773919,0.18355541307522538
38,0.540,0.784792514258258,0.7146854576401646,2031905724906061.2,0.15023423123764787,0.041642396559202606
38,0.520,0.8604011687804698,0.7851992772658395,2149701125052192.8,0.06139099895512763,0.029293895456007427
38,0.500,0.7616572797231996,0.6745515257596275,1775742471977348.8,0.06839647669865918,0.08456136628083637
38,0.480,0.7552048631831151,0.6549990730993384,1655300215980607.0,0.16739647716421674,0.0009556529687702942
38,0.460,0.6210529747403136,0.5150583265508378,1247409631716691.2,0.30447208141651133,0.027952190986895702
38,0.440,0.528765053729148,0.4059076564840092,940318041333939.2,0.28196000154166995,0.14061898757457328
38,0.420,0.5855789875928964,0.4179559481073634,924218483106349.8,0.3035966223794231,0.05286350560223724
38,0.400,0.5462299984015891,0.36745877268918076,773861891282555.1,0.22421986988144485,0.18802482584745728
38,0.380,0.6386990661850503,0.36071060867667165,721667854610477.5,0.2741010341624226,0.05393161589600197
38,0.360,0.6698460280815269,0.3000476080640616,568705618256935.6,0.28984225384367734,0.0295898167982482
38,0.340,0.657458776681249,0.26879990678366505,481174805843355.4,0.27949933974010893,0.053956458261377585
38,0.320,0.7341935250780945,0.2616926930160381,440896268977668.4,0.23772516030785126,0.0017040397670236237
38,0.300,0.777021585241488,0.15550671199608884,245620857079556.75,0.12006786556376517,0.09710718302766619
39,1.200,0.5161164106118964,0.3510237003533837,2187172241383013.2,0.2908429577119947,0.20057714596519283
39,1.180,0.5361720866799314,0.36545413758608586,2239134542810454.8,0.30241779512486844,0.16909273353660217
39,1.160,0.553219030435894,0.3777267962678556,2275103107564588.5,0.312464223414375,0.14207750035330197
39,1.140,0.5633194437431635,0.38510162977236406,2279531023707089.0,0.3187675860917414,0.12563593496561168
39,1.120,0.5629781303426178,0.38513493598819115,2239732941992322.8,0.31933924902953037,0.12521591498910056
39,1.100,0.5507322546628327,0.3767828791157111,2152034080938808.0,0.31331090104406156,0.14314671822074454
39,1.080,0.5240092606447582,0.36217121490930887,2030967551114443.0,0.3049624364478518,0.17836537545248052
39,1.060,0.49151755374202866,0.34341101570454974,1890102630745131.0,0.2925826644275903,0.2233069112767617
39,1.040,0.457907029773643,0.32346474410757,1746729240344130.8,0.2796777386793211,0.26982832688916963
39,1.020,0.4281000464546584,0.3055520701727739,1618268950729779.5,0.26875663962505586,0.3105377202369347
39,1.000,0.40559679920517894,0.29220856848495236,1517253842217176.8,0.26188585262324315,0.33992749196037214
39,0.980,0.4173586575520662,0.31340947372404576,1594789968163333.0,0.25276349070064436,0.340705720661051
39,0.960,0.4619854957412851,0.3644940494938296,1816883056955114.5,0.24741450316552593,0.30570373361614056
39,0.940,0.5365549988057353,0.44271479105823114,2160813004043111.2,0.2465306633335251,0.23675957959268754
39,0.920,0.6362987834249625,0.545989506171162,2608179171186162.5,0.24199086933059788,0.1460832458037376
39,0.900,0.7361600776477611,0.6529628300799135,3051379811038263.0,0.22287448387830366,0.0676910825951931
39,0.880,0.8011334771593714,0.7294888690124521,3333240430594376.0,0.18699330829698327,0.03673698552726116
39,0.860,0.8263104126825822,0.7658493568337011,3419850353145202.0,0.14978560198960178,0.043461863995888216
39,0.840,0.8371611025970731,0.7830124864294454,3415177440370764.0,0.12999673259074462,0.04733188956579713
39,0.820,0.8506249708939495,0.7971492855530038,3394054508837477.0,0.13344068648044974,0.030126951811531865
39,0.800,0.8561795436730113,0.8005361044429493,3325341174209089.0,0.1541322057738594,0.012082489970467465
39,0.780,0.8316392679945989,0.7739213802961762,3134416801173689.0,0.181886132408912,0.022128813475791115
39,0.760,0.7947958651904341,0.736662027066476,2907014347836082.5,0.20675227317262831,0.04292728195532743
39,0.740,0.7856330995054657,0.7270516669676674,2793587594909586.0,0.2254821300547594,0.036031798819157
39,0.720,0.8018359950066659,0.7429775868348403,2777624335209765.5,0.23473453704353817,0.010198965951087048
39,0.700,0.8040407705693918,0.7450495763361916,2707999073194888.5,0.2421032659684074,0.001656332053792537
39,0.680,0.7702193936876142,0.7103815080737381,2508221347321245.0,0.26226352833806144,0.018054575514738866
39,0.660,0.6916373254912354,0.6331000545582339,2169609559624056.8,0.28036509089300515,0.07511684464426398
39,0.640,0.6148900117472842,0.5579611817891089,1854168756278412.2,0.2965642824393917,0.12646645525208042
39,0.620,0.6162697530091895,0.5573663958859425,1794311208054206.2,0.3203085032188909,0.0910429313528258
39,0.600,0.6502602036073012,0.591516651267733,1842822576746490.0,0.309982142939138,0.05548803846633833
39,0.580,0.6087622736644469,0.555337545069299,1672439163726295.8,0.2527739886978702,0.14208684990812698
39,0.560,0.6022650529413411,0.5463520302424557,1588641441886659.8,0.20810735931297783,0.18182574147807604
39,0.540,0.7762048688675516,0.706980204934096,1982285996777709.0,0.14937443397753727,0.05054181238237848
39,0.520,0.8651361876751241,0.7894426171571417,2131519011085177.5,0.06190883680932579,0.02187409429699582
39,0.500,0.7595010201554642,0.6723613092323907,1745573008143237.2,0.06796197267717911,0.08387853477859825
39,0.480,0.7549271141156614,0.6548931688906607,1632213618199585.5,0.16540205647032816,0.0012521650124626452
39,0.460,0.6279357803653246,0.522330954242196,1247581409461384.0,0.3036928001032771,0.02185511170822502
39,0.440,0.5343988810434797,0.41199434637231247,941259195882982.2,0.2823787948180402,0.1331143024861813
39,0.420,0.5830671057734504,0.41805141820559216,911683911249726.4,0.2997746006404112,0.05762991534787173
39,0.400,0.55736998979092,0.3757726643566966,780459685698426.2,0.22721489900383918,0.17098540838370627
39,0.380,0.6282373680194652,0.3551446716712419,700735627854393.0,0.26814160311870827,0.06856343084519136
39,0.360,0.6735761063564393,0.30085003437630226,562364458591716.9,0.2895215409305254,0.024782677813753883
39,0.340,0.6621159621708271,0.26969147764777734,476114534048758.4,0.2785360688990009,0.04968290140713098
39,0.320,0.7361334171077402,0.2631121864468268,437175928566836.0,0.23628110655739681,0.0001596028492179962
39,0.300,0.7729488104307778,0.15408565357514475,240020733611175.88,0.11847957120125771,0.10261505882732401
40,1.200,0.5120329611953153,0.34781061726992174,2136194303104482.5,0.28769056795426806,0.20810814309589684
40,1.180,0.5316042465951752,0.36191192448205006,2185755457236133.0,0.2989117343366842,0.1774639415611292
40,1.160,0.54912508700584,0.3745142543460924,2223530098315492.0,0.30914864756523996,0.14979702120181906
40,1.140,0.5609032655842712,0.38305080952379467,2235001954082961.0,0.3163367240721708,0.13081633942018164
40,1.120,0.5633426627018205,0.3850116178846815,2207031484919519.5,0.3184445697587357,0.1261089263282931
40,1.100,0.5544103563042222,0.37896055514359306,2133552649735747.5,0.3142930332454994,0.13887595169010386
40,1.080,0.5306611676450079,0.36647080809475974,2025721850545819.2,0.3077396184923165,0.1693726991908934
40,1.060,0.500086850167716,0.3491468066452031,1894220842236901.5,0.29662841961438075,0.21116107825102642
40,1.040,0.46707032500221063,0.32973440886014455,1755150168896472.8,0.2842660584352711,0.2565577512008383
40,1.020,0.4366577467325293,0.31150309248215813,1626219654435938.5,0.27316669412243283,0.29804086542692093
40,1.000,0.4126607422797125,0.2971825697601946,1521037793226719.8,0.2655245067181935,0.3296677418031871
40,0.980,0.4219699202779718,0.3168003438373399,1589016443148708.0,0.25471209045270865,0.33471695710104754
40,0.960,0.46345635561409737,0.3656132631565821,1796428127525300.2,0.24742704183297376,0.3048982365006056
40,0.940,0.5345599721702551,0.4410453116722722,2121913787989285.8,0.2448919668869888,0.24115140101967758
40,0.920,0.6321411719314166,0.5424017927821193,2554027769775187.5,0.239754268572575,0.1533498820576764
40,0.900,0.7338976012074188,0.6509219588424892,2998389880589444.0,0.22164261164202392,0.07225317842162597
40,0.880,0.8042879202358679,0.7322983791626503,3298279203053527.0,0.18732834129942347,0.03443912518997236
40,0.860,0.8329007307306441,0.7718585057870909,3397447989546636.5,0.15071141990355552,0.03698129471586558
40,0.840,0.8427352617742294,0.7880910527056595,3388225871976917.5,0.13067080020915045,0.04183082873711436
40,0.820,0.8534877287070873,0.7996649943781863,3356128715987393.5,0.1337251224370282,0.02762237277057061
40,0.800,0.8584481160685103,0.8024736418663291,3285772078307021.5,0.15437596529218872,0.010525254608351665
40,0.780,0.835435330294818,0.7772721047780066,3103018435418124.5,0.18255998709552593,0.019275997474047287
40,0.760,0.7981074629728365,0.7395511861860644,2876726020281039.5,0.2075294602451667,0.040877717341339694
40,0.740,0.7862068986466334,0.7273880652340713,2754955334215380.5,0.22571356535785245,0.037237925831940896
40,0.720,0.8014606943201673,0.7424134618264927,2735867156932210.5,0.23487548845367953,0.01236664983975644
40,0.700,0.8056727224178833,0.7463307207497403,2673905348472359.0,0.2429982310578187,0.001218991806090008
40,0.680,0.7754161878898495,0.714932483903962,2488230529066994.0,0.2645856299042702,0.013017310406963462
40,0.660,0.6988042928162395,0.6394125542615717,2159940391002684.5,0.283992499274162,0.06686651927341888
40,0.640,0.6170613619809925,0.559685731267516,1833330993051586.2,0.2985368150043637,0.12417052985865885
40,0.620,0.6112634412427459,0.5526182890432434,1753612428197329.8,0.31890934139673577,0.09854929887587613
40,0.600,0.6515790162936405,0.5925810506945571,1819766565146272.2,0.31197390783860424,0.05309729757974908
40,0.580,0.6188307647460203,0.5645068999887296,1675768102636450.0,0.25815423498094003,0.12709560266143374
40,0.560,0.6041220870655051,0.5481413429622812,1571076229790772.5,0.20982437808136428,0.17812702468693797
40,0.540,0.7676523899793525,0.6992923880583829,1932721296103812.8,0.14853899903987583,0.05940752392317543
40,0.520,0.8685763658156066,0.7924936928653801,2109190611453631.2,0.06235250197426151,0.015872556590798854
40,0.500,0.7583506521155178,0.6710398994251403,1717255908737024.5,0.06763929721168602,0.08193839756855002
40,0.480,0.7538776031799534,0.6540665831456531,1606866771042168.5,0.16331335427174123,0.002498429016451944
40,0.460,0.6341743396318733,0.5290387775123089,1245552417999764.8,0.3025646814200981,0.01701539944652495
40,0.440,0.5415580558666598,0.41930100776712437,944267960362724.8,0.2835199798362091,0.12335506273753574
40,0.420,0.5793762099787153,0.41733873467140065,897128506494966.2,0.29531112726549485,0.0645037505473135
40,0.400,0.5696862286074643,0.3850005247869344,788202819681632.1,0.23058204657638853,0.1522563822733359
40,0.380,0.6180518376938996,0.34984601210617894,680420196002630.2,0.26231568997491905,0.08280188919193135
40,0.360,0.6775959457236396,0.30183860641977267,556152583741157.7,0.2893295639935241,0.01943475031363044
40,0.340,0.6676254503075032,0.2708368921668519,471306479044888.3,0.27782838702130735,0.04425633800075321
40,0.320,0.7368389137020634,0.26407883379801383,432514073133845.75,0.23440657111719926,0.00032039706098211794
40,0.300,0.7719978139934303,0.15332236555224724,235420044392314.12,0.1173789638893456,0.10449508959008139
41,1.200,0.5083401210562036,0.34487130703596136,2086800233983576.5,0.28472490793005467,0.21506144113682127
41,1.180,0.5272098945585387,0.35849763459203615,2133098299602399.2,0.2954688187363029,0.18559439066729475
41,1.160,0.5448774049995532,0.3712066640355781,2171282445489445.8,0.3057071338083342,0.1577880428674926
41,1.140,0.5579446216603503,0.3806377969335042,2188060520326072.0,0.3135511703196513,0.13688247779691104
41,1.120,0.5628341651178353,0.3842972003422882,2170340181444080.5,0.31699409915691407,0.12841844365995062
41,1.100,0.5570861140687844,0.3804556849279915,2110276344981297.8,0.31462914001139974,0.13624382181286304
41,1.080,0.5364519440914611,0.37017541671332854,2015922801947140.0,0.30992441119699365,0.16182931984329085
41,1.060,0.5081363255558092,0.35451810286907115,1894902416304174.8,0.3002621346731104,0.1999508113093831
41,1.040,0.4761199760647183,0.3359228021431442,1761632814239941.8,0.28867638801413487,0.24359056192102296
41,1.020,0.44545611880831326,0.3176266532899628,1633652486448891.5,0.2776185899998526,0.2852793408367906
41,1.000,0.4202197452137598,0.3025164274084163,1525427356573164.8,0.26937697683130657,0.3187201416058022
41,0.980,0.42727024226468113,0.3207159734493472,1584853904646157.8,0.25698490194734097,0.327744870440554
41,0.960,0.4657357311367043,0.3673804545841125,1778401630860351.8,0.24779180358847858,0.3029667877987727
41,0.940,0.5333434446618434,0.44002988660715464,2085703624564115.0,0.24353820364752551,0.24450937598356606
41,0.920,0.6283628878207129,0.5391519774351498,2501160707713147.5,0.23759148384498235,0.16017334808262976
41,0.900,0.7312046400943051,0.648511042841406,2943082611540503.5,0.22020835639090452,0.07743503479286984
41,0.880,0.8065461716226522,0.7343009095298998,3258361803209720.0,0.18738479298104663,0.03330684857894778
41,0.860,0.8389413988505489,0.7773635060330225,3371049792919156.0,0.1514781301146787,0.03122036845417441
41,0.840,0.8482702255245671,0.7931358415443048,3359459653974577.0,0.1312873976740659,0.0364418609944601
41,0.820,0.8564897019966503,0.8023136496061983,3317421087243699.5,0.13398003795134406,0.02501822111313789
41,0.800,0.8607352440737188,0.804431107048806,3245050135446747.5,0.15456415683484873,0.009012589797111
41,0.780,0.8392971802225937,0.7806863877941704,3070533057583166.5,0.1831783301154491,0.016435012081289987
41,0.760,0.8018134801185542,0.7428083413941111,2846642519594166.0,0.2083326884459831,0.03845737390078698
41,0.740,0.7872502755576235,0.7281616541377249,2717077913391949.0,0.22600360660251398,0.037960865599559135
41,0.720,0.8011324292359865,0.7418944724299281,2693501361938107.0,0.23496036060213338,0.014553837739440701
41,0.700,0.8068850749353614,0.7472219407378229,2637486366338791.0,0.24370786746279174,0.0013735177950726827
41,0.680,0.7800438751583508,0.7189534998574121,2465200701342421.0,0.2666692305821995,0.008781313890390129
41,0.660,0.7060978275606318,0.6458308660760531,2149340888093755.5,0.2876500443170164,0.05851772302390091
41,0.640,0.6202161444044169,0.5622910528419985,1814611733630749.2,0.3009780107675021,0.12050912219916331
41,0.620,0.606841610654795,0.5483865589801559,1714435136799745.8,0.3178055474426956,0.10519322318268559
41,0.600,0.6513307419290717,0.5921991742480626,1791684825865890.0,0.3132494642030043,0.05296359467932876
41,0.580,0.6284272772854066,0.5732236322145694,1676465606026809.8,0.2634182781531251,0.11271541002365208
41,0.560,0.6073188121389832,0.5511274172948603,1556261635246306.2,0.21205866690886946,0.17256699664619052
41,0.540,0.7594748917222426,0.6919307241257135,1884078279046071.2,0.14779352908717314,0.0678223918224779
41,0.520,0.8705775504310187,0.7942206575284242,2082509974200999.5,0.06271154379049006,0.011462687867131465
41,0.500,0.7581370442546306,0.6705244288686585,1690546718089384.8,0.06742243681722541,0.07881070917896973
41,0.480,0.7521123983686624,0.652566235714495,1579459172852311.8,0.1611520196166593,0.004603048555332822
41,0.460,0.6398463433124988,0.5352354683038073,1241495884949202.0,0.30115162292866765,0.013281397994992882
41,0.440,0.5500031669743294,0.42764965602118205,948818996579531.4,0.2852442606127803,0.11175015613179436
41,0.420,0.5752058353426999,0.41630499700469814,881664759004063.1,0.29058147145492697,0.07235869085197133
41,0.400,0.5825721861046713,0.39474319614989967,796190904919341.0,0.23406551993866676,0.1327588996795641
41,0.380,0.6088436079803112,0.34521383833052044,661476410388459.9,0.2569159047121753,0.0956221964910156
41,0.360,0.6815897817102622,0.3028854410164226,549823713618523.9,0.28913195129250563,0.013998734284714412
41,0.340,0.6736843331099387,0.27211261551379873,466519886711571.94,0.2772464312308767,0.03810717029931742
41,0.320,0.736350710985901,0.26459302228544485,426944018092801.94,0.23212372985198435,0.002125893707556741
41,0.300,0.7742199742991082,0.15322297742896981,231786276958300.4,0.11676358170597986,0.10269388206637324
42,1.200,0.5051035871636169,0.3422505239668213,2039208020783226.5,0.2819790966171014,0.22133883721410152
42,1.180,0.5230847055679047,0.355277081401261,2081542884152714.0,0.29214016690774397,0.1933379202853741
42,1.160,0.5405970274111738,0.3678880197178107,2118896762527573.5,0.30220679278971285,0.16586276240025782
42,1.140,0.5545661628387892,0.37794864740100126,2139310435749860.5,0.31048096154230437,0.14364125784562537
42,1.120,0.5615335955241499,0.38305001681805606,2130147473346463.0,0.31503593207076835,0.13201376224818137
42,1.100,0.5587576373928665,0.3812702939563123,2082388790725924.0,0.31432064598565673,0.135247749083259
42,1.080,0.5412899299869894,0.37322483018495534,2001384110687760.0,0.3114645059935699,0.1558750030971431
42,1.060,0.5155194923777873,0.35942511733429094,1891692105299978.8,0.30339474024428065,0.18990715750815884
42,1.040,0.48490529147193145,0.3419253561178646,1765634515929420.5,0.29281141086950585,0.23117094687940573
42,1.020,0.45437666928774695,0.3238395280863201,1640084380722972.0,0.2820297028149278,0.272451780994423
42,1.000,0.42819961502751275,0.3081577346523259,1530062727360330.0,0.2733851529332097,0.30721596867017353
42,0.980,0.433231076105019,0.3251359643234442,1582075661605552.8,0.25955431335215917,0.31984618854322877
42,0.960,0.4688321503261011,0.3698033599844875,1762699367825794.2,0.24850429237587823,0.2999080067188725
42,0.940,0.5329607675625786,0.4397151028471313,2052274264236475.2,0.24248784833957548,0.24676447496770326
42,0.920,0.6250935274218905,0.5363521043019844,2450044537427768.5,0.23554746205920304,0.16638522680625467
42,0.900,0.7282435377605877,0.6458750381536795,2886204985812532.5,0.21861835237203808,0.0830310347971372
42,0.880,0.8079543637499413,0.7355396830191084,3213845117928011.5,0.18717058334529768,0.03328328326871886
42,0.860,0.8443614828006728,0.7822998072573182,3340472012257636.0,0.15206908974430094,0.026262843853137065
42,0.840,0.853693075845967,0.7980795613174789,3328600221437999.5,0.1318312736306009,0.0312518703737585
42,0.820,0.8595980836173638,0.8050652580980642,3277789809938185.5,0.13419637413870072,0.022356499920005508
42,0.800,0.8630209286137119,0.8063906588495237,3203108413784888.5,0.1546887106801967,0.007572411748798334
42,0.780,0.8431755636985263,0.7841193397373035,3036777207531953.0,0.1837243801349528,0.013669844505302819
42,0.760,0.8058762101408468,0.7463993217801844,2816572867418840.0,0.2091446880016978,0.035721169798515924
42,0.740,0.7887940409040569,0.7294015743928993,2679998673411814.0,0.22635361913634755,0.0381731868788065
42,0.720,0.8009434423142178,0.741506933095418,2650842198122330.5,0.23500867016603225,0.016653898980759765
42,0.700,0.8077485339563877,0.747789955814101,2599045188346576.0,0.24424484330399443,0.0020363963101052113
42,0.680,0.7840554383719506,0.722402589908438,2439070592162424.0,0.2684878863915314,0.00540929774580452
42,0.660,0.713355660107073,0.6522070800487727,2137300598951889.5,0.29126251432018674,0.050293324658903994
42,0.640,0.6242891408311515,0.5657171913667542,1797692942599171.2,0.30385307126233896,0.11558222393835046
42,0.620,0.6031830200041495,0.5448324317733525,1677222979398828.2,0.3170887860296254,0.11071301268547876
42,0.600,0.6497165267704141,0.5905545614996552,1759330540333901.0,0.31389246205107924,0.05479706083469658
42,0.580,0.6372320955979229,0.5811943111376635,1673730426467346.0,0.2684293972355571,0.09939607733002992
42,0.560,0.6117225581107595,0.5551887168686191,1543706814441793.0,0.21477182537340372,0.16531580888511724
42,0.540,0.7519737188410606,0.6851690321313532,1837078220872182.2,0.14719755313647678,0.07541343500308521
42,0.520,0.8710760726001031,0.7945652308305418,2051488390097975.8,0.06298100498615142,0.008727798986911818
42,0.500,0.7587558034467952,0.6707208464481038,1665129335097914.2,0.06730243565419158,0.0746087873227697
42,0.480,0.7497088131925403,0.6504579552443241,1550231759055033.5,0.15894284738037584,0.007446310253300389
42,0.460,0.6450621548433059,0.5410034231015757,1235645829361234.5,0.29953060733881987,0.010449901806869492
42,0.440,0.5594300239611927,0.43680797457662207,954287857592469.6,0.28738442666792235,0.09880990037758636
42,0.420,0.5712203515705294,0.4154204439259451,866309982527983.0,0.28593161502680015,0.08012697223550241
42,0.400,0.5953356931741959,0.404539019922568,803445776682829.9,0.23738264594939532,0.11354535769518875
42,0.380,0.601196824237222,0.3415834739974099,644490634400060.9,0.2521787306363729,0.10617056713404942
42,0.360,0.685173316929254,0.30383430718813703,543094586701547.0,0.288768333117018,0.009027591419535711
42,0.340,0.6799618615790284,0.2733868555778337,461522320821250.56,0.2766547978050281,0.03169993570900514
42,0.320,0.7347945367302703,0.26468610112060564,420549652061153.1,0.22948123552832458,0.005400185435126759
42,0.300,0.779429294145035,0.1537470441501284,229015139238360.56,0.11659504559347597,0.09743323746736056
43,1.200,0.5023817796765218,0.3399879234769162,1993585681015664.8,0.2794813121240733,0.22685432372764142
43,1.180,0.5193178387819702,0.35231138814257135,2031415947422649.8,0.2889722436875073,0.20055962322083204
43,1.160,0.5364031186170998,0.3646406981037059,2066870644855845.5,0.29871261336295235,0.173837607936424
43,1.140,0.5508995945306423,0.37507524637246975,2089360707825934.2,0.3072003001907023,0.1508867680315723
43,1.120,0.5595459376907378,0.3813445630068493,2087015863380310.8,0.31263126295700816,0.1367275580484339
43,1.100,0.5594566968294712,0.3814293599829885,2050203511311759.0,0.31338834435302987,0.13583253957538646
43,1.080,0.5451121889724084,0.3755788518525897,1982052045083351.0,0.31232532775494193,0.15160317493292488
43,1.060,0.5221010280239297,0.36377618860981314,1884214329555908.2,0.30594528021657924,0.18124155453181878
43,1.040,0.493267861278096,0.34763241608622014,1766622570673845.0,0.2965704683582732,0.21955345144392685
43,1.020,0.46328232701133,0.33004555136845737,1644993642062076.5,0.286306586356806,0.2597853827247351
43,1.000,0.4365058793084349,0.31403972460958973,1534527785205994.0,0.27747797269940805,0.29531898459125955
43,0.980,0.4398080781053418,0.33002825595389923,1580401265184052.8,0.2623825791504619,0.3111028901482186
43,0.960,0.4727425968193831,0.3728807785158255,1749167495534516.5,0.24955288581862756,0.2957387498566883
43,0.940,0.5334559785738748,0.4401383459581492,2021655861290224.0,0.24175311082127768,0.2478651198596625
43,0.920,0.6224512236777725,0.5341044406490513,2401066479615105.0,0.2336618516589065,0.1718342440744325
43,0.900,0.7251834369393296,0.6431648912197837,2828492342952619.0,0.2169208858751314,0.08882841911933545
43,0.880,0.8085888487983389,0.7360853819756866,3165199102280151.0,0.1867008883179683,0.03427536940340862
43,0.860,0.8491085701036992,0.786620054480371,3305625379371601.0,0.15247126042653533,0.0221705456742028
43,0.840,0.8589326220937534,0.8028566126437986,3295394734480507.5,0.13228748560759976,0.026345586450314852
43,0.820,0.8627783109462089,0.8078882421632038,3237093983301442.0,0.13436473401348298,0.0196813260764606
43,0.800,0.8652863054593657,0.8083355642091695,3159889111713367.0,0.15474171777791512,0.006231497257399865
43,0.780,0.8470196349289381,0.7875246755317984,3001573218675346.0,0.1841809236850128,0.011046323157285322
43,0.760,0.8102466803037282,0.7502796213350252,2786293818571018.5,0.20994487078470458,0.03273778753323598
43,0.740,0.7908554490894283,0.7311244703360642,2643706313019514.0,0.22676051916794282,0.037865120179147956
43,0.720,0.8009813823330288,0.7413328647594214,2608170141345119.5,0.23503828454894804,0.018567327299012844
43,0.700,0.8083484718688538,0.7481150459030776,2558919347312761.0,0.24462610268535,0.003107172022084347
43,0.680,0.7874326013393365,0.7252644180795916,2409880195037830.5,0.2700244440754477,0.0029278295832806636
43,0.660,0.7204136255936417,0.6583919041346633,2123335330667239.2,0.2947522916262251,0.04241845557953727
43,0.640,0.629185640116579,0.5698776110614964,1782180706067733.5,0.3071112895999427,0.10953231956966017
43,0.620,0.6004273518111972,0.5420815419932294,1642277254011199.2,0.3168309374726904,0.11490531827923499
43,0.600,0.6470017683580283,0.5878892808679436,1723601886171850.8,0.31401850040547874,0.058214263098231085
43,0.580,0.6449519877218788,0.5881499321167667,1666887206759858.8,0.2730586840411642,0.08755176885761015
43,0.560,0.6171537075256496,0.5601607587182633,1532819007920623.8,0.21790816914482652,0.1566081873956891
43,0.540,0.7453998590989024,0.6792353181908719,1792273107061757.5,0.14680210569309463,0.08186677496913508
43,0.520,0.870095959741724,0.7935492504500855,2016356864198087.5,0.06316201803461191,0.007651891708087125
43,0.500,0.760068769956898,0.6715053420715728,1640626208362839.0,0.06726755475132895,0.06948854698329518
43,0.480,0.7467653271850258,0.6478263683998589,1519462642812397.2,0.1567135569975662,0.010880440363241688
43,0.460,0.6499447271405349,0.5464371958143063,1228254189845533.5,0.2977813813557228,0.00829851156763876
43,0.440,0.5694836691637793,0.4464991981301451,959982969161192.8,0.2897542677875173,0.08512103177401412
43,0.420,0.5679930197486399,0.4150976126613663,851902111483630.0,0.28165062709152183,0.08689135437229463
43,0.400,0.6072601119997433,0.4139036060975211,809001580603483.6,0.2402498868592584,0.09570715082211219
43,0.380,0.595547565046817,0.3392094058229083,629856551990421.6,0.24827266281570382,0.11381155770447622
43,0.360,0.6879406791473777,0.30452116878922547,535685828592883.94,0.28807274885351714,0.0051074581660966656
43,0.340,0.6861377794391599,0.2745355208055474,456107936589189.56,0.2759287526786288,0.02547835473919453
43,0.320,0.7323891706005549,0.2644239869167169,413467136238859.44,0.22655548192182842,0.0098417671832492
43,0.300,0.7872078539215879,0.15480940009465885,226938798413151.97,0.11680133528209223,0.08920261405519635
44,1.200,0.500225329610979,0.33811776238894786,1950051257771477.8,0.27725447298487466,0.23153486879142238
44,1.180,0.5159907446200672,0.34965621956494786,1982987880220058.2,0.2860061363844552,0.20713770756098712
44,1.160,0.5324102205723555,0.36154361292797443,2015651646761095.0,0.2952858120171688,0.1815375746115895
44,1.140,0.5470811095418492,0.37211217638215494,2038804237423674.5,0.30378477249077773,0.15840758251536785
44,1.120,0.5569956061583196,0.3792682857482355,2041556230592350.0,0.3098514589472899,0.14236342161752982
44,1.100,0.559247806544479,0.3809800695493821,2014149657054550.0,0.31187149454105917,0.13789230985625256
44,1.080,0.5478893169179565,0.3772204997480279,1958014196929941.0,0.31249255402036324,0.14905378512968667
44,1.060,0.5277647886322904,0.36749329622816773,1872199311656882.0,0.3078456595811585,0.17413326396078913
44,1.040,0.5010480999079286,0.3529338309585306,1764100911549292.8,0.29985380617794777,0.20899229124638433
44,1.020,0.4720200070072993,0.3361374499802672,1647835548815318.8,0.29034698099703393,0.2475313110739162
44,1.000,0.44502298589019623,0.3200807095469468,1538354038324678.8,0.28157129401594316,0.28322625757985154
44,0.980,0.4469388670734667,0.3353474577924526,1579493666874802.2,0.26542068282059755,0.3016254129373685
44,0.960,0.47745073363532636,0.37660118910770274,1737599627559146.2,0.2509179457631635,0.29049660861152354
44,0.940,0.5348610320803536,0.44132718945853305,1993817175617234.8,0.24133954534670002,0.24777820497604872
44,0.920,0.6205410408570637,0.5325001301481858,2354530607729706.0,0.23196827830294314,0.17638842938673327
44,0.900,0.7221946706293291,0.6405325865973108,2770642765066101.5,0.2151640111405483,0.094614609474523
44,0.880,0.8085533562931593,0.7360335491047416,3112985353304001.5,0.18599735514408844,0.03615760748925782
44,0.860,0.8531519911588128,0.7902970477573843,3266522136521259.0,0.15267580903601177,0.018979733478162265
44,0.840,0.8639220267375436,0.8074055320679615,3259626212924948.5,0.13264185592446037,0.021802560010903416
44,0.820,0.8659951097164215,0.8107504142113682,3195198373383623.0,0.13447557420344702,0.017037709633587247
44,0.800,0.8675145127456653,0.8102510024248835,3115346509700532.0,0.15471560900143294,0.005014471194995951
44,0.780,0.8507787670787175,0.790856391960272,2964756477522897.5,0.1845307743108284,0.0086299302806842
44,0.760,0.8148653969624875,0.7543950974686027,2755556019628980.5,0.21070958760194544,0.02958859335854231
44,0.740,0.7934371555146768,0.7333335457591537,2608134995496011.5,0.22721644019180556,0.0370456975608412
44,0.720,0.8013261233550238,0.7414470597198765,2565721057353660.0,0.23506439910603757,0.020205689110902977
44,0.700,0.8087808759598677,0.7482872775502319,2517463579148552.0,0.2448716275371897,0.004473670145632587
44,0.680,0.790187402317402,0.7275516759119577,2377768410389391.5,0.27127173234356167,0.0013256573836498708
44,0.660,0.7271139400721374,0.6642422405864394,2107013024582758.0,0.2980428086080477,0.035109491701457544
44,0.640,0.6347821078699187,0.5746598909086066,1767614904565810.0,0.3106860276660666,0.10254336331429202
44,0.620,0.5986736035420431,0.5402225301460939,1609760167842424.8,0.31708273108739765,0.11762758063314278
44,0.600,0.643493456708804,0.5844831841097667,1685466271080445.2,0.31376490219553815,0.06277096542005871
44,0.580,0.6513449394558294,0.5938685829973994,1655446458567163.5,0.27719559400796556,0.07752604863657964
44,0.560,0.6233863110903252,0.5658366910490794,1522915921944285.5,0.22139432443788185,0.1467431382986191
44,0.540,0.7399461601261722,0.6743045979595274,1750034763144910.2,0.14664800409569154,0.08693768722400576
44,0.520,0.8677478434416157,0.7912736288998649,1977547074810153.8,0.06326183442690639,0.008119797308982513
44,0.500,0.7619068159935681,0.6727269363896141,1616611323983836.5,0.06730352488647119,0.06364593531414302
44,0.480,0.7434000364276611,0.6447734853840564,1487459679452765.5,0.15449431516737455,0.014731727910969583
44,0.460,0.654609000560568,0.5516261763115851,1219549670146643.0,0.2959767412862301,0.0066178080733490475
44,0.440,0.579780352336527,0.45641864581699915,965190079400152.6,0.29216099169010296,0.07130903157935052
44,0.420,0.565972640874582,0.41566568177114166,839054662310936.9,0.27795590290500605,0.09193978833149466
44,0.400,0.617689226068968,0.4223864714831408,812020112126745.8,0.24241705069577377,0.08024645713702921
44,0.380,0.592169413866699,0.3382572420893337,617770968256558.9,0.2452937942578434,0.11815112843697834
44,0.360,0.689526551952855,0.30480095114973776,527370233932657.94,0.2868995815467949,0.0027687605209053856
44,0.340,0.6919410623892799,0.2754578342235169,450122622417142.8,0.2749694414112137,0.019810818584242402
44,0.320,0.7294405906219198,0.26390567814606497,405877996246583.7,0.22344740612949512,0.015032182642179544
44,0.300,0.7969237877333738,0.1562842418989622,225337379742826.3,0.11728082454085202,0.07873720191695242
45,1.200,0.498676660305414,0.3366686676868843,1908673541910363.2,0.27531597737690244,0.2353210414378844
45,1.180,0.5131763059729223,0.34736124919507555,1936471377647928.5,0.2832770285948379,0.21296482387964852
45,1.160,0.5287260532639046,0.35867075618589356,1965629514569204.2,0.29198251007138104,0.18879968205767317
45,1.140,0.543247158866361,0.3691538396055264,1988199444935405.0,0.30030879034956975,0.1659934869592915
45,1.120,0.5540211810067781,0.37691794227377384,1994401265720925.5,0.30677477738802617,0.1487043845134432
45,1.100,0.5582253627871034,0.3799897632376754,1974750757915737.5,0.30982578815651446,0.14127545062812305
45,1.080,0.5496282559481391,0.3781578243995312,1929498979370868.0,0.3119733717462161,0.14820941393875717
45,1.060,0.532421420434815,0.37051727092540354,1855504571939915.2,0.30904501408796836,0.16871761664565918
45,1.040,0.5080930970480577,0.3577244399218028,1757638911483142.2,0.3025675225655608,0.19972871703296705
45,1.020,0.4804249216515237,0.3419999028662957,1648063197738154.8,0.29404291007061945,0.23595732517478535
45,1.000,0.45361461661339364,0.3261843101360657,1541028866799729.2,0.28556855256753394,0.27116711120119935
45,0.980,0.45454094823223035,0.34103329728321846,1578957958846716.5,0.2686073830056868,0.2915555062677732
45,0.960,0.48292485065220275,0.38094114389145395,1727733768315885.2,0.2525708379407961,0.2842427478316292
45,0.940,0.5371948166909195,0.44329860548824945,1968665477936145.8,0.24124559188014855,0.24649037882131394
45,0.920,0.6194537905454933,0.5316182068830738,2310656457923669.0,0.23049380088393923,0.17993667314799985
45,0.900,0.7194437073046552,0.6381266913767887,2713295702387228.0,0.21339384285655155,0.10018376763605334
45,0.880,0.8079747942494498,0.7355007617108411,3057831188420981.0,0.18508697217355036,0.03877743418129405
45,0.860,0.8564850529335737,0.7933257871538099,3223277744146466.0,0.1526785013612146,0.016698659261636394
45,0.840,0.8686014647075317,0.8116714635213933,3221122715260945.5,0.132881427171373,0.017694117737927815
45,0.820,0.8692136267015035,0.8136200322673712,3151978106372350.0,0.1345194114091748,0.014470233733406996
45,0.800,0.8696915300993258,0.8121248411635921,3069449473289948.0,0.15460332677519026,0.003942831761176381
45,0.780,0.8544045118545481,0.7940705793442321,2926182543659463.0,0.18475726610631288,0.006483454528895422
45,0.760,0.8196635504242481,0.7586830906139481,2724091580630993.5,0.2114125298863611,0.026365991670148744
45,0.740,0.7965265015765364,0.736017922262823,2573166071414402.0,0.22770851910545994,0.035743449767625356
45,0.720,0.8020469672697571,0.7419145071338727,2523678725178361.5,0.23509862363143477,0.021495054981437285
45,0.700,0.8091478846688158,0.7484023571226257,2475032428991084.5,0.24500303998960218,0.006017692301057814
45,0.680,0.7923617890553999,0.7293046538106268,2342963940069412.5,0.2722325501919328,0.0005545750140912193
45,0.660,0.7333140332194792,0.6696292468610099,2087978662626583.2,0.3010623153069055,0.02856237772574852
45,0.640,0.6409280770775174,0.579927527688049,1753482375303777.8,0.31449533224338644,0.0948380207835078
45,0.620,0.5979796941515981,0.5393067581212154,1579702330950679.8,0.31787296386234815,0.11879870733778579
45,0.600,0.6395163124984299,0.5806320820467203,1645886889625273.0,0.3132795992419387,0.0679967276387609
45,0.580,0.6562424195231219,0.5981958200963284,1639151421176719.0,0.28075781775737574,0.06956020333637837
45,0.560,0.6301516665710416,0.5719705960714411,1513245660154139.2,0.22513982903549107,0.1360796439539355
45,0.540,0.7357429198231966,0.6704947991531938,1710554360066237.0,0.14676470096778227,0.0904566078450454
45,0.520,0.864219595402582,0.7879097511260816,1935653093228580.2,0.06329327512319945,0.009926777052856703
45,0.500,0.764074325187908,0.6742115630736701,1592626390572384.5,0.06739392489013808,0.057312259033763344
45,0.480,0.7397473112552269,0.6414157040589553,1454549592766666.0,0.15231695705451725,0.01880492801217944
45,0.460,0.6591437608518853,0.5566390736704888,1209704308144824.8,0.2941747236014489,0.005238732147815222
45,0.440,0.5899367782118462,0.46625654563686014,969226601300476.0,0.2944204963832915,0.057989326940900185
45,0.420,0.5654692167513028,0.41735788664456547,828143546670762.9,0.274988837677471,0.09478849235326488
45,0.400,0.6261211005388045,0.4296350487704811,811909085471385.5,0.2437033171493884,0.06793435971949248
45,0.380,0.5911694900549607,0.33880103003713913,608241467914106.6,0.2432660561661128,0.11904434358589844
45,0.360,0.6896733304833821,0.30457614732522376,518019485945136.56,0.28515060271064296,0.002389943357744386
45,0.340,0.6971810883447207,0.27608836002306386,443480696597135.56,0.27371492264193953,0.014947577981418086
45,0.320,0.7263200648683711,0.2632557581338569,397993119868988.25,0.22027445264752568,0.02046631875484798
45,0.300,0.8077704358515323,0.15801308267433,223955641794890.56,0.11790923078234657,0.06697172493292612
46,1.200,0.4977695974562634,0.3356634285065817,1869473228348911.0,0.2736774640792385,0.23816758277784297
46,1.180,0.5109382429424709,0.3454698118700801,1892021594104541.8,0.2808138297531689,0.21794897083915254
46,1.160,0.5254498587716108,0.35609012199223694,1917131458563312.8,0.28885273445094894,0.19547556096999233
46,1.140,0.5395307760351873,0.36629198015051223,1938055632131586.0,0.29684337865340915,0.17344129302307223
46,1.120,0.5507699367312677,0.3743958485359986,1946180089303391.2,0.3034830036208305,0.15552170198241153
46,1.100,0.5565091654392608,0.37854280192112505,1932598577580908.0,0.30732039741630157,0.1457920826326591
46,1.080,0.5503727906507024,0.3784241328232803,1896865588186539.0,0.31079630873039926,0.1489950904266729
46,1.060,0.5360147737709029,0.3728121530052827,1834129112824488.8,0.3095132225401295,0.16507632503788439
46,1.040,0.51426524914917,0.36191008370287564,1746899824090517.2,0.3046288564140888,0.19197731647600824
46,1.020,0.4883267037212853,0.347513869845031,1645152995036822.5,0.29728485985272374,0.22533757567524698
46,1.000,0.4621254854864547,0.3322407372403455,1542008827118799.0,0.2893624202130227,0.2593996298768059
46,0.980,0.4625100696786286,0.3470093811414592,1578342567478566.2,0.2718686110949956,0.28106830520624554
46,0.960,0.48911560246070906,0.38586348829534656,1719249462176852.0,0.2544729107609987,0.27706497048097384
46,0.940,0.5404618901122826,0.446057937414108,1946046007649262.0,0.24146202692321034,0.24400967429465037
46,0.920,0.6192651183266351,0.5315248394231091,2269579344630416.5,0.22925849406222928,0.18238988293313307
46,0.900,0.7170888322638713,0.6360885556096212,2657015386354482.5,0.21165308724137064,0.10534235988899533
46,0.880,0.8069980637636419,0.7346199162465047,3000401324226307.0,0.18400068874269218,0.04196176028518222
46,0.860,0.8591260740433473,0.7957244093699317,3176106888995489.5,0.15247984809145704,0.015306551928400917
46,0.840,0.8729206548484544,0.8156085072478032,3179764900597272.0,0.13299488797281747,0.014080483499691342
46,0.820,0.8724006032788967,0.8164668914702545,3107323065217676.0,0.13448703422483474,0.012021691724182656
46,0.800,0.8718069451893893,0.8139483432011984,3022183349242953.5,0.15439847932080783,0.003034065638461021
46,0.780,0.857852616486041,0.7971272826659276,2885733720692809.0,0.18484475692252114,0.004664596063226696
46,0.760,0.8245646936244536,0.7630739771373544,2691622893329368.0,0.21202527798979148,0.023171205732993198
46,0.740,0.8000951528184371,0.739152322166708,2538631376082589.0,0.228218815612772,0.034006629194563195
46,0.720,0.8032002821633965,0.7427882262344823,2482169790357563.0,0.23514820249985693,0.022378848387167447
46,0.700,0.8095532210667652,0.7485573981456951,2431963905430141.0,0.24504214302684235,0.007620795317665418
46,0.680,0.7940252803053469,0.7305890332419949,2305770292880892.0,0.27291894977605535,0.0005327475926396794
46,0.660,0.7388951643029444,0.6744461726824528,2065975695270387.0,0.3037476301500087,0.02294133356513259
46,0.640,0.64744961500885,0.5855231620349982,1739234058946505.8,0.3184433933761565,0.08667267530168124
46,0.620,0.5983628055731107,0.5393487060531335,1552012835551173.5,0.31920807538180973,0.11839868964721473
46,0.600,0.6353906662051545,0.5766275334045748,1605759884573755.2,0.31271052367724583,0.07342707658408529
46,0.580,0.6595654989205683,0.6010593838120758,1618003114947304.2,0.2836988843244385,0.06377005406741827
46,0.560,0.6371459437336416,0.5782845023076949,1503015843718340.0,0.22903917824163225,0.12502682611214744
46,0.540,0.7328559919218295,0.6678649692330217,1673849482380902.2,0.14716956078428073,0.09233211235687108
46,0.520,0.8597600579233138,0.7836845671460365,1891379232215331.8,0.0632736833204271,0.012796166587650516
46,0.500,0.7663556785064108,0.675767922005848,1568200380049910.8,0.06752071378955452,0.05074694261008821
46,0.480,0.7359525521535777,0.6378791446383871,1421063937920402.0,0.15021390302935222,0.02289008866469905
46,0.460,0.663598345187261,0.5615123117900412,1198812031040277.8,0.2924135782183957,0.004051693724661716
46,0.440,0.5996035165839921,0.4757248247118277,971499249112200.5,0.29637370555002585,0.04571279010620901
46,0.420,0.5666528050620842,0.4203081980940353,819315421465214.6,0.2728174934110514,0.09518286594455716
46,0.400,0.6322879707473704,0.4354507087298493,808412408681621.8,0.24402589895160445,0.05919002443618323
46,0.380,0.592490071430528,0.3408231512788082,601099909081010.4,0.24214397085968659,0.11659467271039717
46,0.360,0.6882882713862065,0.30382088472838636,507637974807130.75,0.28279692671963375,0.00411526803740702
46,0.340,0.7017636151475031,0.27640250386888443,436169072693750.0,0.2721443199954423,0.011000119579756723
46,0.320,0.7234280580241671,0.2626114674175094,390029667498577.56,0.21715861179848628,0.025601628320688602
46,0.300,0.8188345603165861,0.15981807346674828,222526185740343.56,0.11855045113162681,0.054961018234975685
47,1.200,0.497528943687616,0.3351187672390312,1832424251827374.8,0.27234456085273895,0.24004402112959414
47,1.180,0.5093306975547994,0.34401868288165355,1849737372438292.0,0.2786389121175519,0.22201411125960394
47,1.160,0.522671239463612,0.35386297593863036,1870420052767558.2,0.2859397099336813,0.2014332523036369
47,1.140,0.5360585805257444,0.36361368766936364,1888822335489055.0,0.29345437525252427,0.18055955360484352
47,1.120,0.5473925884451801,0.371806304380031,1897495729922818.5,0.30005825525825053,0.16258322845379625
47,1.100,0.5542388086697617,0.37673669161236767,1888324552183918.2,0.30443440756304607,0.15122321702787614
47,1.080,0.5502016816186135,0.37807659963893375,1860585315293284.5,0.30900964762890126,0.15128184521502447
47,1.060,0.5385263917635426,0.3743682018671955,1808218273723878.8,0.30924313976996737,0.1632309893874145
47,1.040,0.5194509237657275,0.3654136171324967,1731665887385991.2,0.30597132844133446,0.18591247424720583
47,1.020,0.49555717552509465,0.35256206973679904,1638633366777263.2,0.29996688701607793,0.21593990195941487
47,1.000,0.47038493639883766,0.3381293495953434,1540738391441141.0,0.2928376291294001,0.2482042582037386
47,0.980,0.4707193476380635,0.35318251878956153,1577143862860358.0,0.2751174217859147,0.2703731049845474
47,0.960,0.49595366193419493,0.3913155036497606,1711765711986897.2,0.25657451465321546,0.2690808066933018
47,0.940,0.544650889121197,0.44959759744220634,1925740971948859.0,0.24197131652755963,0.24036753281244186
47,0.920,0.6200347035935209,0.532272668298683,2231351702786286.5,0.22827510207189827,0.18368194749827838
47,0.900,0.7152766339337537,0.6345492277408569,2602279044539401.0,0.20997983782987822,0.10991364313236532
47,0.880,0.8057803127644753,0.7335350101236208,2941369291267490.5,0.18277189503296926,0.04552414168806457
47,0.860,0.8611181121052721,0.797533916828528,3125313930955825.5,0.15208498377205906,0.014754144226200541
47,0.840,0.8768410909229621,0.8191817858380926,3135491361389512.0,0.13297293836167562,0.011008265091502403
47,0.820,0.8755255323552508,0.8192633978938824,3061141745032078.5,0.13436970928936104,0.00973174890223683
47,0.800,0.873854603805725,0.8157167632609342,2973551122260896.0,0.1540954679193091,0.0023009045289293863
47,0.780,0.8610849915209878,0.7999923135297345,2843324662572983.5,0.18477911275661796,0.003223653643752063
47,0.760,0.829486882042067,0.7674931431258412,2657872425655163.5,0.21251798900663965,0.020111510505393383
47,0.740,0.8040991214694871,0.7426971033389975,2504318057142968.0,0.22872437928446276,0.03190292130448992
47,0.720,0.8048275941980761,0.7441075220115748,2441261073860333.0,0.2352153830844177,0.022820088611490794
47,0.700,0.8100977977040273,0.7488468563946197,2388565120527363.5,0.24500948985430487,0.009169808733760335
47,0.680,0.795270949839247,0.7314921408730711,2266546389906669.5,0.2733508888538556,0.0011501476748483595
47,0.660,0.7437699537917657,0.6786151819377985,2040861542931008.5,0.30604749444786655,0.018369098608486924
47,0.640,0.6541546365675306,0.591273463957989,1724306231282342.0,0.32242300822956654,0.07832982282802263
47,0.620,0.5998001469786718,0.5403267663157925,1526490853707365.0,0.32107193587882127,0.11646761711783485
47,0.600,0.6314141083140351,0.5727401011843967,1565867020893774.0,0.3121965108803244,0.07863029858824272
47,0.580,0.6613319490436594,0.6024756245230145,1592258255363420.5,0.2860121733062334,0.06013537359845085
47,0.560,0.6440425958173919,0.5844797752951235,1491432319441204.5,0.2329756574809671,0.11402749685443113
47,0.540,0.7312866651086762,0.6664151182299545,1639776415747795.2,0.14786742853761176,0.0925517535298339
47,0.520,0.8546582154461452,0.7788615288662898,1845481226341398.0,0.06322353155671409,0.016402495023753058
47,0.500,0.768523914204885,0.6771952390767846,1542872135464474.8,0.06766493316402082,0.04422743437863218
47,0.480,0.7321651766465922,0.6342934410244191,1387322701959149.5,0.14821681119718783,0.02677164098291157
47,0.460,0.6679757988290066,0.5662438040854713,1186881415944972.5,0.2907099497944833,0.0030153188544039117
47,0.440,0.6084972588310522,0.48458367351229503,971555220028588.8,0.297901251111876,0.034914355182958205
47,0.420,0.5695602694241523,0.424553710326027,812508599548027.2,0.2714432416045495,0.09308488937813575
47,0.400,0.6361989743899535,0.4398207866303983,801644426461379.6,0.24341268827475845,0.05401604433955908
47,0.380,0.5959140237692968,0.3442157888249603,596019431435489.8,0.24181711755445237,0.11114727964359701
47,0.360,0.6854750229569959,0.30259391559179744,496373659363264.94,0.27988973443707504,0.007809071508016139
47,0.340,0.7056870612683961,0.2764139466683948,428237706144962.8,0.27027390257405054,0.007948586879010702
47,0.320,0.7211492456739085,0.2621062418131037,382184770301515.06,0.21421243703502002,0.02991896590902272
47,0.300,0.8291949681396167,0.16152093501762366,220798495517422.9,0.1190712547894907,0.04376600738195971
48,1.200,0.49796995845696207,0.33504504910202776,1797455100928327.2,0.2713165900893651,0.24093542014092081
48,1.180,0.5083979096711695,0.3430379219471628,1809663137928900.5,0.27676790523175,0.2251006372437371
48,1.160,0.5204694055698084,0.35204340915411186,1825693238726960.5,0.28327939126144736,0.2065583566890457
48,1.140,0.5329484987357545,0.36119990403064295,1840882535378534.0,0.29020105961565634,0.18717212851660267
48,1.120,0.5440385910492138,0.36925242118869933,1848906606608012.8,0.29658014344123185,0.16966086676449324
48,1.100,0.5515675040626171,0.3746778536352718,1842571327669840.0,0.30125297220604286,0.1573307220862011
48,1.080,0.5492246777156072,0.3771934416265532,1821216131248394.2,0.30667860037477274,0.1548935698086316
48,1.060,0.5399775424009762,0.37520319867477736,1778058302555471.0,0.308251262659173,0.16314059322095464
48,1.040,0.5235682726278272,0.36818030735677576,1711857047843834.0,0.30654918214930593,0.1816564059075811
48,1.020,0.5019593211260652,0.3570352935938968,1628114412349996.5,0.30199232347991245,0.2080113999604984
48,1.000,0.4782125203326955,0.34372261481776295,1536673871579555.8,0.29587502458128967,0.23787426658509248
48,0.980,0.4790195459773539,0.35944289407763863,1574815127797028.8,0.278254716139786,0.2597122525928144
48,0.960,0.503347485505295,0.39722712350112777,1704840399887269.2,0.2588141790965206,0.26044032415717994
48,0.940,0.5497326096902055,0.4538954825748209,1907468233180667.8,0.24274688362486246,0.23562121269118153
48,0.920,0.6218054226194293,0.5339001066444256,2195944880732062.2,0.22754871334755902,0.18377070325492362
48,0.900,0.7141392647177415,0.633627056103148,2549469512677338.5,0.20840663082941555,0.11374111573666618
48,0.880,0.8044850517375992,0.7323958043818201,2881390499206362.5,0.18143487106484443,0.049272062400869496
48,0.860,0.8625273913566577,0.7988167081523855,3071278441352507.5,0.1515032834807745,0.014965719201854225
48,0.840,0.8803378048035619,0.8223690721237312,3088301233662027.0,0.13280856573013433,0.00850849750955715
48,0.820,0.878561734387286,0.8219855648628516,3013364330502947.5,0.134159369711989,0.00763570372327925
48,0.800,0.8758331026098528,0.8174297972535854,2923573735655740.5,0.15368957840395486,0.0017507705657049187
48,0.780,0.8640715150918014,0.8026389074613165,2798906629082458.5,0.1845481430950389,0.002201430975815908
48,0.760,0.8343452282337841,0.77186333545322,2622573110861641.5,0.2128602057908644,0.017296985854565898
48,0.740,0.8084792091509172,0.7465986775111427,2469974877453630.0,0.22919747852035155,0.029518603429083683
48,0.720,0.8069541257642944,0.7458966548831697,2400959066272048.0,0.23529693976791177,0.022803034962980546
48,0.700,0.8108757073777396,0.7493588303507406,2345100554275557.0,0.24492305685038998,0.01056182288418395
48,0.680,0.79621015320643,0.7321180559044926,2225684649382871.5,0.27355439105737483,0.002275547901444723
48,0.660,0.7478880045070617,0.6820924094375426,2012615217457097.8,0.3079251585636386,0.014919803042432508
48,0.640,0.6608401560637018,0.5969957517963096,1708145317054834.2,0.32631912337670876,0.07010773540687222
48,0.620,0.6022300244161779,0.5421843261429129,1502838277206222.2,0.32342580758914496,0.11310425750955086
48,0.600,0.6278478659260238,0.5692069475539121,1526845321407898.2,0.3118602323825964,0.08322745597311411
48,0.580,0.6616530420555611,0.6025464798134407,1562399700732019.5,0.28773063611033084,0.05850379975913148
48,0.560,0.6505096037064156,0.5902529187188862,1477745924421861.2,0.23682707344383677,0.10353494990132311
48,0.540,0.7309728535321901,0.666087280119185,1608046118380639.5,0.14885041086141892,0.09118131048638763
48,0.520,0.8492205639405407,0.7737198935843683,1798708168829233.2,0.06316486805932159,0.02039699108695155
48,0.500,0.7703514592899205,0.6782928273158589,1516215139886451.8,0.06780757474253939,0.03803630219255362
48,0.480,0.728530187891183,0.630784307625871,1353616744215667.8,0.1463550402946293,0.030239323018341095
48,0.460,0.6722332545299402,0.5707928706735432,1173842884385019.2,0.28906028260495126,0.0021541233940633574
48,0.440,0.6164256040569275,0.4926627364661559,969116507545236.6,0.2989335405070549,0.025874895383310066
48,0.420,0.5741065792806467,0.4300405091152855,807480898689219.9,0.2708094678717003,0.0886525422634977
48,0.400,0.6381323996996647,0.4429168344381541,792055800139531.9,0.24199465274397988,0.05201015502022309
48,0.380,0.601075852611636,0.3487850707727583,592536467314845.8,0.24211698715906488,0.10327332687367761
48,0.360,0.6815292901961935,0.30103633544436187,484501381076485.75,0.2765560884770176,0.013061313932147158
48,0.340,0.709019662919369,0.2761645707285474,419778778037760.3,0.26814601317003967,0.005675868928011909
48,0.320,0.7198056141099568,0.26185231183922725,374610538586182.94,0.2115253249736,0.03298552401844389
48,0.300,0.8380412166324169,0.16296552322593869,218570019004157.53,0.11935813728904593,0.03431714121758217
49,1.200,0.4990976922332931,0.3354458951318433,1764449973000995.8,0.2705862078218954,0.24084333473798156
49,1.180,0.5081738964242534,0.34255072135798464,1771791098036170.5,0.2752095001787352,0.2271658193503364
49,1.160,0.5189127257205702,0.350678102058594,1783085869085567.8,0.28090017240871984,0.21075470371967125
49,1.140,0.5303081671518984,0.3591244044816915,1794549291669030.2,0.2871351835070732,0.19312066578852838
49,1.120,0.5408522139931844,0.36683349898459344,1800912583284128.8,0.29312341241785067,0.1765367541850075
49,1.100,0.5486558910968654,0.3724774175267388,1795966594315319.0,0.29786351725315735,0.16386722315354413
49,1.080,0.5475768878883184,0.37586999372446783,1779373153505190.5,0.30388155745809614,0.15961638531619612
49,1.060,0.5404285607254212,0.3753618917069341,1744060981362447.2,0.3065767322882914,0.1647032982781825
49,1.040,0.5265733056530949,0.37018200250970257,1687540721085234.0,0.30634059111887557,0.17927015894341608
49,1.020,0.5073967418442971,0.3608390450188165,1613315543903965.2,0.3032795842177639,0.2017634618932985
49,1.000,0.48542551023188124,0.3488914438598294,1529311451893006.8,0.298356754930763,0.2287032262616979
49,0.980,0.4872409038364221,0.3656653786571278,1570780641839106.8,0.28117094636457324,0.24935757755533705
49,0.960,0.5111814642538912,0.4035094363614376,1697972100839099.8,0.26111810120412154,0.2513282480570108
49,0.940,0.5556578008939045,0.4589131418119486,1890880006992734.8,0.24375232582337616,0.22985650236259308
49,0.920,0.6246023448185796,0.5364304904880354,2163250954274833.0,0.22707641543875312,0.18263906742612915
49,0.900,0.7137923697717012,0.6334258800462621,2498871561328421.5,0.20695973129945872,0.11669107213596791
49,0.880,0.80327650048816,0.7313527013542834,2821078451447909.0,0.18002330044191192,0.053013878885590116
49,0.860,0.8634405533397771,0.7996540247512047,3014436920276776.0,0.15074774535291674,0.01584251878676502
49,0.840,0.8834005172974859,0.8251618451304745,3038253773690593.0,0.13249720715601418,0.00659540570662028
49,0.820,0.8814872854237643,0.8246138694463282,2963944785763788.5,0.1338487735253901,0.005763426011025621
49,0.800,0.8777460893959953,0.8190918515963362,2872289523504135.0,0.15317702956286414,0.0013854509287639268
49,0.780,0.8667915607487088,0.8050491226458852,2752470070928009.5,0.1841419577869863,0.0016274960998309172
49,0.760,0.8390547855295144,0.7761073110243043,2585478844056715.5,0.21302175645161892,0.014836905923239739
49,0.740,0.8131619059895463,0.7507903441519126,2435319913119441.5,0.22960600375709606,0.026957111879569777
49,0.720,0.8095877584054809,0.7481639026175527,2361211385081954.5,0.2353838563487692,0.022334256611883777
49,0.700,0.8119707429780745,0.7501718578969798,2301783271995157.0,0.24479707490787297,0.011708469289374919
49,0.680,0.7969665097357951,0.7325820452497801,2183588531787622.0,0.27355939137333624,0.0037644038560723835
49,0.660,0.7512389743277083,0.6848706774251528,1981335995479584.5,0.3093598996411124,0.012615294334127794
49,0.640,0.6673013043820049,0.6025061787850617,1690235039499525.8,0.3300133894230624,0.06230765142403178
49,0.620,0.6055532885477694,0.54483120121534,1480673424984411.2,0.32620854383617975,0.10846408500056647
49,0.600,0.6249079176101341,0.566223775784659,1489172382781860.8,0.3118032344905269,0.08690559739586781
49,0.580,0.6607207320114128,0.6014476384335453,1529084335164089.2,0.2889223369956937,0.058608387378835045
49,0.560,0.6562306003648385,0.5953149043443484,1461303432235548.2,0.240473140018621,0.09398420782656092
49,0.540,0.7317914915929993,0.666767698737914,1578243225805879.5,0.1500978605257608,0.0883625676363485
49,0.520,0.8437492533118643,0.7685347490295501,1751751403044495.8,0.06311977928375083,0.024432542946807932
49,0.500,0.7716224683033999,0.6788710240778622,1487862843517761.8,0.06793057919349434,0.03244601062286085
49,0.480,0.7251788301033221,0.627465336829291,1320190484003217.0,0.1446540169425776,0.033100321024740594
49,0.460,0.6762894718245518,0.5750863344034944,1159568745390435.0,0.28744511255268973,0.0015457006986803433
49,0.440,0.6232989679707788,0.49987235214031667,964089637247750.4,0.2994539434660813,0.01870470388476547
49,0.420,0.5800995172665351,0.4366323517279697,803842239059865.2,0.27081157523957494,0.08221328269918594
49,0.400,0.6385801747443184,0.44506002649668286,780340598521106.9,0.23998021804428205,0.052449218810669086
49,0.380,0.6074830874308331,0.35426077719649757,590081894417272.2,0.24282799814784853,0.09373802835396959
49,0.360,0.6768982156170588,0.2993540006302214,472381835039714.94,0.27298028595322105,0.019245252457630774
49,0.340,0.7118632970117229,0.2757094702618773,410900076839724.8,0.26581368605455896,0.004019752963370698
49,0.320,0.7196144665197961,0.26192497264841086,367394378745643.06,0.2091521271083799,0.03451066761038393
49,0.300,0.8447895866993043,0.16403969522425246,215712757265789.44,0.11933297938421707,0.0272816076785661
50,1.200,0.5009061353113122,0.3363176712143937,1733249704127792.2,0.27013896047099695,0.23978703042386124
50,1.180,0.5086820535368348,0.34257320203601593,1736063458331681.2,0.27396522131932893,0.2281843633566449
50,1.160,0.5180584644052575,0.3498062168215195,1742672244859269.0,0.2788227065674138,0.2139447235642851
50,1.140,0.5282339270347746,0.3574531875006695,1750065192162070.8,0.28430034608774807,0.19826614894145403
50,1.120,0.5379694968847205,0.3646430192270684,1753945635322784.2,0.28975610877358826,0.1830080348497587
50,1.100,0.5456663090397375,0.37024735609000875,1749100857253746.0,0.29435226444661594,0.17058520010624184
50,1.080,0.5454121441741868,0.3742141243500336,1735697878054704.2,0.30070580643347966,0.1652094991168932
50,1.060,0.5399756106935556,0.37491367081040855,1706739908181542.2,0.30427878596292696,0.16776230235443076
50,1.040,0.5284634903736818,0.3714195645930493,1658930979447171.2,0.30534921543722227,0.17874870376633306
50,1.020,0.5117626623639855,0.3638998513389847,1594087849382924.2,0.30376746947848005,0.19735780530631855
50,1.000,0.4918480180173347,0.3535116607520678,1518217333014818.8,0.3001723148067881,0.22097011398281774
50,0.980,0.49519684916815676,0.37171224004796616,1564455229689790.5,0.28374896017555634,0.2396038920618365
50,0.960,0.5193148109997845,0.41005374802651107,1690605277747355.8,0.2634001315426068,0.24196487774458844
50,0.940,0.5623547773462189,0.4645937774988828,1875562081461488.5,0.24494064832351153,0.22319057361174457
50,0.920,0.6284314623076918,0.539870990671588,2133084307247187.8,0.22684690386374673,0.18029645786315637
50,0.900,0.7143335275078855,0.6340336703824307,2450671119129645.5,0.2056586066631242,0.1186544607239234
50,0.880,0.8023144458444208,0.7305520900057025,2760985089301971.5,0.17856892209056863,0.05656508683576116
50,0.860,0.8639609491470795,0.8001425162007351,2955262074180417.0,0.14983418635014673,0.017267246443449912
50,0.840,0.8860340711277629,0.8275656768175995,2985464818181465.5,0.13203678161308474,0.005266003022925537
50,0.820,0.8842857320604935,0.8271339087574899,2912861794004937.5,0.13343162070862796,0.004138546705315704
50,0.800,0.8796023436724173,0.8207121077467666,2819752751002237.5,0.15255497315894764,0.0012010321034383543
50,0.780,0.8692351474225043,0.8072148870487752,2704045325392416.0,0.18355321955615053,0.0015189120244670318
50,0.760,0.8435336357150747,0.780150668859243,2546374514583509.5,0.2129737014738551,0.012835927738246558
50,0.740,0.8180607760982705,0.7551935663561501,2400049520969565.0,0.22991405281485977,0.024336989093997678
50,0.720,0.8127183945620406,0.7509009886521196,2321909958006721.5,0.23546116769134093,0.021443157501062644
50,0.700,0.8134535182679895,0.751352273701558,2258769144686519.5,0.24464105307242145,0.012539403738926768
50,0.680,0.7976696647192146,0.7330048108729976,2140651350918710.8,0.27339745528185594,0.005466951232276746
50,0.660,0.7538527712246216,0.6869795806380145,1947233200149020.0,0.31034729846939146,0.011425328096627854
50,0.640,0.6733416190265047,0.6076290339743541,1670123907241471.0,0.333389489699518,0.055219204829432045
50,0.620,0.6096353923966984,0.5481456246924001,1459546187883447.0,0.3293371807183051,0.10275640107857992
50,0.600,0.6227602120548872,0.5639405376032586,1453164453739655.5,0.3121028438861049,0.08942507101136742
50,0.580,0.6587876217473673,0.5994101081435708,1493077178903974.2,0.28968268002060094,0.06009549228862837
50,0.560,0.6609278082625433,0.5994121314543861,1441596625039549.0,0.24380385286466646,0.08576048521175186
50,0.540,0.7335623739695165,0.6682903602884801,1549848181561594.0,0.15157662859749027,0.0843093091537929
50,0.520,0.838522956010344,0.7635595449324416,1705204443294308.8,0.06310900613990067,0.028185845180981543
50,0.500,0.7721459072138201,0.6787627295767671,1457532318531686.8,0.06801789955798496,0.027702384695845225
50,0.480,0.7222189118204779,0.6244295487748931,1287226242682680.5,0.14313360504810474,0.03519192674623132
50,0.460,0.6800386107138159,0.5790300672060248,1143902868576983.2,0.285835598270295,0.0012992559349139653
50,0.440,0.6291269683189177,0.5062023791071439,956548643145417.1,0.29949434385998314,0.013352221788749499
50,0.420,0.5872582864323811,0.44412268387295495,801092097462177.2,0.27130832557877366,0.07423108938271339
50,0.400,0.6381616019266302,0.4466645146224158,767311388484019.0,0.23761918696429166,0.05441973007361666
50,0.380,0.6145535944744763,0.3603151995373611,588025799337322.9,0.24370465335139935,0.08344394750415797
50,0.360,0.6721130620046328,0.29778878501814304,460406069352427.3,0.2693751731514587,0.025613749237878347
50,0.340,0.7143132608891033,0.27510087950162465,401699320801668.5,0.26332484631985054,0.002829881307799736
50,0.320,0.7206569345294009,0.26235072174070945,360547462318683.4,0.2071056331360196,0.03438721200085023
50,0.300,0.8491672048835073,0.164690979074503,212188219045016.12,0.11896347728576383,0.02296774333254772
51,1.200,0.5033771567218289,0.33764883573334153,1703652485661558.2,0.26995275418405945,0.2378049965316207
51,1.180,0.5099346067831866,0.3431141080858427,1702374446138612.0,0.27302913107171717,0.22814918055335806
51,1.160,0.517952590240626,0.34945933801805495,1704469160314859.5,0.2770597725665427,0.21606970088791314
51,1.140,0.526810284445531,0.356244184046928,1707603919080794.2,0.28173163710258625,0.2024897137505009
51,1.120,0.5355160862682338,0.3627672480422365,1708364750223489.0,0.2865382704929233,0.18889023289495036
51,1.100,0.5427578763593438,0.3680971928809921,1702510109060973.8,0.29080126524685945,0.17724475507031492
51,1.080,0.5428960310247616,0.3723414538880645,1690828869136067.0,0.29724312817894827,0.17141647552102096
51,1.060,0.5387452951737721,0.37394877597843657,1666681020685812.2,0.30143296111246504,0.17211502514034152
51,1.040,0.5292784348601686,0.3719232668800746,1626376894869198.2,0.3036038888855316,0.18002074810927654
51,1.020,0.5149874706802675,0.3661705320970394,1570428150459947.0,0.30341932768641705,0.19489510942067165
51,1.000,0.4973210545142965,0.3574711399192723,1503057149975145.2,0.30122495696024926,0.21492317840450537
51,0.980,0.5026897954077559,0.3774373945298806,1555268979619886.5,0.28586804082264766,0.23075932931981674
51,0.960,0.5275815920653136,0.4167315237920792,1682139835773283.2,0.26556246094661856,0.2326052174162349
51,0.940,0.5697270283524968,0.4708602241011538,1861034255900845.8,0.24625360863469564,0.2157747103832648
51,0.920,0.6332780927580098,0.5442112321511771,2105182916486707.5,0.22684003644825212,0.176780562914196
51,0.900,0.7158410219873713,0.6355214578642006,2404956563148062.0,0.2045155379717582,0.1195482712272315
51,0.880,0.8017497842268557,0.730132315044796,2701585714548481.5,0.17710036681961916,0.059753702522287254
51,0.860,0.8642042554951438,0.8003901854718962,2894241153372622.5,0.1487803113111142,0.019109323542123385
51,0.840,0.8882580918991921,0.8295999001271529,2930100292573432.0,0.1314275853627095,0.004500580973926561
51,0.820,0.8869465352916438,0.8295368023793923,2860118448324694.5,0.1329026191353025,0.0027779646666562597
51,0.800,0.881415619994833,0.8223043660420755,2766031310084365.0,0.15182144272361536,0.0011881123574545918
51,0.780,0.8714036310619264,0.809138620435484,2653701329433639.5,0.1827772723490426,0.0018795298909377108
51,0.760,0.8477060200617308,0.7839247174037025,2505084956982816.5,0.2126892753906025,0.011390282924856476
51,0.740,0.8230783442828533,0.7597197015540045,2363848382124352.0,0.23008269875382853,0.021789204455826945
51,0.720,0.8163176954457917,0.7540828540378208,2282895705923684.0,0.23550796144977001,0.02018198185543486
51,0.700,0.8153791994278539,0.7529521341241242,2216153903579240.2,0.2444590096264768,0.013004978707364515
51,0.680,0.79844929823497,0.733506978052614,2097237772968140.2,0.27309954518004836,0.007235921366156348
51,0.660,0.7557969118472218,0.6884829874238757,1910608288259252.5,0.3108982623733796,0.011271536081155095
51,0.640,0.6787838000121958,0.6122064232110348,1647450462156329.8,0.3363388300670928,0.04910524973588425
51,0.620,0.614309395354129,0.5519770881648772,1438955121493569.2,0.3327081384096949,0.09624003514143419
51,0.600,0.6215190428925347,0.5624600387953645,1418983781030695.8,0.31281053940267806,0.09062230620173287
51,0.580,0.6561431379704565,0.5966983337357883,1455182044400495.5,0.2901246749968758,0.06255821509964961
51,0.560,0.6643838070834565,0.602346283809268,1418302181689866.8,0.2467278083792012,0.07916892421885723
51,0.540,0.7360539452223199,0.6704423328057185,1522263019013226.8,0.15324170919158853,0.0793008792930767
51,0.520,0.8337815933590329,0.7590121643549944,1659535658237892.5,0.06315079655150027,0.031375378288261264
51,0.500,0.7717681725201164,0.6778344702625627,1425043637449781.0,0.06805653378942156,0.024008234735476017
51,0.480,0.7197253883422317,0.6217412228800141,1254831490826546.0,0.14180656790374332,0.03639400582600142
51,0.460,0.6833684238992386,0.5825244613849417,1126695363945132.0,0.2842013630936097,0.001528512094789191
51,0.440,0.6340003321118881,0.5117091051681091,946695537261443.0,0.2991241059556701,0.00963564520022154
51,0.420,0.5952371012131716,0.45225096530337144,798662515237115.8,0.272134821475836,0.0652657302405278
51,0.400,0.6375292894357135,0.44817398889888727,753773989810174.8,0.23516550628806282,0.05696004611139218
51,0.380,0.6216720869154563,0.3665936141950095,585737461683423.4,0.24449571718129567,0.0733447042784363
51,0.360,0.6677105287578986,0.29658513311581697,448938020010294.06,0.2659499264921365,0.03141240842699961
51,0.340,0.716424130018929,0.2743749783688545,392245463103966.5,0.26070990542042594,0.0020154052456737392
51,0.320,0.7228612916712831,0.26310097590189335,354003002835157.25,0.20535393879740538,0.032712531132772955
51,0.300,0.8512405939390637,0.16493161182157462,208046141958194.9,0.11826531618280213,0.02129365315170398
52,1.200,0.5064792281687055,0.3394191411079193,1675414461189450.0,0.2699972445775997,0.234956752558445
52,1.180,0.5119318550937204,0.3441743593568164,1670572020989197.2,0.2723874432998163,0.22707245467874634
52,1.160,0.5186295458637628,0.3496613860736529,1668439055835030.2,0.2756161299754577,0.217090077469123
52,1.140,0.5261096919119065,0.3555471857371393,1667273241989386.5,0.27945546404209654,0.20569296246182917
52,1.120,0.5336058718055698,0.36128438924561984,1664454404301088.5,0.2835210795291671,0.194019367616218
52,1.100,0.5400825775187844,0.36613141186830966,1656663710222029.5,0.28728604727384405,0.18361975698815175
52,1.080,0.5401991986989693,0.37037079741442436,1645376065617310.8,0.293585634000635,0.17797595231423088
52,1.060,0.5368877758413605,0.3725735032316495,1624510467895110.2,0.2981264828250419,0.17752453306055624
52,1.040,0.5290975938785171,0.37175112274315053,1590341205599111.5,0.30115646290740933,0.18295328999281
52,1.020,0.5170438643098643,0.3676337758618523,1542482551563202.0,0.3022255322393909,0.19440769648669431
52,1.000,0.5017125860986474,0.3606769398985333,1483621300179382.5,0.30143782520977336,0.21076413697373267
52,0.980,0.5095189859405543,0.38269218367493407,1542695992060316.2,0.2874090463802658,0.22313266489635572
52,0.960,0.5357923317315789,0.42339554809389024,1671945834909040.0,0.26749720523406995,0.22353573054673384
52,0.940,0.5776510845456588,0.4776131160259051,1846752866533687.0,0.2476213029081822,0.20779654031424102
52,0.920,0.6391049453529136,0.5494216087069445,2079209481900616.8,0.2270263459617866,0.1721594560858613
52,0.900,0.7183727663794856,0.6379423874401063,2361721331848171.0,0.2035353208276965,0.11931667498415444
52,0.880,0.8017208177316132,0.7302203301310234,2643268470675840.0,0.17564219952972795,0.062424679276952784
52,0.860,0.8642937223710668,0.800511998034494,2831854790699487.5,0.14760472015537165,0.021230532268221698
52,0.840,0.8901058802091191,0.8312965621584755,2872367168397803.0,0.13067205452573763,0.004264079110142261
52,0.820,0.8894651972002267,0.8318192984272184,2805740672256840.0,0.13225749256259128,0.0016917213370777056
52,0.800,0.8832042469396508,0.8238866626195384,2711203664841833.0,0.15097525096277992,0.001332298152502325
52,0.780,0.8733098860743557,0.8108333843193334,2601542395709230.0,0.18181213382403555,0.0026999001785583776
52,0.760,0.8515053274757055,0.7873692062802542,2461482210817871.0,0.21214476340049143,0.010584203746270072
52,0.740,0.8281084738639923,0.7642721772078951,2326400341407269.5,0.23007092990920783,0.01945387630074523
52,0.720,0.8203391804916164,0.7576677578819117,2243964522782282.8,0.2354975417172306,0.018625316518698865
52,0.700,0.81778581004189,0.7550076728081937,2173972713211321.2,0.24424891105916718,0.013078148861746644
52,0.680,0.7994297386719964,0.7342041521603331,2053668928791301.5,0.2726939737746152,0.008933421078438319
52,0.660,0.7571714410716781,0.6894743284465834,1871831362250876.8,0.3110369393146686,0.012034611710114466
52,0.640,0.6834798920808328,0.6161073906393136,1621963496897936.0,0.33876604090655826,0.04418756182234034
52,0.620,0.6193802769620154,0.5561503531764261,1418366908597795.5,0.33619926852554594,0.08921706940005926
52,0.600,0.6212475979510781,0.5618385451871006,1386651943652194.8,0.3139513600601646,0.09040948071273557
52,0.580,0.6530894555883086,0.5935881154546488,1416178100225566.8,0.2903687142683493,0.06557042809128394
52,0.560,0.666458786120811,0.6039900268058157,1391305423367472.2,0.2491792233504172,0.07441021768250973
52,0.540,0.7389916494599358,0.6729714670808608,1494841321870225.5,0.15503743363587674,0.07367251292629136
52,0.520,0.8297152634935331,0.7550648479355284,1615073455206426.2,0.06326002296714273,0.03377475723040141
52,0.500,0.7703838393875955,0.6759957453065494,1390332421653540.5,0.06803741357410688,0.021508914195567167
52,0.480,0.7177317735465836,0.6194285192618736,1223030021768322.0,0.14067720318686047,0.03664060385235128
52,0.460,0.6861802307981495,0.5854815607034545,1107836671511319.9,0.28251849942400475,0.0023230209280959277
52,0.440,0.6380626477925108,0.5164934695560947,934807514289989.6,0.29843494338325943,0.0072899127139544745
52,0.420,0.6036542196214428,0.4607238027791092,795966196086477.9,0.27311712622227013,0.05592401199207061
52,0.400,0.6372868232156371,0.4500048249491063,740426314657997.2,0.23284630579320376,0.059184666795751954
52,0.380,0.6282631877662804,0.3727555381390173,582656216927569.8,0.24497384529231844,0.06433337779926528
52,0.360,0.6641577520020553,0.2959581318288976,438265678553841.25,0.26288039849362527,0.035988007107731236
52,0.340,0.7181901266952246,0.273544681771804,382570850313156.3,0.25797555833910446,0.0015718573445700917
52,0.320,0.7260044497667095,0.26409269360247456,347625036908079.56,0.2038233239375519,0.0297851880622022
52,0.300,0.8513812727259236,0.16483163151789454,203407281484696.94,0.11729551057221492,0.021828161557587943
53,1.200,0.5101659526597176,0.3415987005104654,1648250384031532.5,0.27023317045602013,0.23132490747898848
53,1.180,0.5146611634311531,0.34574643252777804,1640459242138569.5,0.2720180330143832,0.22498706053273834
53,1.160,0.5201118820013868,0.35042843626351106,1634492979601461.8,0.27448831477862345,0.21698594864260817
53,1.140,0.5261925048738196,0.3554038900072766,1629118809438225.5,0.27748948015121455,0.20779800500187498
53,1.120,0.5323402847365293,0.3602641896726509,1622425813936585.5,0.2807463916281737,0.19825303572332187
53,1.100,0.537782417906921,0.3644476042687476,1611957230022271.0,0.2838738935396004,0.18950228891295157
53,1.080,0.5374914465676679,0.3684201597382307,1599900122510576.8,0.28982211914079914,0.18463105532708257
53,1.060,0.5345691749222434,0.3709049434471642,1580862933212201.8,0.2944533180870853,0.18373196005543413
53,1.040,0.5280353290485548,0.3709853844148104,1551371715492385.8,0.2980780727210991,0.18736030505078455
53,1.020,0.5179489422963545,0.3683035656072689,1510538590057372.2,0.3002039208962484,0.19585723542781752
53,1.000,0.5049264700542064,0.3630616405072177,1459842810435413.2,0.30075908415479674,0.20863450892352498
53,0.980,0.5154900412752432,0.38733242422658704,1526285081746531.5,0.2882603624811253,0.2170182501262219
53,0.960,0.5437375727792533,0.4298826067230766,1659383763605574.2,0.26908904115073456,0.21506821739126455
53,0.940,0.5859749868499929,0.484729526297036,1832116381678274.5,0.24896215346621364,0.19948129073814283
53,0.920,0.645849900106782,0.5554513325821121,2054752748379635.5,0.22736654816735194,0.16653396939386808
53,0.900,0.7219652140898731,0.6413307512795373,2320867268028460.0,0.20271501545867968,0.11793211533316116
53,0.880,0.8023502812935662,0.7309290127137417,2586328005181494.5,0.17421416576309598,0.06444338939566337
53,0.860,0.864355347896095,0.8006254271588212,2768557575977410.5,0.146325915396575,0.02349069499571041
53,0.840,0.8916225941372219,0.8326987182912734,2812502465930414.0,0.12977440911794688,0.004508258712244684
53,0.820,0.8918430403644578,0.8339835555998141,2749774431387302.5,0.13149292728464276,0.0008832747406066992
53,0.800,0.8849904849898679,0.8254806627717479,2655355182149768.0,0.15001583832024354,0.0016149774259074494
53,0.780,0.874977957791848,0.8123225434398267,2547703233115034.0,0.1806583495563092,0.003957816655037393
53,0.760,0.8548767429581047,0.7904347423008095,2415490549431595.5,0.21132025200106383,0.010486822599595486
53,0.740,0.8330391910878984,0.7687490704229397,2287399664198367.5,0.22983673833983048,0.01747646741607612
53,0.720,0.824718683694939,0.7615977004590806,2204874375195263.5,0.23539775752332295,0.016869095724679133
53,0.700,0.8206930419854889,0.7575382222616096,2132201871003374.5,0.2440023095352057,0.012755689171481328
53,0.680,0.8007254067097908,0.7352027488158622,2010211552475755.0,0.2722046400409975,0.010436692963799026
53,0.660,0.7581020810963687,0.6900702895858408,1831314756073174.8,0.3107977940344478,0.013563798890288473
53,0.640,0.6873197773195995,0.6192354778854618,1593534733717979.8,0.34059368630177744,0.04063499912086958
53,0.620,0.6246308562921996,0.5604708887687928,1397238291812724.0,0.33967294822594274,0.0820241323831246
53,0.600,0.6219598527940037,0.5620876296197627,1356066562893384.0,0.3155239829140311,0.08877226957705033
53,0.580,0.6499200642880081,0.5903469794283498,1376768968427804.2,0.29053311845417995,0.06871729009484656
53,0.560,0.6671003660971976,0.604295888079476,1360703167537585.0,0.2511224946021696,0.07156621081437799
53,0.540,0.7420693387253137,0.6755969079929127,1466922408146200.8,0.15689935890460618,0.06780176373228267
53,0.520,0.8264571210221469,0.7518377416838904,1572002370023142.5,0.06344755179845923,0.03522166903006986
53,0.500,0.7679431725482857,0.6732054594420386,1353453574080887.5,0.06795603804815081,0.020281592964273402
53,0.480,0.7162229394454533,0.6174773832325575,1191757852149869.5,0.1397402259928446,0.03593002682790285
53,0.460,0.6884074910179415,0.5878410862466569,1087285255002272.0,0.28077649337043314,0.0037224641883174493
53,0.440,0.6414780782779624,0.5206754271676451,921182095299389.1,0.2975247975701891,0.006018987372542587
53,0.420,0.6121252011841148,0.4692400853811624,792446816752681.8,0.2740877832867165,0.04680543967175059
53,0.400,0.6379289474101164,0.45250351445270265,727792670520257.2,0.23084087867684164,0.06037414822206231
53,0.380,0.6338703775778303,0.3785211810968438,578361682988345.5,0.24496601114992417,0.057122177865920956
53,0.360,0.6617913696391158,0.2960672745153416,428566910403802.3,0.26028602331362216,0.038877235672934586
53,0.340,0.7195450013460415,0.27260005237829565,372675275887462.75,0.2551060497396615,0.0015807009505770075
53,0.320,0.7297341057912071,0.26519681409272383,341227489073447.2,0.20240690349884766,0.02607406023358343
53,0.300,0.8501805568186694,0.16450240410725217,198435437794925.88,0.11613905658060775,0.02388979402428977
54,1.200,0.5143744483383591,0.34414695095637393,1621834603557529.8,0.2706116738417389,0.22701738392778784
54,1.180,0.5180956841818066,0.34781355468253744,1611795356759182.2,0.27188984458389553,0.22194835521722756
54,1.160,0.5224096733602505,0.3517683862546263,1602493164690015.0,0.2736643394193637,0.21575787209373062
54,1.140,0.5271069731268984,0.35584796564697857,1593128213263559.8,0.2758425374480892,0.2087474420612926
54,1.120,0.5318080916038231,0.35976787992044384,1582420132630029.8,0.2782465427223091,0.20147072883023665
54,1.100,0.5359875933042855,0.36313531036391533,1568709605818226.0,0.28062270917897747,0.19470550164998435
54,1.080,0.5349368916889036,0.36660349255023306,1554897422498291.2,0.28603510105260693,0.19113703972006657
54,1.060,0.5319640123012681,0.3690657735040248,1536353049285614.2,0.29050935261076477,0.19046873157698063
54,1.040,0.5262339732676866,0.3697276706522236,1510068624342328.2,0.29445427597373725,0.19301447132219415
54,1.020,0.5177629839911438,0.368224275837138,1475006650933671.8,0.29739811659321863,0.1991377818758348
54,1.000,0.5069091604111643,0.3645880975070202,1431805005920878.5,0.29916536852396364,0.2086058262503026
54,0.980,0.5204255203249338,0.39122622599951723,1505689514305657.5,0.2883241868792641,0.21267970669424105
54,0.960,0.5511936453371571,0.4360178968742325,1643830139318946.5,0.2702189576035572,0.20753053089214815
54,0.940,0.5945177746598758,0.49206241898685493,1816475066453064.0,0.25018347665415597,0.19109150789681903
54,0.920,0.6534236220879394,0.5622263195952104,2031329566742321.2,0.22781110906018068,0.1600401468753453
54,0.900,0.7266321259761828,0.6457008814879827,2282208291184805.5,0.20204371766305093,0.11539650118622234
54,0.880,0.8037430097829945,0.732355055644273,2530962708104352.0,0.1728306250545206,0.06569828308495376
54,0.860,0.8645132331605339,0.8008461676874716,2704761294592286.5,0.1449613633305974,0.025753092770581257
54,0.840,0.8928628291410183,0.8338581672882996,2750761029514580.5,0.12874020145103418,0.005174549225488273
54,0.820,0.894086628317916,0.8360365907182046,2692281878659647.0,0.13060645802668844,0.0003501821231570211
54,0.800,0.8867996560354625,0.8271108427416047,2598574014207499.5,0.1489430777703989,0.002014351024860669
54,0.780,0.8764422009854539,0.8136389534972667,2492342511959266.0,0.1793187159448685,0.005619466564607534
54,0.760,0.8577793674859467,0.7930847171090307,2367088869984801.0,0.21020019752719019,0.011149768733749758
54,0.740,0.8377558699442664,0.7730460125623435,2246562235685004.0,0.22933831784625894,0.0160035786971935
54,0.720,0.829375170625711,0.7657991712500255,2165353361738332.8,0.2351714992500223,0.015029105852430256
54,0.700,0.8241014906617491,0.7605455239475979,2090762224837973.0,0.24370416445018053,0.012058820750266087
54,0.680,0.8024371836467429,0.7365966804449963,1967071110384141.2,0.2716495978891276,0.011642639711856794
54,0.660,0.7587324191558941,0.6904036506435736,1789486410844223.8,0.3102221883845987,0.015687591928317948
54,0.640,0.6902369870130298,0.621533836287616,1562162256825609.8,0.34176562634072416,0.038555519366043234
54,0.620,0.6298294428223313,0.5647318361678082,1375040059851872.0,0.342980324077182,0.07502105872333463
54,0.600,0.6236232218568794,0.5631767222754904,1327019596666837.2,0.31750121730786374,0.08576651579441498
54,0.580,0.6469027948713549,0.5872186625710022,1337547559301268.2,0.29072629368677266,0.07161965037038304
54,0.560,0.6663442870586771,0.6032967785668417,1326784604237207.5,0.2525535212194389,0.07059796212408129
54,0.540,0.7449638776697556,0.6780225317956047,1437868853554761.2,0.15875692884311626,0.06209079427896456
54,0.520,0.8240796234341904,0.7493955329983735,1530367851027831.0,0.06371982769152149,0.03562301497000735
54,0.500,0.7644553440732144,0.6694745288447693,1314575253952173.0,0.06781276427123493,0.020329696725297653
54,0.480,0.7151298896796767,0.6158272435098338,1160864486013483.2,0.13897998095102904,0.034332678981431
54,0.460,0.6900297669938128,0.5895825463260559,1065083949867030.5,0.27898293386814826,0.005698325299330198
54,0.440,0.6444011393730866,0.5243694337464638,906090203005805.2,0.2964835708452575,0.005543703797890139
54,0.420,0.620297036755321,0.47751759869470584,787626033374710.0,0.27490063243440666,0.0384479838060486
54,0.400,0.6398061650761768,0.45592013223982897,716193130938428.9,0.22926975456497875,0.06002764731520719
54,0.380,0.6382236332366302,0.3837133109310334,572627039694296.1,0.24437783214663547,0.052139858756551756
54,0.360,0.6607753906159832,0.29699769985107005,419891397082159.3,0.25821490332907465,0.03986872684085665
54,0.340,0.7203820471482714,0.2715162477682665,362540166935181.3,0.2520714700654481,0.002181120049964037
54,0.320,0.7336120959558811,0.2662546297004169,334602003092391.44,0.2009787044374822,0.0221595143916314
54,0.300,0.8483387373231481,0.16407540140126659,193306349835202.97,0.11489269019345187,0.026674663868770005
55,1.200,0.5190236753681958,0.3470115680473105,1595802734590886.2,0.271073670256114,0.22216966206797306
55,1.180,0.5221928114254925,0.3503487099370344,1584296767535973.2,0.27196221788715863,0.21803632144826082
55,1.160,0.525519651823237,0.3536804270057745,1572255134233643.0,0.2731232748232931,0.2134280765835002
55,1.140,0.5288891410230986,0.35690505157614894,1559234919672837.8,0.2745146003307818,0.20850448000998764
55,1.120,0.532085507269482,0.35984832836049874,1544512823273358.8,0.27604432941467466,0.20357366417697456
55,1.100,0.5348155392040899,0.36227545995459054,1527163753781728.5,0.2775803857179942,0.19906510101229913
55,1.080,0.5326903641610957,0.3650283039437329,1510790697909407.0,0.28229860508971655,0.19726696379986589
55,1.060,0.5292483078698613,0.36717953087182414,1491551777637567.8,0.2863880575922836,0.19746761282670042
55,1.040,0.5238557383242667,0.3680933107813722,1467051199100610.0,0.29037961161600706,0.19966055894995796
55,1.020,0.5165851084178252,0.36746758273052305,1436392769815916.0,0.293873936920875,0.2040837406366914
55,1.000,0.5076532957508176,0.3652519846593644,1399737476606484.2,0.29666305600313314,0.21067506439383485
55,0.980,0.5241755001662425,0.39426184335681363,1480692340910930.5,0.2875225063876535,0.21033397581711416
55,0.960,0.5579306672241708,0.44162119347312573,1624707354082495.8,0.27076904983536104,0.20125419987341286
55,0.940,0.6030704503527076,0.4994412941332938,1799145583206820.0,0.2511828104542114,0.18292464471273243
55,0.920,0.6617072128236614,0.56964707981303,2008388421088450.0,0.2282999626416024,0.15285149861026404
55,0.900,0.7323631051880322,0.6510458213531083,2245474209776805.2,0.20150233793717784,0.11174259925880847
55,0.880,0.8059841105882568,0.7345773114021183,2477274821682623.5,0.17150014395218702,0.06610288576217517
55,0.860,0.8648853067121536,0.801284191979677,2640821409953937.5,0.14352664961581638,0.027889401070910515
55,0.840,0.893887736397158,0.8348327587333397,2687402857393385.5,0.12757579781225392,0.006197397800946665
55,0.820,0.896206834574787,0.8379893990065596,2633336647475077.5,0.12959629768966735,8.51776295941304e-05
55,0.800,0.8886590649035341,0.8288034789894593,2540946719542787.0,0.14775704308481755,0.002506693944173378
55,0.780,0.877745950066807,0.8148237179532977,2435635362283855.5,0.17779788732681523,0.007641123592725502
55,0.760,0.8601876477677944,0.7952965991169503,2316310221937036.0,0.20877376750590426,0.012605646780236577
55,0.740,0.8421446463740935,0.7770592992263293,2203636148694466.0,0.2285353176885291,0.015178519974164455
55,0.720,0.8342119242103376,0.7701842284698245,2125108574645586.8,0.234777364422491,0.013238985608505493
55,0.700,0.8279922326931299,0.7640133493228403,2049523928173901.2,0.24333283273358772,0.011033338517857053
55,0.680,0.8046496847079486,0.7384648779790042,1924388547165898.2,0.27103996768828,0.012471137915327035
55,0.660,0.7592159421693802,0.6906160074851266,1746765405327098.5,0.30935481822273725,0.018224565074936694
55,0.640,0.6922111624036538,0.6229873013417518,1527964184311798.8,0.34224863729163174,0.03799298807974584
55,0.620,0.6347390840280581,0.5687223673541619,1351282040287015.5,0.3459666535820622,0.0685771034793329
55,0.600,0.6261616413969959,0.5650360637143202,1299216191396317.5,0.3198307889977752,0.08151427832719205
55,0.580,0.6442679935928609,0.5844123376757061,1298976743212752.8,0.2910408802089677,0.07395132760533697
55,0.560,0.6643059481567103,0.6010981579686913,1289993227505778.5,0.25349760376757624,0.07135644761377473
55,0.540,0.7473524949689256,0.6799528856781176,1407105262250437.5,0.1605368660405099,0.056945020690299414
55,0.520,0.8225934681729903,0.7477465564153823,1490087499666744.0,0.06407862868333931,0.03495699098601703
55,0.500,0.7599868438344092,0.6648642318304151,1273963484436816.2,0.06761270856983198,0.021583323593021377
55,0.480,0.7143271651874769,0.6143690682481769,1130120064498631.2,0.13837008185926503,0.03199581328050667
55,0.460,0.6910795022480666,0.5907311596513949,1041361979253382.1,0.27716520735393724,0.008146200289729158
55,0.440,0.6469532503789874,0.5276650184259365,889743832364095.4,0.2953826987293775,0.005637973546889024
55,0.420,0.6278781042591667,0.48531716135108904,781140122086153.0,0.275442739580131,0.031282051608501706
55,0.400,0.643110084283558,0.46039573583557614,705740905002747.5,0.2281919447733739,0.057883589441768184
55,0.380,0.6412777756808763,0.38828366223732014,565440250121825.5,0.243205091471714,0.0494743822205686
55,0.360,0.6610788712194627,0.2987491833041209,412157525199717.06,0.256637185748558,0.039036605575114784
55,0.340,0.7205901722240032,0.27026717923971677,352148815680392.06,0.2488410232833641,0.0035200131189287837
55,0.320,0.7371757429064499,0.26710074257367855,327551113302535.4,0.1994117680371178,0.01865119584922824
55,0.300,0.8465553167949144,0.16368128880680383,188180360779533.0,0.11364952232096334,0.029382596482472566
56,1.200,0.5240128370258254,0.35012741562680444,1569754440595377.2,0.271549356829992,0.21694683306844095
56,1.180,0.5268924042621945,0.3533134802281189,1557638134274034.2,0.2721841721785257,0.21335799192797886
56,1.160,0.5294240132472607,0.3561542854162314,1543549351596453.0,0.27283470779169466,0.21004212262181834
56,1.140,0.531562547324741,0.3585926133851836,1527321786291589.0,0.27349656927727617,0.20705333688607427
56,1.120,0.5332364573511733,0.3605502910766026,1508718547022139.5,0.27415306837116965,0.20448439268773277
56,1.100,0.5343706781345146,0.3619402841492736,1487489689960924.8,0.2747845489120061,0.20243976537212408
56,1.080,0.530895020381022,0.363794107991768,1467924680831288.2,0.27867667151957776,0.2028154372517704
56,1.060,0.526593791305549,0.36536667134086387,1446968743701216.5,0.2821768906916866,0.2044719117654987
56,1.040,0.5210743399569011,0.36620551412250996,1422926851197441.2,0.2859521268454664,0.20702908360446684
56,1.020,0.5145464141380652,0.36612761292415924,1395266001680795.8,0.28971434384154116,0.21048170117718462
56,1.000,0.5071976829819977,0.3650817784991162,1364000450030197.2,0.2932871554140653,0.21476595238041263
56,0.980,0.526626991170389,0.3963546842402994,1451223916186550.5,0.28580205500095746,0.2101375573542876
56,0.960,0.5637224822207,0.44651455374942467,1601515727716039.5,0.27062811157825434,0.19655949788242538
56,0.940,0.6113988611650026,0.5066743941945384,1779431058621549.0,0.25185015238627095,0.17530797101025594
56,0.920,0.6705501868995973,0.5775868583211502,1985315287130401.2,0.22876249639812965,0.14518067265035334
56,0.900,0.7391218635318231,0.657335740125495,2210314697529749.5,0.20106339400608353,0.10703565252122656
56,0.880,0.8091374884143462,0.7376554477012429,2425272723157994.0,0.17022521831381238,0.06559731463229082
56,0.860,0.8655795369171478,0.8020402555367916,2577027031130131.0,0.14203475587308376,0.02978400538402151
56,0.840,0.8947618377858115,0.8356834197778752,2622680745367702.5,0.1262878252546148,0.007507933471725162
56,0.820,0.8982175856927732,0.8398557709577323,2573018561732064.0,0.1284611192944488,7.761005287320202e-05
56,0.800,0.8905967387786446,0.8305854688655373,2482553816799438.0,0.14645774951015791,0.0030678110525487624
56,0.780,0.8789397906922758,0.8159245786753055,2377765244054977.0,0.17610188956141198,0.0099712913861195
56,0.760,0.8620919989237883,0.7970624834152599,2263238468975675.5,0.2070349260361438,0.014867521999203496
56,0.740,0.8460958884449434,0.7806890474307892,2158411082966570.8,0.227390085315257,0.015136886002698286
56,0.720,0.8391181052140769,0.7746519150708934,2083835591259801.2,0.23417049035107307,0.011647723521871458
56,0.700,0.8323266740831238,0.7679073636777495,2008312208187463.5,0.24286021468895427,0.009749321587122165
56,0.680,0.8074293335144527,0.7408695489728959,1882240065800212.5,0.27037917042566995,0.012867270593908535
56,0.660,0.7597086069096586,0.6908510032030141,1703541367845898.5,0.3082403162038495,0.020993417882965475
56,0.640,0.6932669505127661,0.623621252330715,1491163405327037.8,0.34203213200851823,0.03892905850345999
56,0.620,0.6391279599161873,0.5722370232718467,1325537438474348.8,0.3484774995725899,0.0630553729337518
56,0.600,0.62945898670107,0.5675599665633793,1272293653757545.5,0.32243640276256585,0.07619937389573068
56,0.580,0.642201623307884,0.5820963706489916,1261383777022146.0,0.29154988288184525,0.075449535676069
56,0.560,0.6611644583756443,0.5978633769523843,1250876212996468.5,0.2540043632652705,0.07360377959665627
56,0.540,0.7489317177992766,0.6811105523577144,1374155007209659.8,0.16216709359734627,0.05274950731763692
56,0.520,0.8219486345030551,0.7468438327636481,1450966878307421.0,0.06452095479280216,0.0332727474007956
56,0.500,0.7546552313941977,0.6594804639048858,1231959115092571.0,0.06736526552776341,0.023905629915714936
56,0.480,0.713633625094418,0.6129464048913441,1099228792698400.1,0.1378735998644524,0.029144186922102994
56,0.460,0.6916402778431785,0.5913563923821892,1016322366952000.9,0.2753688971387075,0.010890152736091481
56,0.440,0.6492087402972776,0.5306148263423879,872281001137951.2,0.29426948869195996,0.006149547152805055
56,0.420,0.6346585731994228,0.49245991919913695,772759825899266.6,0.2756413236426288,0.025600899892880107
56,0.400,0.6478741123314381,0.4659603260388256,696359152216317.0,0.22760791698037233,0.05391663387287127
56,0.380,0.6432104077241598,0.39231642773526304,556986214842942.2,0.24152891061924095,0.048877634097491345
56,0.360,0.662473571462429,0.301232970469358,405162611046739.06,0.25544651800275026,0.03674489611323263
56,0.340,0.7200976859253876,0.2688415907512849,341507094040413.9,0.24539793054930806,0.005691861901214985
56,0.320,0.7400085903993217,0.267589243325486,319921174763389.0,0.19759751055234998,0.016094084816827052
56,0.300,0.8454390111565704,0.16343284010773082,183182903600211.2,0.11248702811768681,0.03132011618009261
57,1.200,0.5292200332953502,0.3534156441737284,1543257816622975.0,0.27195796970997693,0.21154518309882533
57,1.180,0.532114854373455,0.3566567665941315,1531453958265774.0,0.27249371097574265,0.20805002322266408
57,1.160,0.5340888788776682,0.35916922307697585,1516102534802022.0,0.27275808528000894,0.20567102563835313
57,1.140,0.5351376346136019,0.36091959478843116,1497224005958408.0,0.27276997964342725,0.20440006486754028
57,1.120,0.5353128356021892,0.3619106512155043,1474996048535682.8,0.2725766524726042,0.20414641994613802
57,1.100,0.5347446650791245,0.36219355993667723,1449789261099256.5,0.2722625696084271,0.20471081353476284
57,1.080,0.5296810536052605,0.36299162649931643,1426565877257959.5,0.27522249419916667,0.20760065793483626
57,1.060,0.524163454779889,0.36374156612844516,1403040692258783.0,0.2779545458726215,0.21124250056859828
57,1.040,0.5180671124439424,0.36418989995498297,1378264931274898.2,0.2812683372847328,0.2148490100022713
57,1.020,0.5118014760032039,0.3643149491122592,1352223980089747.2,0.28501353659413037,0.2180846825119734
57,1.000,0.5056236953524502,0.3641361986580972,1325059327354517.5,0.2890979378580905,0.22073599735856467
57,0.980,0.5277110077609515,0.3974525998819854,1417368861057484.5,0.2831375928393874,0.21217671077679676
57,0.960,0.5683578777405732,0.45053105604333477,1573864847994105.2,0.26969759749348177,0.1937390173828034
57,0.940,0.6192488422312401,0.5135527651696816,1756646581799426.2,0.2520711915615402,0.1685904213007898
57,0.920,0.679769143582947,0.5858903425352376,1961442747962589.8,0.2291179415277388,0.13728006995383873
57,0.900,0.746844243540194,0.6645161096686933,2176303661335631.0,0.20069084126791434,0.10137517655754526
57,0.880,0.8132445712420976,0.7416287752539366,2374874769774107.5,0.16900209658052837,0.06414948957035127
57,0.860,0.8666906811952838,0.8032028958114836,2513594319341831.0,0.14049547054644507,0.03133763993152358
57,0.840,0.8955496956849489,0.8364710478107591,2556828915006209.0,0.1248826151734742,0.009037758533116119
57,0.820,0.9001343188408828,0.8416508434199814,2511408065824294.5,0.12719980159021335,0.00031518790619719116
57,0.800,0.8926400132524078,0.8324830091292594,2423465461936384.0,0.14504487694314946,0.003674648030683397
57,0.780,0.8800795177076105,0.8169940189470368,2318915637518835.0,0.17423756676644825,0.012553187471444356
57,0.760,0.8634985598649081,0.7983888453473754,2208002304122097.2,0.20498225414606333,0.01792946377388198
57,0.740,0.8495075155645906,0.7838422113928002,2110725886450598.0,0.22586882310981413,0.01600240108557634
57,0.720,0.8439706831901185,0.7790900073190892,2041228389522568.2,0.2333035444771258,0.01041667115439622
57,0.700,0.8370466134289024,0.7721751802206026,1966913891207417.2,0.2422520461781473,0.008300486658791868
57,0.680,0.8108230811205848,0.743855025291966,1840639269879129.2,0.26966244502397496,0.012802670219092926
57,0.660,0.7603624388372205,0.6912485136598808,1660158737273175.5,0.3069202511644974,0.023821588188417515
57,0.640,0.6934696128826761,0.6234975228304711,1452065395317080.2,0.3411260872313783,0.041289704990514965
57,0.620,0.6427801665652761,0.5750853450128243,1297464426800284.0,0.3503653380983926,0.058796599119293365
57,0.600,0.6333628921623324,0.5706104413796599,1245840469179923.2,0.3252191589707071,0.07006227906705154
57,0.580,0.6408425025282946,0.5803958822209975,1224965297256725.0,0.29230451812138447,0.0759195369989401
57,0.560,0.6571420363551581,0.5937948016822312,1210029303062410.5,0.2541406060740341,0.07704114539871158
57,0.540,0.7494360589131823,0.6812532548620416,1338670889642323.0,0.1635808240618125,0.049845369070212545
57,0.520,0.8220371358069104,0.7465876796070148,1412718498030066.0,0.06503902711670341,0.030688055298560387
57,0.500,0.7486190119965341,0.6534646138941068,1188949883213223.2,0.06708330248106197,0.027104362953462795
57,0.480,0.7128173744875896,0.6113600406451286,1067848780381373.1,0.13744393586118797,0.026075505730181726
57,0.460,0.6918367458509326,0.591563252649404,990217253666839.2,0.27365317884942086,0.013698360423876762
57,0.440,0.6511910100363936,0.5332309011701187,853767178342843.2,0.2931662140706679,0.007004738742420582
57,0.420,0.6405173507602374,0.4988344477660809,762390009306107.6,0.27546439051095595,0.021553046544687402
57,0.400,0.6539850520904144,0.4725385789711803,687810389527926.4,0.22746633293608595,0.04831778650843197
57,0.380,0.6443803331593467,0.39600812197627466,547594603099844.1,0.23949592301369046,0.04983048083098942
57,0.360,0.6645529310115453,0.3042772827112659,398605695055871.75,0.2544698163980055,0.03362040232006191
57,0.340,0.7189127312495561,0.2672574407379356,330658881007462.0,0.2417520388251112,0.008683683967459268
57,0.320,0.7418068054365603,0.2676179135951964,311628111796203.8,0.19546245636046125,0.0148811012568544
57,0.300,0.845444928953855,0.16341304549734395,178393673256561.47,0.11145921796298719,0.031971950031840696
58,1.200,0.5345013918458629,0.35678308216751864,1515855875975014.5,0.2722079232898296,0.20619296274111262
58,1.180,0.5377591194402213,0.3603134674369395,1505341085020740.0,0.27281723753149384,0.20228121708389987
58,1.160,0.5394624224356397,0.36269279481615896,1489598855119322.2,0.2728419780622688,0.2004138028889521
58,1.140,0.5396107984518581,0.36388581435373657,1468731432541472.5,0.2723065573343807,0.20057387856072537
58,1.120,0.5383546216973637,0.363958554843192,1443252661843684.2,0.2713095376784837,0.20252403990327117
58,1.100,0.5360169346955633,0.36309105222645427,1414101699778974.5,0.2700317233209761,0.2057814323746265
58,1.080,0.5291653121874975,0.36270260895360884,1386905426978972.2,0.27197806435027894,0.21146505472878638
58,1.060,0.5221084957794632,0.3624104647472605,1360125576663117.2,0.2737890526876402,0.21756261738925642
58,1.040,0.5150081885112668,0.36216978457137855,1333576600699487.0,0.2764189500785019,0.22285862246554344
58,1.020,0.508519178014399,0.36215018090831436,1307860100661665.5,0.279870827310362,0.22662719405228615
58,1.000,0.5030485966452513,0.36249946649710973,1283452452839511.8,0.2841757470989458,0.22838827453540358
58,0.980,0.5274063408770436,0.3975387422961409,1379361016038154.8,0.2795330279447335,0.21646298413636658
58,0.960,0.5716520792078924,0.4535237968499062,1541500697113527.5,0.2678973747741238,0.19304127777280486
58,0.940,0.6263537687958601,0.519856308372508,1730149312822512.0,0.25173151094102647,0.16313128762557202
58,0.920,0.6891475668616556,0.5943733097029087,1936063240156216.2,0.22927631307502816,0.12944086470266244
58,0.900,0.7554360873161303,0.6725057207839629,2142944409563969.8,0.20033998530015068,0.09489680402314117
58,0.880,0.8183231051764484,0.7465151255192515,2325914233213538.0,0.16782068192169355,0.06175618777196199
58,0.860,0.8682975621011795,0.8048459131959482,2450663073881770.5,0.13891493615098405,0.032470360932875406
58,0.840,0.8963125806685697,0.8372534013585478,2490053161414936.5,0.12336567257171509,0.010722697951458044
58,0.820,0.9019722050241838,0.8433894323094442,2448580688314448.0,0.12581115204392626,0.0007859664036557205
58,0.800,0.8948139940145297,0.8345201588489237,2363737425974301.5,0.14351748628981553,0.004307017314976439
58,0.780,0.8812238697350321,0.8180871619921284,2259261974027962.5,0.17221198975811758,0.015327451324947379
58,0.760,0.8644280827217528,0.7992954997614932,2150767041163892.5,0.20261851684488724,0.021768121108588907
58,0.740,0.8522879414452119,0.7864352516764772,2060473838107135.0,0.22394258240712647,0.01788331023796815
58,0.720,0.8486367148897686,0.7833770752830596,1996989434797905.5,0.23212785414149942,0.009716117215251023
58,0.700,0.8420744846215485,0.7767465704877199,1925084498833500.0,0.2414683327253964,0.006803221009418594
58,0.680,0.8148575894211395,0.7474470322985001,1799541005243286.0,0.2688766007338583,0.012276189030146257
58,0.660,0.7613204305124949,0.6919400291093653,1616906115381340.2,0.30543066158315907,0.02655208239021834
58,0.640,0.6929180430084416,0.6227080013643496,1411031901550539.8,0.33955751672280365,0.04495540041511877
58,0.620,0.6455059048631755,0.5771009148784126,1266822781766407.8,0.3514959900658914,0.05610372879004058
58,0.600,0.6376891327077053,0.5740213221870473,1219415434282884.5,0.3280594484107092,0.06339412042172597
58,0.580,0.6402826587349018,0.5793931723691526,1189799492243165.5,0.29333339344982545,0.07523494493572036
58,0.560,0.6524820113565143,0.5891136982314507,1168044962519750.5,0.2539822822207284,0.08133904014431156
58,0.540,0.7486542197550834,0.6801886503461309,1300455672563427.5,0.1647203343482753,0.04850899169360566
58,0.520,0.8226973039918547,0.7468297269735249,1374983075655210.5,0.06562039166126311,0.02738515908717656
58,0.500,0.7420648824420266,0.6469821800091936,1145340810981405.8,0.0667821253233678,0.030947092336270972
58,0.480,0.7116054873466555,0.6093767985053463,1035617939152683.1,0.1370265013298538,0.023149619170984306
58,0.460,0.6918178486256943,0.591477727435198,963315703081291.4,0.27208397285062275,0.016307449478989263
58,0.440,0.6528779584232124,0.5354886370385097,834209917545647.2,0.29207327191153065,0.008198986476604164
58,0.420,0.6454145774568781,0.5043925323071122,750050234270443.4,0.274915135660935,0.01915744268166868
58,0.400,0.661203097313597,0.47996186364863014,679734220987239.1,0.2276733817205427,0.04146171316055061
58,0.380,0.6452587137579094,0.3996299489487557,537667810664182.7,0.23728906319824047,0.05164903628347296
58,0.360,0.6667747494882077,0.3076430691392039,392122758084159.3,0.25348593297273003,0.03049022698881805
58,0.340,0.7171493430085186,0.26557067999398326,319691769308316.0,0.23794661733914196,0.012340026757314023
58,0.320,0.7424256617097426,0.26714469116889633,302669694899763.9,0.19297835511111672,0.015192793880239565
58,0.300,0.8468373000633975,0.16366807454057708,173843173136613.16,0.11059257672241998,0.0310430646102583
59,1.200,0.5396909401409644,0.3601220903609053,1487075605176753.5,0.27219747750889084,0.20114994494325308
59,1.180,0.5437008967720418,0.3642032247296534,1478862630841137.2,0.27306919796729684,0.19625470906343906
59,1.160,0.5454727108664464,0.3666793945658626,1463681338271407.2,0.27302332054133666,0.19440034616782223
59,1.140,0.5449630285140016,0.3674810719842913,1441590350972811.5,0.2720676313835732,0.19562903947020255
59,1.120,0.5423897460411248,0.3667153645083505,1413348198810926.2,0.2703366119364634,0.19960254320237122
59,1.100,0.538255371360165,0.364681030286356,1380409371704757.2,0.2680993985443112,0.20557574175201868
59,1.080,0.5294516053575089,0.363000116940597,1349064025019734.5,0.2689741793852067,0.21427489601328736
59,1.060,0.5205665508596398,0.3614703497563628,1318501370126574.5,0.26973664028908456,0.22324063773752453
59,1.040,0.512063083967889,0.36026245636972504,1289301197322720.8,0.2714855261640714,0.23081406522990772
59,1.020,0.5048737939713942,0.359757640062077,1262735058295660.0,0.27438486921674815,0.23583966041335683
59,1.000,0.49961667865751347,0.3602750105974504,1239755890558632.8,0.27861464056013413,0.2374864608002308
59,0.980,0.5257394996172347,0.3966315862724768,1337566593238120.0,0.2750201898528888,0.22293474376476757
59,0.960,0.5734572818528543,0.4553741799728185,1504325010634694.8,0.26517060323225017,0.19465618661489345
59,0.940,0.6324443712514599,0.5253617195483532,1699371455932367.2,0.25072159271975186,0.15928608138770606
59,0.920,0.6984372130201257,0.602823613962664,1908447091924608.2,0.22914003459272245,0.12198988387963035
59,0.900,0.7647711145334039,0.6811946808310705,2109676175151165.5,0.19995753919160553,0.08777396375749127
59,0.880,0.8243659166900636,0.7523096842246103,2278145013931648.5,0.1666645001013864,0.05844405225034794
59,0.860,0.8704608160143877,0.8070262824278317,2388296106915867.0,0.13729532706907027,0.033123915939381764
59,0.840,0.8971052539937052,0.83808209692598,2422522895381123.0,0.1217411952821218,0.01250636844404953
59,0.820,0.9037441947221493,0.8450841993941547,2384601841335597.0,0.12429362219693664,0.001480504245546683
59,0.800,0.8971399210531015,0.8367173110754179,2303407529526767.5,0.1418737398039685,0.004949400699728534
59,0.780,0.8824321265202393,0.8192595439774861,2198964169647382.8,0.17003185420711184,0.018234965533459706
59,0.760,0.8649140159758312,0.7998138211549093,2091724762721743.0,0.1999500077882023,0.026345231731739676
59,0.740,0.8543584170971888,0.7883962539143488,2007605203356218.2,0.22158802416734608,0.020869582922794318
59,0.720,0.8529759203182217,0.7873848104412373,1950839631615664.0,0.2305946464585748,0.009721503443232998
59,0.700,0.8473137636265927,0.7815338161031212,1882555788158868.8,0.24046392559412375,0.005395308721232068
59,0.680,0.8195386988021534,0.7516522120193374,1758846315904087.2,0.2679999568504701,0.011314108274095031
59,0.660,0.7627128030985129,0.6930452843709526,1574010369791220.2,0.30380017139411203,0.029048447512058692
59,0.640,0.6917361487554492,0.6213667914407273,1368453528624032.0,0.3373659824523905,0.04977356325646713
59,0.620,0.6471500165553843,0.5781488651406925,1233483680129218.2,0.3517542249884464,0.055228913995410016
59,0.600,0.6422267354002226,0.577603035116342,1192566918259243.2,0.3308194561005767,0.05652945965170694
59,0.580,0.6405697862926453,0.5791300794810084,1155862454135982.0,0.2946426252448091,0.07333508442123743
59,0.560,0.6474283412084975,0.5840415408464417,1125469696221685.0,0.25360662847033705,0.08616576992262424
59,0.540,0.7464406087665301,0.6777848017288152,1259469418941137.2,0.16553991527200196,0.0489368879613881
59,0.520,0.8237196050943912,0.7473783327863879,1337352480500552.2,0.06624813720840515,0.023604786883442357
59,0.500,0.7351937965215999,0.6402104155691708,1101526071129183.2,0.06647832883772875,0.0351783776279824
59,0.480,0.7096988019933491,0.6067426496704971,1002184777991336.9,0.13656127580408087,0.020770831595767727
59,0.460,0.6917358455751398,0.5912285592864217,935869463719141.0,0.27072586283146116,0.018451843829590236
59,0.440,0.6542146409589578,0.537336834287133,813581996551548.6,0.2909752899688207,0.009776778281803275
59,0.420,0.6493720024326223,0.5091351339770995,735841705380917.8,0.27402156136301753,0.018336981965954912
59,0.400,0.6691892817242157,0.4879861218897475,671690959770339.2,0.228104155089791,0.033863094582754445
59,0.380,0.6463507342702645,0.40348256403110966,527606830606938.1,0.23509629625372086,0.053604652929228114
59,0.360,0.6685285350425334,0.31105123861490236,385333242212943.1,0.2522531720360397,0.02828235573120938
59,0.340,0.7150314695455521,0.2638758906976858,308731306040241.75,0.23405729765918146,0.016358245776787385
59,0.320,0.7418941046009898,0.2661921135301454,293121182263056.25,0.1901630628220398,0.01697968477566201
59,0.300,0.8496718446383312,0.1642039632171313,169514530286674.06,0.10988482404762809,0.028478114227529636
60,1.200,0.5446015034957337,0.363311063449197,1456439933818431.5,0.2718160799763768,0.1967053524571939
60,1.180,0.5497911671510441,0.36822938587780785,1451553876957529.0,0.27315209514188693,0.1902094644285694
60,1.160,0.55202535179417,0.3710686453560028,1437953880480432.2,0.27322671099129364,0.18779445204036138
60,1.140,0.5511581188969379,0.37168394552238926,1415504854393221.2,0.27200342377314496,0.1896473033528383
60,1.120,0.5474336087202903,0.37019436507466186,1385098106712929.0,0.26963291523134636,0.19538892464282875
60,1.100,0.5415169471850128,0.36700475201711363,1348643246255373.0,0.2664632723299759,0.2040379317984943
60,1.080,0.5306314756572081,0.3639491196999441,1313097994041312.5,0.26623068093843844,0.21591921874623743
60,1.060,0.5196610256815204,0.36100854468316645,1278368485145575.0,0.2658412289740819,0.2281111490903535
60,1.040,0.509384798818403,0.35857651123010226,1245798735890856.0,0.266538116525187,0.23849541879136185
60,1.020,0.50103703169499,0.3572598199903149,1217354473316561.2,0.26864866315271807,0.24546109723727508
60,1.000,0.49548928544153603,0.35757837953885485,1194548977961634.8,0.27251559605027714,0.24777133318595757
60,0.980,0.5227808220512326,0.3947821059005882,1292457420089766.8,0.26965539623886164,0.23146453724613153
60,0.960,0.5736709323662558,0.45599848717459274,1462403925004032.5,0.26148711367577193,0.19870417638410554
60,0.940,0.637260300519963,0.5298519115397128,1663853437123389.2,0.24894229945173207,0.15739038448888623
60,0.920,0.7073615100999473,0.611003886892459,1877865613671900.2,0.22860634596801896,0.11528387276066765
60,0.900,0.7746890436043959,0.6904425989373307,2075882640804150.8,0.199481904129932,0.08021910108306979
60,0.880,0.8313395795255399,0.758983721721782,2231247992712895.8,0.16551073041636485,0.0542706162777443
60,0.860,0.8732210322970514,0.8097824169953272,2326480961916338.0,0.13563464747181714,0.033263601515496476
60,0.840,0.897972949136422,0.8389997889998355,2354365292084829.0,0.12001166180464769,0.014343466713547715
60,0.820,0.9054589430699214,0.8467437057851094,2319522227012989.0,0.12264503066513124,0.0023941175162854357
60,0.800,0.8996334580224611,0.8390895936479505,2242492664803830.0,0.1401106359098483,0.005592794458767262
60,0.780,0.8837616428072156,0.8205648287803132,2138160046172857.8,0.16770289401245536,0.02121969360776582
60,0.760,0.8649998884886783,0.7999843231627048,2031083498972510.2,0.19698571785606855,0.03161090882696075
60,0.740,0.8556545737621213,0.7896663148330428,1952126879127799.8,0.21878788995648396,0.025031155444145938
60,0.720,0.8568434736661918,0.7909805457988852,1902527783499911.8,0.22865635714306884,0.010609404602350608
60,0.700,0.8526495417726548,0.7864322037457379,1839043653876604.0,0.23918924316339402,0.004234344917091788
60,0.680,0.8248510172166249,0.7564577491078343,1718408047820515.0,0.2670024290820583,0.009970071202577445
60,0.660,0.7646545289707725,0.6946700397019324,1531634757758574.2,0.3020486639446261,0.03119802578756581
60,0.640,0.6900636238259537,0.6196018558870747,1324723965063082.2,0.3345986881497767,0.055571809887919245
60,0.620,0.647597926865448,0.5781310244649079,1197431488116591.5,0.35104793938553186,0.05636432036976111
60,0.600,0.6467439269863865,0.5811480955687386,1164852077188665.2,0.33334636945772056,0.04983767018472477
60,0.580,0.6417109566283622,0.5796114911065802,1123046373277025.6,0.2962165554737184,0.07022060199302642
60,0.560,0.6422087190371232,0.5787846318870579,1082773771636986.9,0.25308532657530547,0.09121131816153003
60,0.540,0.7427205196982416,0.6739748228907917,1215822404931046.2,0.1660075666407729,0.05123837170385867
60,0.520,0.8248540780906226,0.7480054755243134,1299393918261478.2,0.06690124570029646,0.01963817751668663
60,0.500,0.7282072322338454,0.6333262252581807,1057864846406706.1,0.06618864030580454,0.039537135523562056
60,0.480,0.7067913967058462,0.603199737232423,967241874809497.6,0.13598619742528678,0.019363517058875464
60,0.460,0.6917239236711908,0.5909277988714606,908081779403517.4,0.2696337854002505,0.019894337045754003
60,0.440,0.6551303832188573,0.5387116121878891,791847815008848.4,0.28984884303728453,0.011805449982335079
60,0.420,0.6524461074337266,0.5130921635155022,719908632433426.8,0.2728236777335476,0.01896220179661479
60,0.400,0.6775398195873874,0.4963154237036724,663209093230307.4,0.2286156849221521,0.026123379724422247
60,0.380,0.6481238685101985,0.40785272493983193,517749483115674.1,0.23308348306413934,0.05503284082028436
60,0.360,0.6692232323010644,0.31422044194347304,377893694172522.4,0.25054354271180906,0.027895698895039414
60,0.340,0.7128730811783286,0.26229840368551366,297925223421438.7,0.23018322108805367,0.020316378476447475
60,0.320,0.7403939328370351,0.2648387160122823,283115835309850.56,0.18707208553847327,0.019991425149036318
60,0.300,0.8537920067422916,0.16498594049381002,165348744112341.44,0.10930562343509069,0.024464974850948132
61,1.200,0.5490269048435937,0.3662157591009784,1423482751071045.2,0.2709465104685801,0.1931737613490399
61,1.180,0.5558553910965923,0.37227836397058583,1422930662040609.2,0.2729570363710838,0.18442065008646746
61,1.160,0.5590010941816554,0.37578372531838033,1411984374154753.2,0.2733638865064327,0.18079676011428256
61,1.140,0.5581404545148895,0.37646027677165156,1390138087381187.5,0.2720522598290307,0.18274088636463112
61,1.120,0.5534881790086319,0.3744001686338589,1358275891238584.2,0.26916319783292514,0.18991317823168147
61,1.100,0.5458481988159498,0.3700968267301277,1318687776223201.0,0.26511139143068574,0.201131662740412
61,1.080,0.5327852360231222,0.36560726102031516,1279005763994774.5,0.2637568018938254,0.21630839811723587
61,1.060,0.5195012794497902,0.3611029048901048,1239854667456744.0,0.2621343896413101,0.23203472932399033
61,1.040,0.507111361213722,0.35721019174780794,1203347651341701.0,0.2616337971558476,0.24571046835294627
61,1.020,0.4971714940970733,0.35477279417862784,1172153298801129.5,0.26274559126750874,0.2552493595322717
61,1.000,0.49083478037868866,0.35453010971296944,1148383804196564.5,0.2659799711880324,0.25897702521593446
61,0.980,0.5186372802901722,0.39206848510062264,1244577496715752.0,0.26351425787409866,0.24187132225227367
61,0.960,0.5722406582429934,0.455351857602074,1415964220777257.5,0.25684480790573255,0.2052305009896394
61,0.940,0.6405625510565335,0.5331262015650838,1623273933511300.8,0.24631035644154595,0.15774300200679675
61,0.920,0.7156212773290965,0.6186562303704067,1843618902287410.8,0.2275705271048032,0.10970084998450405
61,0.900,0.7849942550699925,0.7000772246120633,2040903133372898.5,0.19884376178526922,0.07248407834376477
61,0.880,0.8391829668089144,0.766483200749752,2184838030499873.2,0.16433030798656245,0.04932535372088005
61,0.860,0.8765971881780371,0.8131326976258636,2265133537966910.5,0.1339266374659421,0.032879714309742375
61,0.840,0.8989486022157273,0.8400375783623646,2285661611586790.0,0.11817750067089769,0.01620271582555276
61,0.820,0.9071186672595949,0.8483704005001117,2253374077366613.0,0.12086230848560967,0.003529162985630254
61,0.800,0.9023029235946355,0.8416452139655994,2180986508322598.8,0.1382237684453191,0.006236568864442951
61,0.780,0.8852653740649148,0.8220525145429749,2076959838018602.0,0.16522933153000202,0.024231459423499746
61,0.760,0.8647361328578277,0.7998537240695708,1969056134683481.0,0.1937363839629629,0.037507512735672106
61,0.740,0.8561270101318393,0.7902000537258064,1894099146998834.0,0.21553114825479758,0.03041737276987895
61,0.720,0.8600928905139027,0.7940298613688306,1851839168694327.0,0.22626795604956915,0.012553437488725325
61,0.700,0.8579492811687403,0.7913206777816445,1794256334724879.5,0.23759114223430344,0.003495820723927806
61,0.680,0.8307574963924071,0.7618309749715002,1678036770001230.5,0.26584573352570917,0.008324884158622047
61,0.660,0.767243901159282,0.6969048130768488,1489880147822532.2,0.30018644011391876,0.032913775863079565
61,0.640,0.688047023619925,0.6175469676191061,1280217918224011.2,0.3313056561357175,0.06217070733870466
61,0.620,0.6467783525108226,0.5769881457774378,1158757382450851.8,0.34931048153062655,0.05963772253005375
61,0.600,0.6509949021803153,0.5844373099391998,1135855583909237.0,0.3354763154951202,0.043712881227325244
61,0.580,0.6436769377352217,0.5808094153897941,1091177935124155.0,0.29801881092416693,0.06594822132048386
61,0.560,0.6370223183632924,0.5735229845117374,1040333990467977.5,0.2524791558499291,0.0962050517802406
61,0.540,0.7374882766930029,0.6687550794390482,1169754669144546.2,0.16610519367208001,0.055437055337805935
61,0.520,0.8258194705339658,0.7484551833659467,1260674818138724.2,0.06755509424669898,0.015816999418503574
61,0.500,0.7212947616186873,0.6264952768698802,1014662802470417.5,0.06592884312311406,0.043772777296338085
61,0.480,0.7025934290628284,0.5985061122119549,930558673101112.9,0.13524118118623535,0.01934243660453815
61,0.460,0.6918748534419146,0.5906523076450396,880083078127327.1,0.2688452980048211,0.020454735954626907
61,0.440,0.6555571774277181,0.5395515475004087,768987982542115.6,0.2886703701290922,0.014347761480147582
61,0.420,0.6546998563841103,0.5163006345272529,702402232217634.2,0.27136086566908985,0.020895839689230696
61,0.400,0.6858258219283471,0.5046302672853265,653833578791970.0,0.2290609799346796,0.018870715203350208
61,0.380,0.6509525643499999,0.41297805028370316,508328547414513.4,0.23137481593862977,0.055416025139620045
61,0.360,0.6683828704681885,0.3169107098270715,369550122727619.6,0.24817859473146345,0.030058267500819903
61,0.340,0.7110385299042365,0.2609796366251723,287421646576513.4,0.22643241718211815,0.023727743343634387
61,0.320,0.738210152542153,0.2632000700034377,272816047494578.94,0.18378330739118837,0.02384369369494858
61,0.300,0.8588361016636317,0.16593986257038335,161252298825094.94,0.10879878101113807,0.01942576906256164
62,1.200,0.5527456901026073,0.3686916024666355,1387766781668303.2,0.26946791048414515,0.19088867875854967
62,1.180,0.5616936786669796,0.37621960619840517,1392500717288136.8,0.2723649861164502,0.17919840380103383
62,1.160,0.5662535890327292,0.380729761686939,1385309498351781.5,0.2733335173466269,0.17364726105761785
62,1.140,0.5658324167906108,0.3817613695919134,1365113706182681.2,0.27213976871574985,0.17505584552275696
62,1.120,0.5605406203436777,0.379327776802441,1332614897806386.0,0.26888132233683487,0.1832302326479904
62,1.100,0.5512854375810133,0.3739853827165067,1290385008862717.2,0.26402211667816605,0.1968398751166307
62,1.080,0.5359830987131465,0.36802567794043145,1246734198736234.5,0.2615515237392164,0.21537262707060673
62,1.060,0.520183413181538,0.3618224160738051,1203021337532298.0,0.2586356124481491,0.23489683566889524
62,1.040,0.5053646128782232,0.3562505856785488,1162146616270526.8,0.25681595645214855,0.25229651421043503
62,1.020,0.4934257420964009,0.35240275907598845,1127486803634063.2,0.25674655588577844,0.2649887160919895
62,1.000,0.4858193273960843,0.3512491645461057,1101760747520553.2,0.2591037539791614,0.2708456670121739
62,0.980,0.5134429075393119,0.3885890417830526,1194506784471096.5,0.2566853773754782,0.2539360079107734
62,0.960,0.5691651486307728,0.4534291148963448,1365377153771982.5,0.25126886067414417,0.21420553173365642
62,0.940,0.6421455368481367,0.5350102817929161,1577473156513811.2,0.2427632647470752,0.16059010244576502
62,0.920,0.722902862886007,0.6255090046874259,1805067260210412.0,0.22592987465383632,0.10562854653329436
62,0.900,0.7954553445247247,0.7098938509696395,2004047078158106.0,0.19796706837999511,0.06485935225827381
62,0.880,0.8478057137897816,0.7747272833029453,2138471755381653.5,0.16308811604358578,0.0437307127677136
62,0.860,0.8805852846900769,0.817074176166112,2204103233660906.8,0.13216077660101117,0.031988698633184015
62,0.840,0.9000503487260132,0.8412126637201071,2216445637094708.8,0.1162368490478613,0.018069445520516435
62,0.820,0.9087169803753774,0.8499585845036828,2186168401112658.0,0.11894128026953557,0.004897292652951521
62,0.800,0.905147474564082,0.8443837559472441,2118858000641954.0,0.13620711954184456,0.006890321268943436
62,0.780,0.8869894271543063,0.8237656613348784,2015441899056980.2,0.16261338175926787,0.027228618581771207
62,0.760,0.8641764986319701,0.799471635692772,1905849700045375.2,0.19021347847576803,0.043973901997992615
62,0.740,0.8557408287045064,0.7899651625103492,1833629784499548.0,0.2118128073723197,0.037057706828278754
62,0.720,0.8625788584485633,0.7963991366450558,1798602831295034.8,0.22338822869509264,0.01572030143421659
62,0.700,0.8630637743771654,0.7960626715061685,1747902870077012.8,0.23561394264705096,0.0033708587759481213
62,0.680,0.8371988956888688,0.7677188576837903,1637506817879072.0,0.26448369343218536,0.00648628245468552
62,0.660,0.7705618748158836,0.6998243104678036,1448788387138452.5,0.2982137599260458,0.03413501769323691
62,0.640,0.6858318294840681,0.6153345770913019,1235273968792926.5,0.3275353761951296,0.06939505343394432
62,0.620,0.6446625562984484,0.5746990401715621,1117645714114443.2,0.3465009457491862,0.0651132219384278
62,0.600,0.6547272432873082,0.5872465199361488,1105207180697109.8,0.33703895808894924,0.038562698544603105
62,0.580,0.6464066793375997,0.5826672050253089,1060035876789895.1,0.29999353130054834,0.06062525668363322
62,0.560,0.6320323075423402,0.5684035792317056,998428172115035.5,0.25183428316739753,0.1009270052449999
62,0.540,0.7307987924540317,0.6621773725826626,1121605400808112.9,0.16582730342090085,0.06148075009306184
62,0.520,0.826314009463561,0.7484534349251047,1220787644710161.5,0.06818211864443109,0.012501192397162141
62,0.500,0.7146236265950819,0.6198629380544858,972159826876331.0,0.06571283528317576,0.04765915908393049
62,0.480,0.6968550198795969,0.5924561373834111,892009410092938.5,0.13427237673496456,0.021080553634073757
62,0.460,0.6922225298065764,0.5904278480778911,851915775868375.0,0.26837395425617155,0.020034429741987537
62,0.440,0.6554461892386059,0.5398113625741545,745017877244110.0,0.28742296881884494,0.017437961213878878
62,0.420,0.6561783884929441,0.5187854717747007,683453688403900.2,0.2696615383990761,0.024030163443262025
62,0.400,0.6936350235152058,0.5126182541969185,643170407726384.9,0.2293028475271016,0.012698440908420322
62,0.380,0.6550822803031587,0.4190222102534972,499450710988618.0,0.23004147716680134,0.05443565723831291
62,0.360,0.6657303152854837,0.3189644337148884,360177646587342.4,0.24505916505003633,0.03520316843248176
62,0.340,0.7098912975679359,0.2600586863496643,277346236636047.8,0.22290452381138315,0.026111091923895047
62,0.320,0.7356661842446269,0.26140468378864573,262382785907338.84,0.1803790129917462,0.028104514697855715
62,0.300,0.8642560164779902,0.16695591318442593,157106826389821.22,0.10828595063264149,0.013994671116527016
63,1.200,0.5555264984525908,0.370587048580607,1348903722111748.2,0.26725970668406024,0.19019366362797757
63,1.180,0.5670822663923492,0.37990639077798366,1359778206213486.8,0.27124888339146525,0.17488451822389273
63,1.160,0.5736075799905173,0.3857924673927712,1357441750814646.2,0.27302149254449215,0.16662694706238151
63,1.140,0.5741314963151289,0.3875219517314884,1340017992636535.2,0.272178172928444,0.16677569733402475
63,1.120,0.5685614046005855,0.38496127029053756,1307809630321631.0,0.2687295348649166,0.1754225429043768
63,1.100,0.557854607539893,0.37869197868224247,1263537864424210.5,0.26316390643271614,0.19116512110697875
63,1.080,0.5402862554936412,0.37124977371890033,1216184384123934.0,0.25960386886530956,0.21306051996211484
63,1.060,0.5217914287172079,0.363228037774097,1167870529667627.8,0.2553527422970793,0.2366061763145737
63,1.040,0.5042499644867039,0.35577349085418325,1122319203623881.0,0.25211415509840307,0.2581206740314896
63,1.020,0.4899309155570791,0.3502436662653578,1083627285003046.0,0.25070816368510324,0.2744948627397089
63,1.000,0.48059907340566416,0.3478473595709557,1055111072754130.6,0.2519729427539089,0.28313951371193197
63,0.980,0.5073479791467045,0.3844541993495693,1142826110673562.0,0.24926367712521355,0.26741849044013194
63,0.960,0.5644908411506736,0.4502623083055101,1311131634904552.2,0.2448088139422729,0.22553106480572493
63,0.940,0.6418474608312347,0.5353648556348647,1526466161968451.5,0.2382630639041237,0.1661121717394005
63,0.920,0.7288885009292676,0.6312855620380319,1761664301278247.0,0.22358825191017545,0.10345031282818315
63,0.900,0.8058059307139356,0.7196558132793341,1964612111155650.8,0.19677052948691362,0.05767152242964655
63,0.880,0.8570866601414394,0.7836067984549997,2091656367506896.0,0.16174329569711832,0.037643041480583665
63,0.860,0.8851570982403416,0.8215813748932189,2143179301183544.5,0.13032237666548466,0.03063408126278384
63,0.840,0.9012792761492423,0.8425262258249604,2146704091363832.5,0.11418540408828759,0.019947813435555822
63,0.820,0.91023673442328,0.8514923799259948,2117893355343363.5,0.11687649294253279,0.006521634243879077
63,0.800,0.908155242563177,0.8472944300185662,2056050644968321.0,0.13405289460242328,0.007575710025347386
63,0.780,0.8889706451227071,0.8257386470497187,1953649649106657.2,0.15985482303563808,0.03018059854749335
63,0.760,0.8633741989605428,0.7988870061968131,1841655606181888.5,0.18642819805837493,0.05094986802795874
63,0.740,0.854474095155875,0.7889409702234411,1770865997946809.2,0.2076334143334641,0.04496373640050242
63,0.720,0.8641598307738318,0.7979578865285579,1742697216240149.8,0.21998094905038518,0.02026617876830983
63,0.700,0.8678283286129603,0.8005071367688223,1699701735283228.2,0.2332006044565945,0.004063586903797249
63,0.680,0.8440930714525146,0.7740473198029726,1596562386725148.8,0.2628626491298967,0.004588708078653893
63,0.660,0.774671887755662,0.7034872851692351,1408346950012651.5,0.2961206600959992,0.03482747368029749
63,0.640,0.6835558999427424,0.613089947778399,1190182716084419.2,0.3233311704780758,0.07708311641229654
63,0.620,0.6412603805408434,0.5712768444173104,1074354928080081.8,0.34260253788211714,0.07279674199306978
63,0.600,0.6576896662396405,0.5893535898679909,1072597186083171.1,0.33786258761749655,0.034796151788646944
63,0.580,0.6498116764195894,0.5851036690319265,1029367102818727.9,0.3020666602110371,0.05440427190178374
63,0.560,0.6273626102642755,0.5635375086167169,957238867510195.5,0.25118007904511885,0.10521339240292049
63,0.540,0.7227540027904155,0.6543364631648712,1071776799339618.6,0.16517843715494188,0.06925804709011188
63,0.520,0.8260275128535924,0.7477192543408991,1179373533496434.8,0.06875262979865043,0.010065039724799347
63,0.500,0.7083306132596888,0.6135472833785828,930523855563299.9,0.06555184413731131,0.05100589657098732
63,0.480,0.6893880755955234,0.5848988713709282,851591838055931.2,0.13303612569521306,0.024878345885554976
63,0.460,0.6927276027835041,0.5902168441342269,823529007195742.6,0.2682040695746199,0.01863568177737343
63,0.440,0.654779657139052,0.539471840998182,719997397635718.9,0.28610099515231746,0.021065204364801745
63,0.420,0.6568923605934248,0.5205460700428738,663159403263820.8,0.2677364226709647,0.028311781858116936
63,0.400,0.7006103252011311,0.520003292887293,630921830622172.6,0.22922579119052533,0.008109968077327624
63,0.380,0.6606111389258379,0.42606009456731747,491093205699841.94,0.22909740720717567,0.05199639491264926
63,0.360,0.6612378466978819,0.3203346753205651,349796872974675.0,0.2411812489877852,0.04339425009665267
63,0.340,0.7097400286553346,0.2596533161971713,267782542244559.3,0.21967391706681383,0.02706422002341754
63,0.320,0.7330592981818194,0.2595704664024928,251950210436236.6,0.1769293486958114,0.032379652649858245
63,0.300,0.869350792074733,0.16789523600612422,152780911826867.22,0.10767217910559533,0.008978726837709191
64,1.200,0.5571350368197859,0.3717479835006559,1306575570550855.5,0.2642063358022198,0.19143111003856206
64,1.180,0.5717766058808513,0.3831776569318928,1324301439369584.2,0.26947674548433853,0.1718466190738521
64,1.160,0.5808578516344055,0.39083723512597796,1327879260333538.5,0.27230188703218805,0.16005810093311285
64,1.140,0.5829072533513744,0.39365798736597324,1314403132388493.2,0.27206579733490344,0.15812501554873204
64,1.120,0.5775019003568204,0.39127210847462895,1283516865340685.8,0.2686376525448968,0.16660331315825747
64,1.100,0.5655707214811719,0.3842312076397242,1237912611028492.2,0.2624949318889093,0.18413049641997614
64,1.080,0.5457477986471623,0.3753198678251641,1187216644035093.0,0.2578930747512233,0.20933800288655582
64,1.060,0.524398557119713,0.3653736514703152,1134351780465515.8,0.2522824632940869,0.23709288050997604
64,1.040,0.5038568266256818,0.3558437385245629,1083920260001478.1,0.2475443747537106,0.26307915124577497
64,1.020,0.48679870270416964,0.3483757923716301,1040765308497701.4,0.24467180309872755,0.2836177385094832
64,1.000,0.47531400920496103,0.3444249676610353,1008786571832839.2,0.24466019057646968,0.29565017081810974
64,0.980,0.5005080680522748,0.3797783335578142,1090086412876877.4,0.2413440416375287,0.2820744350508032
64,0.960,0.558304844983183,0.44591528464588215,1253799979151763.2,0.23753394914004414,0.23905182195641614
64,0.940,0.6395576872552718,0.5340918686517405,1470443987690677.2,0.23279845906310223,0.17441543431493065
64,0.920,0.733268334227173,0.6357144708834176,1712989067006002.2,0.2204609102236135,0.10352932129916437
64,0.900,0.8157470582527636,0.729096394033314,1921905926798996.8,0.19516960860736737,0.05127889921809964
64,0.880,0.8668723796793644,0.7929827692611306,2043859740444803.8,0.16024970699604282,0.031253271887386504
64,0.860,0.8902589771208617,0.8266051151171213,2082098186902812.5,0.12839275947515993,0.028887265725266974
64,0.840,0.9026173999566486,0.8439615128666721,2076378839688723.0,0.11201636753766449,0.021862698424586307
64,0.820,0.9116478918940056,0.8529437216756791,2048513807274059.8,0.11466110197896426,0.008438867311948933
64,0.800,0.9113014176481592,0.8503542689740559,1992482655754467.0,0.1317514071453664,0.008328265189882297
64,0.780,0.8912342113806702,0.8279949364900778,1891589740825835.0,0.15695064272622164,0.03307031017771366
64,0.760,0.8623779107472065,0.7981444254847812,1776641258189951.5,0.18239050470808307,0.058380586797607305
64,0.740,0.852315263134498,0.787116060032216,1705984809253946.2,0.20299828564380615,0.05413228524441456
64,0.720,0.8647001875667698,0.7985807028360513,1684053848976010.0,0.21601588104554023,0.026333731822120475
64,0.700,0.8720641834376909,0.8044897819068325,1649389549987920.8,0.2302940499200136,0.005788156894970561
64,0.680,0.8513340667445322,0.7807203604160116,1554923705092998.8,0.2609219862422598,0.0027930985198705645
64,0.660,0.7796198787128348,0.7079365685692927,1368494159686096.0,0.29388694789043607,0.03498295356587033
64,0.640,0.6813444299753418,0.6109266607958472,1145179904410740.5,0.31872837484831656,0.08509365651368332
64,0.620,0.6366136721989867,0.566762986438622,1029195398604724.8,0.3376193580868547,0.08264537690258338
64,0.600,0.6596396452895122,0.5905452304813433,1037789047550927.1,0.33777945177564095,0.0328115142327203
64,0.580,0.6537800275749448,0.5880169030618329,998901051546029.0,0.3041472401996332,0.047478120563027984
64,0.560,0.6230980349100147,0.559000202856425,916863446888917.8,0.2505281973393126,0.10895750093388445
64,0.540,0.7134862854322671,0.6453548783521974,1020697435135354.9,0.16416974699663847,0.07861900291901062
64,0.520,0.8246542599095279,0.7459764636804436,1136143361437389.2,0.06923574938219332,0.008882125772950845
64,0.500,0.7025161719377515,0.6076341134364251,889850027982687.8,0.06545379030297717,0.05366703826208922
64,0.480,0.6800827011875745,0.5757515839012629,809433258679691.5,0.13150201763730923,0.030939165439098106
64,0.460,0.6932679681264966,0.5899105061996379,794783109331854.8,0.268287018806646,0.016375037163957922
64,0.440,0.6535763733964917,0.5385443998912148,694030980272910.8,0.2847118060177648,0.025166741077681107
64,0.420,0.656810654684198,0.5215501559386638,641578846379499.9,0.2655758964944889,0.033751857676290194
64,0.400,0.7064791986287082,0.5265687629572936,616907073636683.0,0.2287441702963407,0.005478587448801303
64,0.380,0.6674857693985304,0.4340714088439351,483113800791356.7,0.22850050863005367,0.04822775348258611
64,0.360,0.6551306823912458,0.32109328739233134,338562141930712.6,0.23663344273030326,0.054322106693555305
64,0.340,0.7107888385078861,0.2598426635628638,258758153145326.1,0.21677545622423158,0.0263316034963043
64,0.320,0.7306084506878254,0.25778613489160124,241609607386432.34,0.1734801670369796,0.03638115223591735
64,0.300,0.8733188503072393,0.16860023009689584,148144005893086.38,0.10685362444653343,0.005297466478497749
65,1.200,0.5573424113396785,0.37202301299292717,1260555628752859.0,0.2602025586982388,0.19492912745147456
65,1.180,0.5755162838812661,0.38586102084955587,1285653334197154.2,0.2669158091200409,0.1704695635872728
65,1.160,0.5877693044089262,0.39570893412869107,1296118797174408.0,0.27103880284825954,0.15430267431192599
65,1.140,0.5919983278314809,0.4000644684386125,1287792219686436.5,0.2716869600556452,0.1493726578832439
65,1.120,0.5872914443214362,0.39821703706096234,1259356892811064.5,0.26852223869099073,0.15692027868455818
65,1.100,0.5744368159517572,0.39060994815888966,1213240639158845.0,0.26196253315039214,0.17578122630445067
65,1.080,0.5524133973075056,0.38027166219310415,1159654673883448.2,0.2563886169114635,0.20418760923313303
65,1.060,0.5280685913418948,0.36830699782665377,1102368513024351.8,0.24941074136891103,0.23630672018141982
65,1.040,0.5042594316836964,0.3565157741545437,1046943038827024.1,0.24310948835928242,0.2670959164145231
65,1.020,0.48412034962228373,0.3468650258207526,999014170167862.5,0.2386634163871453,0.29224264921836546
65,1.000,0.47008350993034465,0.34106750245732514,963055476390279.4,0.23722267988282247,0.30820496102464756
65,0.980,0.4930739049821618,0.3746721844067868,1036784491385039.0,0.2330158114386401,0.29767039228655906
65,0.960,0.5507250054743691,0.440475982912524,1194000285356295.8,0.22952754023041227,0.2545706732508617
65,0.940,0.6352201378195905,0.5311375092257407,1409761968798932.8,0.22638502308072977,0.18552890044497544
65,0.920,0.7357531939566012,0.6385404683296841,1658773994156088.2,0.2164791782898597,0.10619231105287266
65,0.900,0.8249514507399398,0.7379223751916808,1875271497616136.8,0.1930790800484179,0.04606486179934298
65,0.880,0.8769759358623037,0.8026851257983355,1994522094804884.8,0.15855657797474554,0.024787199410572433
65,0.860,0.895810628899663,0.8320713245607259,2020551716241491.8,0.12634951940151976,0.02684823795733295
65,0.840,0.9040258142260233,0.8454820809257949,2005370665869713.2,0.10972048232235812,0.023861314452129644
65,0.820,0.9129054306502723,0.8542703751656894,1977972104932137.2,0.11228682317640959,0.010701180568522192
65,0.800,0.9145462626985938,0.8535262539288548,1928047972126954.2,0.12929102072045656,0.009199181113594598
65,0.780,0.8937912355112602,0.8305448272975016,1829231386959578.5,0.1538947632650278,0.03589645693044284
65,0.760,0.8612277124265365,0.7972803685429712,1710943337916746.2,0.17810826279755518,0.0662209635310204
65,0.740,0.8492596661040658,0.7844850305713629,1639182635554767.2,0.19791653785219102,0.06454954093117411
65,0.720,0.8640717693223228,0.7981486240396416,1622658876697469.8,0.21146955555598188,0.034049918680197085
65,0.700,0.8755801500139545,0.8078345092161375,1596729708221023.8,0.2268386131727605,0.008765445154947987
65,0.680,0.8587910107126814,0.7876189895343428,1512293394962057.2,0.2585948104458988,0.0012866434594229802
65,0.660,0.7854342507115559,0.7131990415267772,1329124460451450.2,0.29148228934502357,0.03461898166477371
65,0.640,0.6793063117832371,0.6089433856381379,1100443769049051.4,0.313752318825644,0.09331086784638802
65,0.620,0.6307879493146719,0.5612196189691785,982506649385649.8,0.3315721106123072,0.09457930632665928
65,0.600,0.6603504073543892,0.5906232025476309,1000628155303943.5,0.33663102671657785,0.03298474738997658
65,0.580,0.6581800610758916,0.5912877213717761,968362177487687.4,0.30612868128521376,0.040075518027687836
65,0.560,0.6192867925260388,0.5548338368320592,877327878706875.5,0.24987259680332416,0.11210728452783701
65,0.540,0.7031411288636801,0.6353670817382974,968789524994040.0,0.1628151987707844,0.08939710182504103
65,0.520,0.8219057631987405,0.7429653081433881,1090894728704924.8,0.06960040434047972,0.009310177485643664
65,0.500,0.6972404939592087,0.6021737218845489,850164111826796.5,0.06542277366686448,0.05554740750763833
65,0.480,0.6689153840214627,0.5650060553197216,765782264471110.9,0.1296545183220436,0.03935474975074475
65,0.460,0.6936347203961957,0.5893258521462573,765463150817376.5,0.2685391880559074,0.013490403474264735
65,0.440,0.6518901473139348,0.5370697722674005,667258862043671.1,0.28327448289002294,0.02963147555448099
65,0.420,0.6558623165857481,0.5217350164218204,618742916552242.2,0.26315107453008946,0.040422483172937645
65,0.400,0.7110690088436419,0.532170670187277,601065624377118.6,0.22780528155084553,0.005028886722211483
65,0.380,0.6755084179098314,0.44294137962299196,475270452186459.2,0.22815787752272115,0.04346801955785018
65,0.360,0.6478436518744425,0.32141727837887735,326725238994788.0,0.23157693166936605,0.06737004256577489
65,0.340,0.7130959843795691,0.26065288513987456,250237514466154.03,0.21419397625040337,0.02386057270576537
65,0.320,0.7284211705771892,0.25609982214130234,231403657693589.25,0.1700465467108235,0.039970476883287955
65,0.300,0.8753299310112496,0.1689086932291795,143081742633606.6,0.10572738044676781,0.0039002168116242146
66,1.200,0.5559343391607104,0.371269339940678,1210727304234806.8,0.2551590293553408,0.20098729195120202
66,1.180,0.5780318443318502,0.38777703693070875,1243483708794598.2,0.26343765633056815,0.17114402716854854
66,1.160,0.5940785340718829,0.4002326654346087,1261672174779963.0,0.26908925485243307,0.14975821376456602
66,1.140,0.6012097650226134,0.4066133576440688,1259686565345472.8,0.2709124354079314,0.14083417940305107
66,1.120,0.597833934540174,0.4057356208970642,1234915281789620.5,0.2682858640847743,0.14655992033075563
66,1.100,0.584442373329898,0.397826221286975,1189219699151172.0,0.2615025409228969,0.1661869377248805
66,1.080,0.5603216616674263,0.38613647454177896,1133288775386244.0,0.25505006452155876,0.1976082649063454
66,1.060,0.5328570916815293,0.37207051054775997,1071783631685242.0,0.24671316004347082,0.2342155773950273
66,1.040,0.5055177892000061,0.3578343135883655,1011326361430960.6,0.2387998125287909,0.2701211934167464
66,1.020,0.4819663593966126,0.3457626199520677,958416356445233.0,0.23269375922169108,0.3002902503314136
66,1.000,0.46500334828630563,0.3378435300773082,918103432423270.4,0.2297010766305459,0.32067079286439804
66,0.980,0.48518267683363436,0.3692363043102349,983346272516270.8,0.22435846782024438,0.3139963213707913
66,0.960,0.5418882964177777,0.43404736888969286,1132359598409059.5,0.22088068927907814,0.27186576070175966
66,0.940,0.6288322404911754,0.5264915651281877,1344916358756228.0,0.21906344657709742,0.19940746209385857
66,0.920,0.736086949284552,0.6395351306593962,1598925533962286.0,0.21159456094606763,0.1117144200919442
66,0.900,0.8330697218072517,0.745819349807972,1824114774027884.0,0.19041607890370246,0.04242897290312426
66,0.880,0.887176018958147,0.8125117488227297,1943069462572691.5,0.156609376867206,0.01850518131561691
66,0.860,0.9017038599364744,0.8378797874533723,1958196048428021.0,0.12416687410065852,0.024646216668632898
66,0.840,0.9054429566228359,0.8470301327759315,1933544409020468.0,0.10728615912671192,0.02601460501835048
66,0.820,0.913947271795174,0.85541396986054,1906190038292263.2,0.10974395633930009,0.013378112354914668
66,0.800,0.917833032252251,0.8567573450277066,1862618139335190.0,0.12665815471960742,0.010257105909746865
66,0.780,0.8966362610865776,0.8333831161454434,1766506765542278.2,0.15067785180957083,0.03867578923458486
66,0.760,0.8599509997838862,0.7963194117971144,1644662914464496.8,0.17358650583995516,0.07443979639036334
66,0.740,0.8453052207445763,0.7810445322825692,1570664836150554.2,0.19240000113044045,0.07619592523674645
66,0.720,0.86215460837186,0.7965497736238207,1558552441086313.5,0.2063257862050465,0.04352481108378492
66,0.700,0.8781744306301933,0.8103550166444204,1541520731400979.0,0.22278158973019033,0.013219510322122145
66,0.680,0.8663068664823351,0.7946000104446365,1468363173453635.5,0.2558088073388171,0.0002824317320222401
66,0.660,0.7921255622389711,0.7192853479691297,1290093401609120.5,0.2888663328671674,0.033778606117664124
66,0.640,0.6775316313802101,0.6072216722439382,1056095621830874.6,0.3084170052108742,0.10164759365393258
66,0.620,0.6238632218281874,0.5547213419192201,934636137982341.8,0.3244933114381775,0.10849488144977278
66,0.600,0.6596168034740256,0.5894094631657893,961046407095213.6,0.33427292382763985,0.03565931345512797
66,0.580,0.6628634238742389,0.5947825950969604,937480514568166.4,0.30788998780945237,0.032457257765621236
66,0.560,0.6159444855047264,0.5510510783881607,838601989447746.2,0.24919018800600612,0.11466089769580048
66,0.540,0.6918610296539361,0.6245048185519416,916443210757808.8,0.161127857438438,0.10142997877917329
66,0.520,0.8175223966651417,0.7384530022835327,1043523440217465.6,0.0698162977725691,0.011677036681469376
66,0.500,0.6925211369953528,0.5971790444565469,811429081328483.0,0.06545864402987676,0.056607095852960226
66,0.480,0.6559474134204327,0.5527264532252791,720987096644859.8,0.12749285685510753,0.05010348273417702
66,0.460,0.6935341977441799,0.5882081565150183,735300529751225.6,0.26884177159255435,0.0103412021461496
66,0.440,0.6498018975499174,0.5351113182516237,639842108793060.5,0.2818158637064371,0.034312716534896114
66,0.420,0.6539461348244421,0.5210149453477402,594669242339528.2,0.2604178037461253,0.04844208180518922
66,0.400,0.7143059980384797,0.5367387320587068,583443669446443.9,0.22638698672714885,0.006842258254832557
66,0.380,0.6843537677894183,0.4524680357004347,467248058550843.06,0.22793420147732704,0.038233361693769265
66,0.360,0.6399453081388,0.32155846173428304,314585316626181.75,0.2262141759472211,0.08172853009645817
66,0.340,0.7165427950355883,0.2620461710637839,242121156730969.3,0.21185792078406349,0.019843459069222486
66,0.320,0.7264809294179435,0.25451519583877935,221329702398023.6,0.16661187272280628,0.04317458066469072
66,0.300,0.8746120445252089,0.16867086013768015,137510961604107.12,0.10420259635035824,0.005666618255459487
67,1.200,0.5527205495309272,0.36935879254486575,1157098696426550.5,0.24900768415986926,0.2098623486293303
67,1.180,0.5790533712113514,0.38874462863600634,1197531993952806.0,0.2589241412759633,0.1742525757265532
67,1.160,0.5994972531351109,0.4042157102725894,1224085897442320.2,0.2663072169807448,0.1468508800988665
67,1.140,0.6103109840049795,0.41315189973123806,1229575842085156.5,0.2696006975374023,0.13287290950636704
67,1.120,0.6090040189736402,0.41374744222630905,1209745627644553.0,0.26781658181373047,0.13575192209335257
67,1.100,0.5955611620503158,0.40586761220457107,1165514814526587.8,0.261038505058486,0.155444631581827
67,1.080,0.5695041378090566,0.39294119560565516,1107878244531375.4,0.2538267668938809,0.18961562414865218
67,1.060,0.5388123588361551,0.37670197186955307,1042424176601811.4,0.24415510674275,0.2308043041403336
67,1.040,0.5076785488949533,0.35983491412055707,976961288950869.2,0.23459363401144145,0.27213007945270024
67,1.020,0.4803865282456716,0.3451051600668288,918950971434268.9,0.22675895863243914,0.3077159235963598
67,1.000,0.4601438440662397,0.3348032665814182,874038178098541.0,0.22211935270851418,0.33295607528451254
67,0.980,0.47695107177500906,0.36355577370604647,930117548568675.9,0.21543864913638236,0.33087510213592664
67,0.960,0.531938778061116,0.42673797450264583,1069481412608287.0,0.21168642070862045,0.29070769031126936
67,0.940,0.6204395630713082,0.5201832158718314,1276512010247787.8,0.2108960838401393,0.21594062908198308
67,0.920,0.7340571136810486,0.6385061338004341,1533534735496623.5,0.20578180432965043,0.12030673681874013
67,0.900,0.8397384425709191,0.7524587213788683,1767933422452338.5,0.18710353318397532,0.04077607606488152
67,0.880,0.8972166203481522,0.8222279898513601,1888929048336385.5,0.15435093607722897,0.012701086635682382
67,0.860,0.907801239379329,0.8439028119011841,1894661375363845.8,0.12181610982860142,0.022440268105154187
67,0.840,0.9067829191979175,0.8485248907902775,1860735267131225.0,0.10469969109329019,0.028418485567848244
67,0.820,0.9146922046235071,0.856298023970909,1833071945166055.0,0.10702148586500108,0.01655829247978699
67,0.800,0.9210857575066099,0.8599763805818481,1796045054318482.5,0.12383736072286748,0.011589953853272106
67,0.780,0.8997446145832871,0.8364866089074491,1703312415414824.5,0.14728721594763883,0.04144537059673144
67,0.760,0.8585583731706481,0.7952704141735792,1577862427562345.8,0.16882685708590114,0.08302373678240844
67,0.740,0.8404475089562738,0.7767887297892754,1500635969543831.8,0.18646210678624142,0.08905146195739745
67,0.720,0.8588367221887845,0.7936791424858439,1491826028816831.8,0.2005759101340349,0.05485153622332374
67,0.700,0.8796365421063553,0.8118564964339136,1483604106334491.5,0.2180748473937997,0.019373925058159686
67,0.680,0.8736970889459028,0.8014947066923148,1422821069326035.0,0.25248733245469074,1.8887819092146998e-05
67,0.660,0.7996857625539188,0.7261891830759465,1251222160487202.2,0.28598883424410665,0.03253057132616482
67,0.640,0.6760899436227568,0.6058244387103988,1012202671143034.6,0.3027243480309737,0.11004728331277548
67,0.620,0.6159247872473647,0.5473469453205045,885921220815884.0,0.31642253084287614,0.12427761537526599
67,0.600,0.6572596575268804,0.5867499054789471,919062391990603.4,0.3305791712289937,0.04113797225544136
67,0.580,0.6676675325301541,0.5983560063022881,906000348762553.4,0.3092969383902793,0.024913171256083288
67,0.560,0.6130587928281823,0.547639470900535,800614563177317.9,0.2484418297316157,0.11666123165087719
67,0.540,0.6797720186864888,0.6128849139088973,863999333888344.6,0.1591166136524193,0.11457707871663933
67,0.520,0.8112827961656985,0.7322422170456999,994028472664459.1,0.06985476264906168,0.016269083627720345
67,0.500,0.6883317724305198,0.5926248109631916,773553847546312.9,0.06555661699586895,0.05686463460536071
67,0.480,0.6413137429078354,0.5390390880992082,675464008169548.4,0.1250291620004581,0.06306177600417033
67,0.460,0.6925967952036108,0.5862393731026829,704001413907887.0,0.2690426925939019,0.0074007429937943976
67,0.440,0.6474069997733003,0.5327443311841962,611944773792172.5,0.280364570095949,0.0390476150224533
67,0.420,0.6509452691932794,0.5192928957241996,569380235943802.2,0.2573224177865232,0.05795401504397229
67,0.400,0.7161991475494193,0.5402659290868608,564167791036723.1,0.22449064147546924,0.010883857324893907
67,0.380,0.6935949242443933,0.4623761314264495,458690473188019.75,0.22766284965318206,0.03317375497255937
67,0.360,0.6320510967604301,0.3218054899230521,302438214880973.56,0.22075480869977523,0.09652574918005778
67,0.340,0.7208142190255199,0.26391341719367245,234250811219106.06,0.2096373395679849,0.014743778980564573
67,0.320,0.7246528883358089,0.2529941194182117,211349449688515.7,0.16313150027994466,0.04617785877635731
67,0.300,0.8705415340400284,0.16776697355354045,131391854154012.52,0.10221123634258018,0.011304058263254306
68,1.200,0.5475435302103336,0.36618346468681645,1099811097113007.6,0.2417064634664721,0.22175514768404953
68,1.180,0.5783204345550109,0.3885874476871106,1147648509302418.0,0.25327379138884565,0.18015390726001723
68,1.160,0.6037177865132596,0.407450843193165,1182963465085231.0,0.26254885354238133,0.14602529170573042
68,1.140,0.6190347622118589,0.41950155343123474,1196951481434837.0,0.2676001547854543,0.12589911817185542
68,1.120,0.6206429928600549,0.42214903200382964,1183373779775621.8,0.26698777265813445,0.12477361376477726
68,1.100,0.6077484452019785,0.41470921377533737,1141759125562772.8,0.260480888509891,0.1436823536341119
68,1.080,0.579984877494126,0.4007079271136801,1083153011253317.1,0.252657380839005,0.18024300433822127
68,1.060,0.5459760851648287,0.38223492477379223,1014084986673980.4,0.2416917851640242,0.22607408782482208
68,1.040,0.5107755717262492,0.36254431732865394,943696975967375.1,0.23045763274707637,0.2731215718844169
68,1.020,0.47940998536878526,0.34491450485388125,880541343586547.2,0.22084121374082044,0.3145090285217886
68,1.000,0.4555487535934109,0.3319776754460597,830896637567602.5,0.21448525284905656,0.34501129048114215
68,0.980,0.46847009071837187,0.3576962010299746,877361403597471.8,0.20630847572798483,0.3481690542747928
68,0.960,0.5210162076202429,0.41865289469142586,1005920023863252.0,0.2020345853401931,0.3108752362062664
68,0.940,0.6101268327688962,0.5122738117163276,1205224995540110.2,0.20196227087814622,0.23496575135499045
68,0.920,0.7295024777257306,0.6353040349381408,1462876161457673.8,0.1990405791012591,0.1321080186443162
68,0.900,0.8445897124534547,0.7575060955909605,1706344681840461.0,0.183073794599363,0.041503897417463
68,0.880,0.9068073763716064,0.8315667942483705,1831546431688218.8,0.15172284451899076,0.0077003650979875675
68,0.860,0.9139346643972824,0.8499837935608265,1829562366182067.0,0.11926612956318994,0.02041989884943149
68,0.840,0.9079337293635583,0.8498609332865404,1786756101511930.8,0.10194555550556174,0.03119500700335264
68,0.820,0.9150377665631564,0.8568259206478428,1758508899437853.5,0.1041072622294489,0.02035112007999193
68,0.800,0.9242068448914543,0.8630917950411793,1728164568773056.5,0.12081147606237294,0.013306779785457652
68,0.780,0.9030694925655551,0.8398113781836699,1639511544025554.0,0.1437067882312013,0.044264940115227115
68,0.760,0.8570394424519925,0.7941226112625492,1510564507198216.5,0.16382712026682,0.09198107278997063
68,0.740,0.8346744071318724,0.7717043427030315,1429291417226074.0,0.18011684005292108,0.1031013894155938
68,0.720,0.8540128878067991,0.789437440675694,1422618126912181.0,0.19421876689193468,0.06810738479532967
68,0.700,0.8797492301574655,0.8121373299744423,1422871351420062.5,0.21267645172243912,0.027448139277500238
68,0.680,0.8807482667178383,0.8081075027652088,1375359316069150.8,0.24855077815632734,0.0007588880944870046
68,0.660,0.8080868134886411,0.7338860120594368,1212301569714817.8,0.28278977381912146,0.030969983877974904
68,0.640,0.6750289301677999,0.604794796205581,968782179773532.8,0.2966638180739392,0.1184851940321418
68,0.620,0.6070546223555678,0.5391717222725879,836675242435037.5,0.3074021070650978,0.14181409751038854
68,0.600,0.653128342258417,0.582516480354773,874777469667181.6,0.32544569151768393,0.04967696261160843
68,0.580,0.6724172843015319,0.6018521280804824,873687084954043.6,0.31020322589388216,0.017759920688260027
68,0.560,0.610594240065505,0.5445658936820432,763267177096786.8,0.2475734522128023,0.1181902935178434
68,0.540,0.6669735398190145,0.6006001800673142,811740733812133.5,0.1567835792335953,0.12873325880440956
68,0.520,0.803010098037908,0.7241766684889016,942510059397214.0,0.06968940932398142,0.023323283603807025
68,0.500,0.6846016816975543,0.5884473709352666,736403345855483.2,0.06570690011300272,0.05639932096090956
68,0.480,0.6252042121037643,0.5241158027531693,629660737448344.9,0.12228514727411773,0.07802660874702055
68,0.460,0.6903930773322917,0.5830529194751802,671280339697189.5,0.26896094985606434,0.005239941159473935
68,0.440,0.644800020346672,0.5300431518940261,583716575870346.1,0.2789438783607019,0.04368018560215306
68,0.420,0.6467437969819485,0.5164738302882732,542919865706823.5,0.2538079735891356,0.06910315204833094
68,0.400,0.7168131438102184,0.5427894028367968,543412311226572.4,0.22213096991382986,0.01704416398582859
68,0.380,0.7027379400124429,0.4723376793017664,449235750025589.0,0.22715917139549055,0.029017585652227926
68,0.360,0.6247454712666786,0.3224474212902914,290535717504752.56,0.21538616385967688,0.1109444082281619
68,0.340,0.7253934031117052,0.2660713094495357,226420156314561.06,0.20734677381249791,0.009302994044337211
68,0.320,0.7227040621355135,0.2514642608760163,201402274221782.47,0.15953965613315105,0.0492952802999189
68,0.300,0.8627188123108488,0.1661219609754983,124734452654276.48,0.09971628754529258,0.02126195258852924
69,1.200,0.540285728377489,0.3616603963989589,1039140009640573.1,0.23324289263477685,0.23680013162897007
69,1.180,0.5755927362675674,0.38714074651479324,1093812185003969.2,0.24640822569082135,0.18916633175733655
69,1.160,0.606420694993538,0.40972106965957,1137989234739010.8,0.2576788325188702,0.14773121498397113
69,1.140,0.6270776255012342,0.42545781377047137,1161323520766783.5,0.2647525609613648,0.12036669812756516
69,1.120,0.6325545602678674,0.43081063184827506,1155304066144842.2,0.26565854518474363,0.11395407096507444
69,1.100,0.6209375018464119,0.42431104398206126,1117554952557626.0,0.2597263037386055,0.1310635511374956
69,1.080,0.5917795189620362,0.40945325044866876,1058814658639898.9,0.2514692588962378,0.1695429672355873
69,1.060,0.5543835975634024,0.38869877783200646,986531386698903.2,0.2392680429599064,0.22004242003444482
69,1.040,0.5148300222830656,0.36598042819067095,911345528022971.0,0.226347150870242,0.2731182358284478
69,1.020,0.47904492808115684,0.3451974788734635,843062270106717.2,0.21490952407626918,0.32069244479672854
69,1.000,0.4512344946438288,0.329377772676329,788653354736097.5,0.20679120486443198,0.35682882071466504
69,0.980,0.45980143030395354,0.3517008643502179,825261106704458.5,0.1970050506999615,0.36578379379663695
69,0.960,0.509246103390653,0.40988587603994314,942163017948641.0,0.192007944136913,0.33216845496234226
69,0.940,0.5980064615663067,0.5028475416916667,1131764458804862.8,0.19235302843042337,0.2562840626888669
69,0.920,0.7223168403538657,0.6298257554051516,1387394952593147.8,0.19139559851812274,0.14718157368474616
69,0.900,0.8472616205036186,0.7606305353815833,1639110121828384.5,0.17827222770629747,0.04498996304619752
69,0.880,0.9156246648628293,0.8402295106878415,1770404356468206.5,0.14866710795772645,0.0038571664831839473
69,0.860,0.9199037988758888,0.8559356508643342,1762509366149372.2,0.11648411276442636,0.018805643937508523
69,0.840,0.9087555174193224,0.8509064163623539,1711405609666535.5,0.09900680242468259,0.034493519493829346
69,0.820,0.91485801859366,0.8568787799012269,1682383912799682.8,0.1009882678050578,0.024888429200359278
69,0.800,0.9270744176613783,0.8659890895526559,1658800944802533.0,0.11756186158243206,0.015539770589578348
69,0.780,0.9065386598665903,0.843289648859783,1574937191551192.8,0.1399172038275968,0.04721947484840965
69,0.760,0.8553584512050874,0.7928415296925251,1442752546976568.2,0.1585810517706131,0.10134540548772648
69,0.740,0.8279604147908879,0.7657654021244306,1356810909947463.8,0.1733778440890622,0.11834178842903505
69,0.720,0.8475823825803875,0.7837290037228812,1351108674203513.8,0.18726045694328894,0.08335603876667942
69,0.700,0.8782902294050406,0.8109906482350353,1359270065904143.8,0.20655225503977725,0.037654062826485125
69,0.680,0.887216823168934,0.8142146688436666,1325683044402440.0,0.24391826044730464,0.002788454703248523
69,0.660,0.8172785539573345,0.7423310880180133,1173095721572254.2,0.2791994797349736,0.029219564065781436
69,0.640,0.6743730408609881,0.6041548502653079,925806247230960.1,0.2902123604046554,0.1269693207750596
69,0.620,0.5973237478313033,0.5302606805304642,787178059818518.6,0.29747363597138904,0.16100220544832902
69,0.600,0.6471015088360089,0.5766076482768743,828368385307371.1,0.3187929013242049,0.06148270581571092
69,0.580,0.6769259310008804,0.6051057463538635,840332455689377.9,0.31045158440374987,0.01133969149569302
69,0.560,0.6084965855532457,0.5417806770516896,726446114469340.9,0.24651713651542662,0.11936407745317061
69,0.540,0.6535317911034367,0.587713526911803,759891021372149.8,0.15412225258177348,0.14383810659052915
69,0.520,0.7925744060132602,0.7141432690856973,889161310983930.8,0.0692964990397347,0.033023663201200246
69,0.500,0.6812157222140766,0.5845449478958743,699809417020276.8,0.0658943027094474,0.0553530680364139
69,0.480,0.6078402378667038,0.5081537359033669,584020681593255.2,0.11928787177642014,0.09474549694717896
69,0.460,0.6864571982360709,0.5782547319205993,636896545984899.2,0.2683935755723528,0.004501943812311548
69,0.440,0.6420589545814835,0.5270679120246256,555278834969215.7,0.2775642404881822,0.04808495536880096
69,0.420,0.641241974872316,0.5124771604721784,515365891238368.9,0.24981974456097517,0.08201503383353215
69,0.400,0.7162362513243002,0.5443669141887528,521367048655314.1,0.21932490483965114,0.025186329451563925
69,0.380,0.7112629377836475,0.4819981111545652,438551700726266.44,0.2262351096928242,0.02650872169334446
69,0.360,0.6185248706761727,0.32374490485836155,279059819851957.62,0.21025255597892112,0.1243069697418475
69,0.340,0.7295744115709359,0.26826530672056603,218391280659399.1,0.20475396879102814,0.00452201743497147
69,0.320,0.7203331204992288,0.24982982964182554,191419482046265.12,0.15575814744152744,0.052933011119255066
69,0.300,0.8510119349542473,0.16371373995797162,117597543864433.84,0.0967153918185145,0.035683126891599345
70,1.200,0.5308744032999707,0.3557347753813664,975488059682146.5,0.22363614300550538,0.255058520274504
70,1.180,0.5706605674230522,0.38425819888860213,1036142623507833.6,0.23827804452913287,0.20155186658767632
70,1.160,0.6072843327800461,0.41080568916264076,1088952228688091.0,0.25157746428251265,0.15240751105499617
70,1.140,0.6341020023404729,0.43079118202836214,1122240779363752.6,0.2608977328574539,0.11676686745621705
70,1.120,0.6445006542304631,0.43957291360921913,1125028010687844.8,0.2636748953459721,0.10367748316319517
70,1.100,0.6350353922384334,0.43461487934784876,1092475396875067.4,0.2586568881216866,0.1177920964470529
70,1.080,0.6048937942080629,0.4191870604164194,1034536965338827.1,0.25017772685096307,0.15758960686257353
70,1.060,0.5640635923015703,0.39611852810308723,959500955000646.9,0.236818013693836,0.21274376997245256
70,1.040,0.5198497895146339,0.37015178864745835,879685798913974.1,0.22220627922244615,0.2721667310621796
70,1.020,0.4792777615184464,0.3459451034530158,806346581544691.6,0.2089203718080417,0.3263227630558832
70,1.000,0.44718932598385713,0.32699386287443977,747229469111726.1,0.19901551649837404,0.36844255624975714
70,0.980,0.45097511470436064,0.345588756435658,773927127309801.6,0.18755095022680185,0.38366992825953306
70,0.960,0.4967317274026187,0.40051287155156406,878622054374557.5,0.18167961052406417,0.35441861575313743
70,0.940,0.5842058948597041,0.49200106556502254,1056837673604225.5,0.18216578805320724,0.2796776874203728
70,0.920,0.7124483882410699,0.6220143481990875,1307683426627792.8,0.18289519493701584,0.16551765280882966
70,0.900,0.8474087622378145,0.7615139472257021,1566155070172126.0,0.1726604856877647,0.051578869266745174
70,0.880,0.9233134610310862,0.8478874019211293,1705042638777738.0,0.14512805624139866,0.0015505339746820777
70,0.860,0.9254743423944857,0.8615390931685928,1693120349267603.2,0.11343629504671152,0.0178496825873824
70,0.840,0.9090784760263079,0.8515010931729495,1634477269798040.0,0.09586553161159694,0.038491924344313956
70,0.820,0.9140011370684835,0.8563131523122545,1604578084702232.5,0.09765097035943465,0.03032621221238937
70,0.800,0.9295393068146319,0.868527967335631,1587772164861922.8,0.11406873118641733,0.01844642908170778
70,0.780,0.9100506020460764,0.8468261649416103,1509396228037851.8,0.13589597823679256,0.050422077126543056
70,0.760,0.8534495799239996,0.7913645903114872,1374372939282632.8,0.1530783238676114,0.11117932422595306
70,0.740,0.8202608051529844,0.7589278332754955,1283354358262171.2,0.16625775199169215,0.13478503503520847
70,0.720,0.8394457465138195,0.776458802607781,1277512927939618.5,0.1797139478113464,0.10065078353020754
70,0.700,0.8750337016041639,0.8082056064337325,1292808766023673.5,0.19967739982919783,0.05019306991526636
70,0.680,0.8928278374197042,0.8195631279242634,1273519834920970.8,0.23850965952975978,0.006414951084908157
70,0.660,0.82718566103892,0.7514566350018518,1133345301186978.8,0.2751387920090886,0.027431553319902435
70,0.640,0.6741217293070431,0.6039041277141451,883206713235705.8,0.28333447920119315,0.13554149078466313
70,0.620,0.5867857084770075,0.5206627714212839,737670820395026.5,0.2866754139186675,0.18175932571540807
70,0.600,0.6390860647775561,0.56894726081314,780077318723044.5,0.31056746394279516,0.07671091192705205
70,0.580,0.680995031603665,0.6079423523220998,805758290281287.1,0.30987496137932086,0.006019809899053407
70,0.560,0.6066964613060413,0.5392210496755869,690032035705502.2,0.24519202423866937,0.12032842851592214
70,0.540,0.6394761851444919,0.5742549561186822,708619177132563.0,0.15111645712436278,0.1598813207231135
70,0.520,0.7798913207332822,0.7020707088361022,834254556290696.2,0.06865501077322929,0.04550250411698914
70,0.500,0.6780145893728595,0.5807781715302959,663582125012084.0,0.06609781327078013,0.05393202050126595
70,0.480,0.5894504754632782,0.4913544871314089,538952577525306.7,0.11606519404449402,0.11294939873730289
70,0.460,0.680316663993737,0.5714496417074558,600689700950475.4,0.2671250906359731,0.005868307513565543
70,0.440,0.6392306774013428,0.5238523926875482,526715377498375.0,0.2762160733754797,0.05218897823565852
70,0.420,0.6343674312900781,0.5072459740202203,486835555103756.2,0.24530896529233656,0.09678145857568247
70,0.400,0.7145487808264501,0.5450531426883533,498210904472031.8,0.2160812435130347,0.03519099986178453
70,0.380,0.7186677818369146,0.49100554134930674,426367781254080.4,0.22471362495879796,0.026342639444908736
70,0.360,0.6137642688857908,0.32591102808626826,268111811173976.94,0.205443905410441,0.13612513651038197
70,0.340,0.7324980393047815,0.2701804701487034,209916830088556.12,0.2015954126171509,0.001610510390667174
70,0.320,0.7172046468278954,0.24798356163195798,181337348392092.5,0.15170548478458604,0.05754330255936735
70,0.300,0.8355565155258936,0.1605729447359387,110079897396863.89,0.09323886305409541,0.054405178215216246
71,1.200,0.5192835526722309,0.348381281627214,909370121900238.1,0.21293735704605138,0.27651596882080487
71,1.180,0.5633540597532238,0.3798180135581761,974904753248426.9,0.2288676264975085,0.21750247429781766
71,1.160,0.605995851999697,0.4104873929878114,1035767870653363.2,0.24414824997479886,0.1604641873631486
71,1.140,0.6397404064643906,0.43524948657118906,1079313828145331.9,0.2558796090177134,0.11561857291042507
71,1.120,0.6561975376780865,0.4482438070999162,1092035969019162.4,0.26087183920166435,0.09438535948988035
71,1.100,0.6499178734460239,0.4455404290161649,1066066819063017.8,0.25713993489044346,0.10411796349845093
71,1.080,0.6193213409515289,0.42991087134389316,1009966120133605.4,0.2486852861313463,0.14448163458713573
71,1.060,0.575037228859419,0.40451400253656167,932704446795562.9,0.23426457822306757,0.20423109132500172
71,1.040,0.525828011104257,0.3750563789356324,848466145044401.1,0.217967750845675,0.270339430780831
71,1.020,0.4800713535650125,0.34713115188526394,770190901090369.1,0.20281832430951596,0.33149144044254186
71,1.000,0.44337213846146883,0.32479445524715944,706501728941624.2,0.1911237579878378,0.3799277184039561
71,0.980,0.44198800564235546,0.3393532589667865,723407025897570.6,0.17795551146700014,0.4018231400752187
71,0.960,0.4835481389292843,0.3905871928531512,815631245211645.2,0.17111186568039738,0.37749480763459514
71,0.940,0.5688550694309499,0.4798331693475511,981121385462801.5,0.17149970309726553,0.3049258698413367
71,0.920,0.6998948355021367,0.6118551146559885,1224449968994386.5,0.17360858574237226,0.18704097914272724
71,0.900,0.844711841814446,0.7598597384863157,1487580804686679.5,0.16621920618740696,0.06157105162028475
71,0.880,0.9294898580558918,0.8541837800450356,1635078526630940.8,0.14105445406625775,0.0011798105256216349
71,0.860,0.9303760583170086,0.8665406575919089,1621033604764208.0,0.11008887456429488,0.017836541421798757
71,0.840,0.9087005010686273,0.8514540277926256,1555768997119451.0,0.09250346062969819,0.043398114693127175
71,0.820,0.9122867199459901,0.8549584392662944,1524977648849579.0,0.0940817680467315,0.03684649204528797
71,0.800,0.9314215673228697,0.8705390178380855,1514896110515740.0,0.11031158181124182,0.022212051846102986
71,0.780,0.9134699377552564,0.8502938557851397,1442674202783201.8,0.1316177958828644,0.054017339057317586
71,0.760,0.8512117491026443,0.7895962328437459,1305338905698057.0,0.14730469062854026,0.12157821625956922
71,0.740,0.8115056845396528,0.7511239423813827,1209060262491772.0,0.1587678131376663,0.15246493228161084
71,0.720,0.8295006881720084,0.7675286675880926,1202075441159962.2,0.17159861759520464,0.12003849015029021
71,0.700,0.8697511783947107,0.803568215249301,1223560399375973.8,0.19203769645840887,0.06525361971801313
71,0.680,0.8972740156327423,0.8238693964647129,1218630114099097.2,0.23224803378790884,0.011964748132162696
71,0.660,0.8377035384134163,0.7611680411971651,1092770854815577.2,0.27051932067452505,0.025790346052764777
71,0.640,0.6742469002711327,0.6040172851108231,840879884438540.6,0.27598242514935084,0.1442790064175793
71,0.620,0.5754711253975698,0.5104060888623447,688354504269124.4,0.2750409105155442,0.2040285600074247
71,0.600,0.6290146289378508,0.5594820893552177,730200390534142.8,0.30074331637402196,0.09546775969858387
71,0.580,0.6844134197551789,0.6101773534883026,769819133230054.0,0.3082978357597535,0.0021932504813729817
71,0.560,0.6051119739681157,0.5368136604276775,653907334091946.5,0.24350496921474726,0.12125630325278172
71,0.540,0.6247983196519041,0.5602208787280301,658048150234133.8,0.14773999767974466,0.17690484091502373
71,0.520,0.7649168403959451,0.6879247648570259,778124178257195.2,0.06774641167889467,0.06084597211427001
71,0.500,0.6747952966334402,0.5769708218984654,627521308684194.9,0.06629013902448148,0.05240805895103942
71,0.480,0.5702485489645566,0.47390532102932165,494808834206826.94,0.11264148580354377,0.13238436602808995
71,0.460,0.6715261575097312,0.5622709925580373,562610888519923.5,0.2649388849897341,0.010018990050716783
71,0.440,0.6363187087863361,0.520393980157626,498069058568917.9,0.274863187885627,0.05599088190710337
71,0.420,0.6260803629465845,0.5007514407576084,457484221909937.75,0.2402341912727281,0.11345493351042671
71,0.400,0.7117964497808497,0.5448791751429403,474094397959879.56,0.21239243222799123,0.046992588548847206
71,0.380,0.7245083011200649,0.49903906863797376,412498872626573.6,0.2224409475785222,0.029110480905401286
71,0.360,0.6107033570387826,0.3291006718119865,257712742181729.53,0.20099191620343773,0.1461193328245684
71,0.340,0.73321403608602,0.2714616791618946,200766880327227.1,0.19759897261728984,0.0018993657271832117
71,0.320,0.7129825085385676,0.24581809643562444,171107265983095.4,0.14730513297088121,0.06358060700298375
71,0.300,0.8167117734132284,0.1567740910765005,102305779494769.58,0.08934254109732218,0.0770117473094153
72,1.200,0.5055326648125739,0.33960340735274347,841391952593327.1,0.20122823059190426,0.3010849561279711
72,1.180,0.5535502265781541,0.37372768589828353,910505027016308.4,0.21819833801965022,0.23712989851270844
72,1.160,0.6022628700613185,0.40855990731852765,978495436254336.8,0.23532528841983932,0.17226382662547587
72,1.140,0.6436017444187452,0.4385616540377818,1032239743513887.1,0.24955355444896263,0.11745555778368517
72,1.120,0.6673124129150863,0.4565955967896059,1055831976112446.1,0.257076723568,0.08657713884322565
72,1.100,0.6654233287551824,0.45698074451752013,1037852545701317.1,0.25502791577974704,0.09034356573062982
72,1.080,0.6350406359813242,0.4416154584147482,984720754637571.0,0.24688078270945094,0.13034640744052858
72,1.060,0.5873163888615756,0.41389847348791214,905825951384341.0,0.2315186539468481,0.19457834882343553
72,1.040,0.5327404120643733,0.3806795310285175,817406211846815.0,0.21355264587994904,0.2677374142561705
72,1.020,0.48136209410399944,0.34870979644306976,734360635495528.9,0.19653656217613888,0.3363272204833902
72,1.000,0.43971055452063623,0.32272463567193643,666311314607277.4,0.183070289817566,0.39140123231802076
72,0.980,0.4328028352843445,0.3329611829338385,673697212457554.1,0.16821675502798036,0.4202831607597041
72,0.960,0.46973823096392797,0.3801362035697584,753451904540532.2,0.16035624361967968,0.4013074240500933
72,0.940,0.5520750527496504,0.4664353370762154,905241316519529.0,0.16045195979958865,0.3318190393225873
72,0.920,0.684694969841141,0.5993685971561514,1138483868478188.2,0.1636222256198468,0.21162239586262507
72,0.900,0.8388853806639692,0.7553998688655025,1403668272076497.0,0.15894990762467343,0.07521414900899936
72,0.880,0.9337440383930931,0.8587365802555831,1560226695058799.5,0.1364017513122094,0.0031595265022724833
72,0.860,0.9343004477707096,0.8706504114863042,1545921117451515.8,0.10640905000051469,0.019083985992869954
72,0.840,0.9073843804390685,0.8505408794305324,1475093491605698.5,0.08890258886187057,0.04945172494596557
72,0.820,0.9095026776188239,0.8526139184443738,1443481888911271.5,0.09026753082350454,0.04465945876291817
72,0.800,0.9325063556136882,0.8718197962222864,1439997645824680.2,0.10626973416601605,0.027052636635560148
72,0.780,0.9166218468266222,0.853528573300349,1374541118456254.8,0.12705492563951407,0.05818537230499979
72,0.760,0.8485027062558185,0.7874023606037908,1235535913470240.8,0.14124237408278978,0.13267436896796947
72,0.740,0.801594012966462,0.7422568548252911,1134046873635848.8,0.15091787048832567,0.17144141830308987
72,0.720,0.8176373136576666,0.7568328890453676,1125064864215508.1,0.1629398402399677,0.14156409190390634
72,0.700,0.8622118483600882,0.7968615825029067,1151664549080479.8,0.18363085152977993,0.08300965463549052
72,0.680,0.9002147951528792,0.8268186466504085,1160818294538269.0,0.22506240924168308,0.01978039223592413
72,0.660,0.8486929129643598,0.771338861437487,1051076235327756.9,0.2652438676551784,0.024515936816551894
72,0.640,0.6746891756607691,0.6044407449502625,798690971267618.1,0.2680964652708196,0.15329717815482835
72,0.620,0.5633831555686455,0.49949388456090954,639391610818975.8,0.2625982860327981,0.22778306010528615
72,0.600,0.6168417767434528,0.5481782918043241,679075641357502.0,0.28932215599108163,0.1178126817707743
72,0.580,0.686955141885246,0.6116143690947247,732404058972165.8,0.3055378342160117,0.0002799294421909074
72,0.560,0.6036499984764284,0.5344759466348625,617961275675735.0,0.24135087612400594,0.1223467815365367
72,0.540,0.6094527507794911,0.5455751083049716,608265768469761.4,0.14395696072564396,0.1950025407508941
72,0.520,0.7476393505484555,0.6717010082301708,721148015428729.5,0.06655418447645589,0.07910339141272604
72,0.500,0.6713118646903949,0.5729107813446946,591428254424489.6,0.06643721261570933,0.051120230030617414
72,0.480,0.5504150075822551,0.45596420958408773,451873695385087.06,0.10903402243422522,0.1528388465138595
72,0.460,0.6597018062318277,0.5504102977919787,522744474813708.06,0.26162943166674274,0.017590241498512883
72,0.440,0.6332737950066278,0.5166461955123727,469343687384935.94,0.2734370063950353,0.05957649108314084
72,0.420,0.6163719552796441,0.4929917261759289,427497904148042.1,0.23456009573656322,0.13205272593182082
72,0.400,0.7079710005127958,0.5438371305803349,449131914153081.75,0.20822914532756778,0.06060388949475663
72,0.380,0.7284283213157571,0.5058312670613005,396857266297217.44,0.21929466400156847,0.035260238120433565
72,0.360,0.60944552524602,0.33340558688483696,247810921516913.06,0.1968711228877985,0.154218161999363
72,0.340,0.730767943042549,0.2717430887314811,190757882693962.5,0.19251222066076318,0.00671897087867763
72,0.320,0.7073572545079233,0.2432350526476256,160701972913364.6,0.14249182041828146,0.07146552593787425
72,0.300,0.7949840664778062,0.1524204529873293,94408168305685.33,0.08509730253217745,0.10292046830770846
73,1.200,0.48968242654571187,0.3294308266051657,772224412243870.5,0.18861806042432896,0.328611587768947
73,1.180,0.5411769627859028,0.36592683749996063,843479077512546.9,0.20632981914330337,0.26046024021896297
73,1.160,0.595824772508958,0.4048355246229218,917349121016928.5,0.22507991240680544,0.1881039859984898
73,1.140,0.6452796039571493,0.4404428759813418,980827165781213.2,0.2417946599524194,0.12281043993288886
73,1.120,0.6774607372459154,0.4643624358289925,1015951902822065.4,0.2521138877858381,0.08080882347218256
73,1.100,0.6813455020923687,0.46879671104173615,1007338159612965.4,0.2521590499935738,0.07683081596523392
73,1.080,0.6520107681903667,0.45427762672735433,958391930770857.6,0.2446385891092512,0.1153451386416521
73,1.060,0.6009008051697922,0.42427643012498695,878522352917132.5,0.22847832139432625,0.1838843501790138
73,1.040,0.5405410591467329,0.3869906570514265,786197872442694.2,0.2088699265043731,0.26449520930691384
73,1.020,0.4830553982700583,0.350612075788344,698594378371267.8,0.1899973774710121,0.34100012628403553
73,1.000,0.43609806904625453,0.3207036954328916,626472496169191.4,0.17479995711729948,0.40302288714571133
73,0.980,0.4233474664742389,0.326351957500592,624755865895914.2,0.15832382817964727,0.43913203037538473
73,0.960,0.45531051467074757,0.3691593824905905,692282237472031.9,0.14945471664208684,0.4258089239603089
73,0.940,0.533968617036785,0.45188387629763416,829760475337913.8,0.14911532712273345,0.36016979966336476
73,0.920,0.6669176538802641,0.5846013290167812,1050620015743590.0,0.15303573548425045,0.2390931639776844
73,0.900,0.8296826889030163,0.7478995304776049,1314873021960868.8,0.15087595189578243,0.09269784161445252
73,0.880,0.9356433549787541,0.8611410699123364,1480317997291417.2,0.1311343937393552,0.00791416617156221
73,0.860,0.9368978987695813,0.8735391640900283,1467502591467476.8,0.1023661934026573,0.021944256102540513
73,0.840,0.9048543654157053,0.8485006029135943,1392289301787738.8,0.08504596448053525,0.0569263357868693
73,0.820,0.9054015439141679,0.8490452208668164,1360011932791628.2,0.08619624517099055,0.05400601583269072
73,0.800,0.9325389511992002,0.8721300950588954,1362916674591669.5,0.10192299724326898,0.03321839946161925
73,0.780,0.9192852029164806,0.8563226090576608,1304758269544432.8,0.12217778639106894,0.06314673948418248
73,0.760,0.8451321453172199,0.7846038707904306,1164828755804339.0,0.13487069813566765,0.14464154005410776
73,0.740,0.7903876120888964,0.73219492831709,1058416205701934.0,0.1427167382703089,0.19180478100195722
73,0.720,0.8037329024162095,0.7442533997391251,1046770243264846.2,0.1537687232021874,0.16527523987020812
73,0.700,0.852182062475637,0.7878654499522318,1077328479447547.0,0.1744675455070465,0.10361988085597484
73,0.680,0.9012754997160897,0.8280638199715711,1099944486631604.4,0.21689092777479244,0.030217382177272364
73,0.660,0.8599728344397713,0.7818043498060709,1007952491596227.8,0.2592070973568131,0.023868326251320546
73,0.640,0.6753525453303706,0.6050878693077071,756478283545004.5,0.2596052631619653,0.16275306959872693
73,0.620,0.5504936401173728,0.4879011986762037,590910380598344.4,0.24937094531407245,0.25302870174982617
73,0.600,0.6025394235789467,0.5350171356388831,627071390626587.9,0.2763336069387743,0.14376222121178794
73,0.580,0.6883763298670312,0.612042582911159,693438064731896.2,0.3014078539553171,0.0007286147277188015
73,0.560,0.6022058852057348,0.5321161156544925,582093143749198.5,0.23861270437635562,0.12382617840982461
73,0.540,0.5933588855890133,0.530250905910114,559336581430623.06,0.1397225984881315,0.21431826292723632
73,0.520,0.7280696914942538,0.6534158188600092,663729365616019.4,0.06506320176727505,0.10029902185206142
73,0.500,0.6672762415415172,0.5683512185491726,555117405343100.5,0.06649767994482107,0.05047610335587663
73,0.480,0.5300845350219919,0.4376495316602198,410360688874061.06,0.10525027929615859,0.1741649786611018
73,0.460,0.6445513761807244,0.5356430282000155,481317146222472.7,0.2570138319797209,0.02913591939549078
73,0.440,0.6299873397910517,0.5125138825001045,440510591489868.3,0.2718315715882767,0.06313121143745477
73,0.420,0.6052564246843561,0.4839857206579668,397081710240538.0,0.2282539858016684,0.152569563727072
73,0.400,0.7029986270292249,0.5418704988139295,423402622204509.5,0.20353777349123572,0.07612853696579383
73,0.380,0.7301738730422597,0.5111804998259759,379451190448417.9,0.2151862471347364,0.04508188943352396
73,0.360,0.6099629038422892,0.3388521554932769,238292732932656.8,0.19300235855062026,0.1605475921705835
73,0.340,0.7243027203192218,0.2706838427349804,179779138549260.22,0.18613275238065843,0.017257041852363528
73,0.320,0.7000634376395187,0.24015049563875487,150117564694477.94,0.1372152143005738,0.08156190927900958
73,0.300,0.770936244986276,0.1476262676269978,86513312160862.28,0.08057773042307782,0.13148650047721727
74,1.200,0.4718278703313777,0.3179151174985762,702575831253599.2,0.17523964611058582,0.3588859804019026
74,1.180,0.526213493754918,0.3563877947191619,774471800970052.0,0.19335923422138004,0.2874338953776721
74,1.160,0.586462495228821,0.3991517696408685,852701109674659.6,0.21342593365801546,0.20820228828711532
74,1.140,0.6443620843387533,0.4406009212105252,925019806736224.1,0.2325066235566068,0.13219658963075845
74,1.120,0.6862043625678288,0.47123838053707434,971984764028057.9,0.2458107925845672,0.07768938102035318
74,1.100,0.6974247118097653,0.4808103862485786,974018723920909.6,0.24835859090532042,0.06400906603115634
74,1.080,0.6701656137437383,0.467855789200911,930543207041734.0,0.24181785036574763,0.0996796800087865
74,1.060,0.6157736041745964,0.4356401694303872,850422150330653.4,0.22502779735271836,0.17227833017389343
74,1.040,0.5491559622816599,0.3939383688148609,754505485287249.2,0.20381583744387505,0.2607878122439388
74,1.020,0.48501921221346034,0.35274084891165763,662608049367046.1,0.18311273199487998,0.3457273713204181
74,1.000,0.43238999676723816,0.3186218394988924,586781375017205.4,0.16625003575372854,0.41499742648495785
74,0.980,0.41351417387291256,0.3194368177839558,576516612784230.6,0.14825991262568464,0.4584918920586201
74,0.960,0.4402383603995597,0.3576275412369507,632270573455461.2,0.13844178952689098,0.4509923393737888
74,0.940,0.5146131606743531,0.43623395821884,755175867734937.6,0.13757701408788506,0.38982041621463626
74,0.920,0.6466495372528488,0.5676154117096879,961707019533780.2,0.14195790724580223,0.2692602579107481
74,0.900,0.8168975219509953,0.7371589209352717,1221812080809016.8,0.14204255087873469,0.11415268114931297
74,0.880,0.934735060548993,0.8609722766804938,1395316144988694.2,0.125228108675583,0.01587332411353778
74,0.860,0.9377740652222426,0.8748349613752792,1385560078450294.8,0.09793316063843345,0.02680586919928827
74,0.840,0.900791916155162,0.8450313708135345,1307232684369412.8,0.08091856450041574,0.06613231807258867
74,0.820,0.899695998995998,0.8439800645845011,1274520486485027.5,0.08185777204537728,0.06516091841362433
74,0.800,0.9312186349587879,0.8711861390927923,1283517291587479.5,0.09725247375473517,0.0409981396558074
74,0.780,0.9211840089901288,0.8584166154877396,1233086371471735.2,0.11695569525260058,0.06916858876102387
74,0.760,0.8408535721316641,0.7809690036119048,1093070489281292.1,0.12816701208005166,0.15770018265040323
74,0.740,0.7777051754465203,0.7207661554838513,982260964188521.4,0.13417302559194044,0.2136793266341513
74,0.720,0.7876464836656683,0.7296547713746591,967499397122569.8,0.14412210578906479,0.1912268057720467
74,0.700,0.8394239848427062,0.7763549576543297,1000827316762731.2,0.16457238408664204,0.12722796047294052
74,0.680,0.90004638538096,0.8272246499883515,1035936558729161.8,0.20768432080820073,0.04364074498001688
74,0.660,0.8713116374065404,0.7923531192894763,963082491000206.4,0.25229655684488,0.024153120825033857
74,0.640,0.6760968885456642,0.6058322079943864,714057379812002.2,0.2504264508858213,0.17285078440634646
74,0.620,0.5367397269005615,0.47557191043288155,543011046501374.4,0.23537912943135492,0.2798052903591066
74,0.600,0.5860916895465951,0.5199902881301816,574575710336418.1,0.26183529568581154,0.1732944203683062
74,0.580,0.6884109572047797,0.611233112091945,652883430054235.4,0.2957189571018453,0.0040192404681044305
74,0.560,0.600661245338456,0.5296314634144679,546213693801883.6,0.23516115437691534,0.12595164360619626
74,0.540,0.5764034078861322,0.5141535443123677,511313634542681.06,0.13498477528011582,0.23504283894548328
74,0.520,0.7062303881895925,0.633096702057848,606281302145013.8,0.06325906368208482,0.12444504429105678
74,0.500,0.6623594608554303,0.563012019771057,518428001721493.44,0.06642239166061187,0.05095308349905926
74,0.480,0.5093384317939567,0.4190343904662419,370417660565617.1,0.1012861948451353,0.196293585246303
74,0.460,0.6258958763643115,0.5178467108444474,438692120217041.94,0.2509410702376881,0.04509818721181233
74,0.440,0.6262874294563285,0.5078508953130277,411518798380656.5,0.26989930004174423,0.06694971036983469
74,0.420,0.5927580126894637,0.4737626744068673,366446781746508.5,0.2212806898539271,0.17499675441667586
74,0.400,0.6967354290952898,0.5388697237256538,396957996275681.3,0.19824058264701888,0.09376262711087985
74,0.380,0.7295887455454895,0.5149504258248011,360370969467849.0,0.21005774494476706,0.05871872297408128
74,0.360,0.6121023692018638,0.3453993464356778,228994363192793.9,0.1892569845306026,0.1654170722573772
74,0.340,0.7131571735676081,0.2680039783892802,167811198023550.56,0.17833485131424331,0.03442115020489524
74,0.320,0.6908845263831186,0.23649611853628785,139371757154329.83,0.13144079035525588,0.09417011577111958
74,0.300,0.7451013626418163,0.14249989228956003,78729332743459.48,0.07585225632671325,0.16210045275885532
75,1.200,0.4520897090215469,0.3051243129428616,633165139858790.1,0.16124454807906152,0.3916550254376636
75,1.180,0.508687176859857,0.3451138217732575,704211796400939.5,0.1794186287317945,0.31791083328518055
75,1.160,0.5740056628917575,0.39137645348229555,785075850012191.8,0.2004229859535291,0.23268580214854498
75,1.140,0.6404424171907678,0.43874313177643365,864916371390776.8,0.22163066461726816,0.14608903989948782
75,1.120,0.6930504755196011,0.47687596122291115,923596734457011.1,0.23800565087426961,0.07787486997709485
75,1.100,0.7133370338591176,0.49279682616465087,937388287160280.9,0.24344101810229923,0.05238424830121578
75,1.080,0.6894057286534367,0.4822838578019049,900710897137086.2,0.23826184935490127,0.08360150713406277
75,1.060,0.6318945464044304,0.4479646826525823,821123679341238.4,0.22103626380069855,0.15992798957147114
75,1.040,0.5584736960536352,0.4014433729719108,721965704238424.1,0.1982732323993562,0.25684074344939956
75,1.020,0.48707496426896063,0.3549638137251729,626099257726363.4,0.175785022437661,0.3507815890703162
75,1.000,0.42839802662370197,0.31633582242731745,547025170707622.2,0.15735258254441628,0.4275776102958298
75,0.980,0.4031588486359726,0.31209792656836166,528902834473714.8,0.13800559732316506,0.47852240943103486
75,0.960,0.42446042163112385,0.34548299601758686,573530932052005.8,0.12734731904241886,0.4768879701768367
75,0.940,0.4940560912668348,0.4195156895407931,681922463062201.4,0.12591876505103874,0.4206467852959524
75,0.920,0.6239827335599931,0.5484780000331553,872581447626382.8,0.13050321623568162,0.30192108847946236
75,0.900,0.8003621985399485,0.7230118850123791,1125244454165694.1,0.1325159125900342,0.13965298933681958
75,0.880,0.9305481214554986,0.8577866228122448,1305331674905417.2,0.11867208625109517,0.027467845381303667
75,0.860,0.9364851368667716,0.8741185503180354,1299953217950860.8,0.09308774409100018,0.03409629973973634
75,0.840,0.8948303555143152,0.8397854686212868,1219850411112220.0,0.0765083023787611,0.07742054706554453
75,0.820,0.8920533396599434,0.8371029971545928,1187002639321141.2,0.07724473247888704,0.07843673261940073
75,0.800,0.9281910430128317,0.8686533460580842,1201698223785195.8,0.09224152997712998,0.05072476731661285
75,0.780,0.9219766116220616,0.8594894408172316,1159295322584363.2,0.11135784417335516,0.07657238113623782
75,0.760,0.835354597092169,0.7762042131218707,1020113566607648.9,0.1211079646576434,0.1721235169675567
75,0.740,0.7633163058433726,0.7077525806018592,905674451303948.8,0.12529645112609875,0.23722644573079832
75,0.720,0.7692134847341472,0.7128792757141229,887579823364302.2,0.13404291605861118,0.21948490415452554
75,0.700,0.8236933812543584,0.7620986281754006,922503781842902.2,0.15398477357879334,0.15396355973147174
75,0.680,0.8960813276285965,0.8238863701171385,968802311363842.6,0.19740966432419718,0.060421683892576836
75,0.660,0.8824152181890023,0.8027163368972166,916146596936380.1,0.24439416586191834,0.02572870501965949
75,0.640,0.676727721669897,0.6064982406774174,671225511864581.2,0.24046753696674422,0.18384866435905667
75,0.620,0.5220208040145222,0.46241605982170036,495773756241025.3,0.22064257747889526,0.3081864109810998
75,0.600,0.5674895602657938,0.5030949555993638,521987554600366.7,0.24591305511948516,0.20635323768837788
75,0.580,0.6867653787109725,0.6089343056844062,610741414542449.2,0.28828435582256895,0.010665403866242507
75,0.560,0.598879366165136,0.52690466101455,510245287931108.06,0.23085410338564605,0.1290177291663008
75,0.540,0.5584427846296799,0.49716298106275525,464249536297266.1,0.1296860105151834,0.257410541087922
75,0.520,0.6821450579064782,0.6107728328181009,549214494575890.06,0.061127531473437406,0.15155450381125063
75,0.500,0.6561929830737789,0.5565814328975967,481235496832571.5,0.06615392975803283,0.05309980403787654
75,0.480,0.48820168609718084,0.40014492323732836,332137172343643.3,0.0971253489419997,0.21924359055294446
75,0.460,0.6036791824889681,0.4970085790662783,395349007050572.94,0.24329765280688553,0.06579258547420788
75,0.440,0.6219370513300319,0.502460010734654,382307761594003.94,0.267447475656026,0.07144353936974067
75,0.420,0.5788947474582484,0.46234924343529865,335798210230948.1,0.21359668960423386,0.1993448512049378
75,0.400,0.6889683257990784,0.5346719088294771,369833539503374.5,0.19223815305076294,0.11378777318481831
75,0.380,0.7265920842671318,0.517056454967342,339766452885399.8,0.2038735836663916,0.07620182124337635
75,0.360,0.6155894051155719,0.35293517226203913,219713315092225.94,0.18546110890232484,0.16930671797284072
75,0.340,0.6969391299680421,0.2635126585397823,154931360638163.53,0.16908643802046183,0.05873658695089525
75,0.320,0.6796452987762395,0.23221620948981087,128499502244190.55,0.1251482949740836,0.1095365229568889
75,0.300,0.7179139665483234,0.13713047083203642,71140048547628.47,0.07097627534741191,0.19426567566609743
76,1.200,0.4306047407298911,0.2911368454911877,564698065120024.4,0.14679823298394937,0.42663616791501946
76,1.180,0.48866698901060607,0.33213520266385443,633482755802772.8,0.16467076521588025,0.35168055432434364
76,1.160,0.5583361724369367,0.381410494110229,715135782354293.0,0.18617766116119772,0.2615859167845832
76,1.140,0.6331293497271424,0.4345834453347413,800784966893147.5,0.20915384223843686,0.16490601985290398
76,1.120,0.6974511059817876,0.48088517017838067,870557153426350.1,0.22855649846811496,0.08206053702788677
76,1.100,0.7286806601060469,0.504473841232454,896952032195576.5,0.23721334178178982,0.042549801809053
76,1.080,0.7095868795715111,0.49746267021644947,868404636933031.0,0.2337975545909622,0.06742392313893776
76,1.060,0.6491898380226628,0.46120001248442594,790192780015310.9,0.21635656558208607,0.1470510973063916
76,1.040,0.5683318277837863,0.40938823971580823,688187188853839.2,0.19211092813503391,0.2529442373647669
76,1.020,0.4889852544517564,0.3571040548682289,588752595765833.9,0.16790827779494896,0.3565018518389357
76,1.000,0.423883235497142,0.3136633989182359,506992722984683.8,0.14803741625887895,0.44106816437974095
76,0.980,0.39210015514985314,0.3041874640445675,481842684231331.4,0.1275427654786841,0.49941772473342655
76,0.960,0.4078820380358497,0.33264054964304884,516159950684295.6,0.11619989868768078,0.5035586153527399
76,0.940,0.47231256603154365,0.40173215273780966,610382856290242.5,0.11421802727646334,0.452559163840218
76,0.920,0.5990035409275395,0.5272516353413214,784049792752342.4,0.11878915280238499,0.3368763734301542
76,0.900,0.7799423338430094,0.705321536712052,1026047664278293.0,0.12238172702121869,0.16922345508336628
76,0.880,0.922593479637875,0.8511221816914694,1210632874283168.8,0.11147099637275773,0.04312758485322616
76,0.860,0.9325315446812953,0.8709173893057616,1210635193620371.5,0.08781427766793934,0.044285942701593035
76,0.840,0.8865480899752382,0.8323628432123691,1130133770504969.8,0.07180718382127195,0.09118728123509805
76,0.820,0.8820885595772463,0.8280488302567105,1097507968046233.0,0.07235354173643374,0.09418890432805277
76,0.800,0.9230384902850193,0.8641371791397781,1117404869029259.1,0.08687696303617633,0.06278240762775214
76,0.780,0.9212420052622302,0.8591452329598778,1083176100328885.4,0.10535456898861677,0.08574371747976867
76,0.760,0.828245309133253,0.7699432377481052,945823679768886.9,0.11367121419457585,0.18824463448829004
76,0.740,0.7469356415397982,0.6928847905974456,828763526296926.5,0.11609969611994482,0.26264699168456274
76,0.720,0.7482407312147379,0.6937422699104646,807362428172501.5,0.12358096682299727,0.2501301255896452
76,0.700,0.8047366082861525,0.7448556271882819,842767976030139.6,0.14275979247956272,0.18394411561874
76,0.680,0.8888958043448851,0.8175977936723597,898641571002122.8,0.18605437012728224,0.0809346467608921
76,0.660,0.892911669404679,0.812553579440595,866829783561999.5,0.23537832469573894,0.029015580407572874
76,0.640,0.6769823370718642,0.6068488604361422,627766875709456.9,0.229627376332818,0.19606883778639883
76,0.620,0.5061956687192418,0.44830737060250503,449267962760844.6,0.20518433190392424,0.33827791243826444
76,0.600,0.546725620765313,0.4843291169793437,469709896694960.9,0.22868145287487096,0.24285254341703238
76,0.580,0.6831114619855334,0.6048658029585023,567054637847843.5,0.27892485912202775,0.021216856813436828
76,0.560,0.5966976143085808,0.5237974786695516,474121131488953.75,0.22553592783097007,0.1333665712613983
76,0.540,0.5393055421302738,0.479136358960793,418206491417456.75,0.12376622133645972,0.2816951945527049
76,0.520,0.6558288165010431,0.586466573427588,492929135927363.06,0.05865419915543987,0.18165315399221546
76,0.500,0.6483700529037223,0.548717802247817,443462536067701.0,0.0656262131405126,0.0575379040692674
76,0.480,0.46664358840820785,0.3809616911060766,295570049870537.9,0.09273896054363119,0.2431271757681327
76,0.460,0.5779643760725194,0.4732218800011459,351852409808631.8,0.23400901251406592,0.09141015349783761
76,0.440,0.6166340293822596,0.49609473501989504,352821608867194.5,0.2642355925042535,0.07714731256541228
76,0.420,0.5636607693236603,0.44975544879864154,305325871584034.3,0.20514444251172087,0.2256670227610153
76,0.400,0.679419500276285,0.5290631856555107,342062460652426.1,0.18541371064557538,0.13655816711654176
76,0.380,0.721141688327925,0.517441048081358,317820828968624.44,0.1966094140136706,0.09750059101496829
76,0.360,0.6200283400096654,0.36127065881100484,210219536113012.06,0.18139976711092842,0.1728571689161638
76,0.340,0.67555484586184,0.25712170246959387,141304350644205.53,0.1584521300706396,0.09030512248342563
76,0.320,0.666193710115344,0.22726115902087665,117547413425239.69,0.1183286709822235,0.12787661585127827
76,0.300,0.6896646803183435,0.13157918271236113,63803767058739.84,0.06598875267739093,0.2276484982661553
77,1.200,0.4075161998800058,0.27603545145168024,497848091166879.7,0.13207558575317854,0.46353088828915573
77,1.180,0.46625439781466615,0.31750360591485977,563094657794227.1,0.14930397833229306,0.38847554751235874
77,1.160,0.539387677827747,0.3691881112811437,643659871702495.2,0.17084240313857263,0.29483930788478274
77,1.140,0.6220560802269153,0.4278486486439506,733070518006835.0,0.19511615880708175,0.18899288632693367
77,1.120,0.6988026985484513,0.48283256515693773,812765600730900.2,0.21735154640080517,0.0909714945829631
77,1.100,0.742958206564108,0.5154888254441975,852241499709418.4,0.22947975795306527,0.03520036077432148
77,1.080,0.7305034976112382,0.5132477179836522,833108413485004.8,0.2282354305921792,0.051539113695868874
77,1.060,0.6675367185928691,0.47525976981181983,757159989302079.4,0.21082380366616235,0.13393241299514155
77,1.040,0.5784973631018192,0.41760271605451893,652750768421526.0,0.18518326030003746,0.24947316233411804
77,1.020,0.49043739783178014,0.35892745141310217,550246875072069.25,0.15937012742671497,0.3633080104767778
77,1.000,0.4185475059426347,0.31037654677393334,466487095956160.4,0.13823603976390503,0.4558303590396127
77,0.980,0.3801188128456307,0.2955268350426713,435285034772459.8,0.1168590791605879,0.5214027020503559
77,0.960,0.3903775136712396,0.3189892210455398,460254431712025.25,0.10503067310854496,0.5310935695481652
77,0.940,0.44936535575399594,0.3828592435474707,540900930261865.75,0.10254996976618322,0.4855001070485263
77,0.920,0.5717829992834282,0.5039861286094606,696878632559112.2,0.10693454091271486,0.3739402861896694
77,0.900,0.7555286740382989,0.6839732735688456,925193087150488.2,0.11174326382558525,0.20284869237443415
77,0.880,0.910362086037177,0.840496930966025,1111653761775194.5,0.10364681480809874,0.06328141949421431
77,0.860,0.9253495007691431,0.8646976442460522,1117669667820988.8,0.08210541477847229,0.05789389053972233
77,0.840,0.875459957265546,0.8223028911787194,1038154142183419.9,0.0668126403138159,0.10788058153707582
77,0.820,0.8693556064709098,0.8163943595855805,1006154295778903.1,0.06718562211392616,0.1128223033470548
77,0.800,0.9152675903584422,0.8571714590744614,1030643400956175.4,0.08115041284774177,0.07761562895855648
77,0.780,0.9184623162535852,0.8568969601105919,1004555515924677.2,0.09891900101321964,0.0971449286784858
77,0.760,0.8190443723433467,0.7617340366652326,870097041109375.1,0.10583769111414211,0.2064647977040989
77,0.740,0.7282172024984772,0.6758366063869202,751664723888139.0,0.10660084581812318,0.2901828328561297
77,0.720,0.7245020830905614,0.6720281713392512,727228203229933.1,0.11279424810330564,0.28325970252601673
77,0.700,0.7822869304697591,0.7243724167500284,762097755178039.2,0.13096914590571937,0.21727711515594583
77,0.680,0.8779637304814717,0.8078683612617772,825658109094706.6,0.17363038046295887,0.10555522365720596
77,0.660,0.9023308501860908,0.8214340505801759,814830684147911.0,0.22512683212977322,0.0345087847866096
77,0.640,0.6765112367924999,0.6065686103074718,583459403667566.2,0.21779854016078123,0.2099096537593004
77,0.620,0.4890799750169394,0.4330810110797978,403563211424293.3,0.18903579930696202,0.3702148690682887
77,0.600,0.5237891029743137,0.4636870617018819,418145055921322.8,0.2102848050703206,0.28267930895515386
77,0.580,0.6770779790135975,0.5987110552128018,521910469500023.4,0.26747620590198845,0.0362618843034773
77,0.560,0.5939158722278884,0.5201411526642197,437784096307368.4,0.21903695133850082,0.13940260199364454
77,0.540,0.5187941386023148,0.4599101748960153,373265211639415.5,0.1171663456158013,0.30820594773021204
77,0.520,0.6272802415097032,0.5601864689446967,437811027090223.4,0.05582455391905739,0.21478942120879807
77,0.500,0.6384467528760056,0.539051151581258,405089251888801.94,0.06476424743593592,0.06496473308278324
77,0.480,0.4445807702928972,0.3614231970601048,260740202482725.2,0.08808662911724059,0.26815219853656447
77,0.460,0.5489180024144775,0.4466721308860867,308814316609266.06,0.2230370259004536,0.12203619306857444
77,0.440,0.6100120996012883,0.48846260755875437,323023960691391.7,0.2599738282060682,0.08472400814058345
77,0.420,0.5470085833624619,0.43596069949722616,275199327928581.38,0.19584781962225126,0.25408080479731465
77,0.400,0.6677523354068664,0.5217821384320648,313689467853066.4,0.17763906471032087,0.16248412874186274
77,0.380,0.7131880660421058,0.5160409030588526,294726007523966.25,0.18824037881150932,0.12258052642369746
77,0.360,0.6248984714048533,0.3701307722508335,200266557224577.62,0.17682157052187555,0.1768621015671054
77,0.340,0.649187230406222,0.2488410321292407,127160330757419.23,0.14658203027154598,0.12883462605579493
77,0.320,0.6503756061245597,0.22157868471790837,106568461550805.16,0.11098058378623582,0.1494071481769329
77,0.300,0.6604772610178852,0.12587486534572195,56755899567147.84,0.06091206974688096,0.2621024194072345
78,1.200,0.3829648042002418,0.25990152120008636,433243127779703.6,0.1172571548961118,0.5020368025430548
78,1.180,0.4415725485324662,0.301285324481928,493857439288763.1,0.13352666372607686,0.4279867621977208
78,1.160,0.5171408930215047,0.35467430037836306,571517226134332.6,0.15461241148291724,0.3322948705600271
78,1.140,0.6068865001082382,0.4182830225445436,662394479032667.5,0.17961594366178837,0.21861017185607967
78,1.120,0.6964449191303191,0.482239965171496,750279079658542.4,0.20432058467421807,0.10535297587629446
78,1.100,0.7555531005810138,0.5254013486313165,802833495120937.9,0.2200479534586983,0.03114976518808465
78,1.080,0.7518643002395473,0.5294311950585383,794282323739273.8,0.22136963019167058,0.03644268432740571
78,1.060,0.6867399353719018,0.49000369987687215,721517450958348.5,0.20425388842580458,0.12094873712805791
78,1.040,0.5886385643145258,0.42584262024059405,615210982600799.0,0.17733014305858238,0.24691498341239382
78,1.020,0.4910217549672796,0.36012613795462334,510265763855171.5,0.1500550430106138,0.37171890068939106
78,1.000,0.4120234612870641,0.3061935504971555,425341397614836.75,0.12788690674271366,0.4722866992140454
78,0.980,0.36695734357792087,0.2859062785849332,389216625903020.25,0.10595315787379074,0.5447280257653669
78,0.960,0.3717932769550473,0.3043947497672973,405928931419768.06,0.09387746114927481,0.5596014946386414
78,0.940,0.4251665471221507,0.36284709000629006,473797879952649.3,0.09099010852556036,0.5194401284651414
78,0.920,0.5423697519832711,0.47871241886406174,611792483046901.6,0.09505887186862055,0.41294745233680435
78,0.900,0.7270267498033116,0.6588658074757728,823722814029288.0,0.1007193840860466,0.24048478955332095
78,0.880,0.8933200144871818,0.8254043587225639,1008999718676084.5,0.09524047654378494,0.08836011032986688
78,0.860,0.9142995864801721,0.8548534351588396,1021249195736822.9,0.07596411738924655,0.07549620266722945
78,0.840,0.8610061291810631,0.809073949718927,944080699774037.9,0.06152908250541696,0.1280087540035971
78,0.820,0.853336256633984,0.8016478436064491,913143634754896.2,0.06174883734375655,0.13479971013835798
78,0.800,0.9042932718016037,0.8472032907169046,941497640697731.2,0.07506008680923061,0.09574151852959725
78,0.780,0.9130002601401539,0.8521452180722898,923314868000941.1,0.09202922852755885,0.11133129861166666
78,0.760,0.8071625022131462,0.751023273321097,792882080728740.1,0.09759456676190903,0.22726304580309736
78,0.740,0.706749195973645,0.656220202524768,674563644621250.6,0.09682646993605498,0.32011735733298846
78,0.720,0.6977349946256091,0.64748729231103,647597794171776.0,0.10175074509362138,0.3189883652243139
78,0.700,0.756060342882232,0.7003789637417784,681040200781461.2,0.11870229405992913,0.2540626391209404
78,0.680,0.8627125989930956,0.7941636558071393,750171457067830.0,0.16017856134016029,0.13465932535479533
78,0.660,0.9100767706712526,0.8288112199734139,759873278125471.8,0.21352087972313918,0.04279477448059271
78,0.640,0.674853423722904,0.6052413768855017,538084150176661.75,0.2048710845120493,0.22586164775092404
78,0.620,0.4704441512682874,0.416531761244679,358741341019411.0,0.1722432015574787,0.4041567075723553
78,0.600,0.49866145583278815,0.4411554116932029,367692250350019.0,0.19089879071024718,0.32569567464580396
78,0.580,0.6682397345892178,0.5901078424080012,475445777792969.75,0.2537987738926252,0.056429581975989566
78,0.560,0.5902795625582098,0.5157221852239435,401185710885356.44,0.21117341561620628,0.14761312647585864
78,0.540,0.4966863876475774,0.43930206890067874,329532780998407.8,0.10983311039487838,0.3372824640300037
78,0.520,0.5964751738095032,0.5319219724080865,384231431705034.6,0.052624590704982106,0.25104199786520803
78,0.500,0.6259422428448372,0.5271842275127838,366162637597535.56,0.06348412459546023,0.07615783991632154
78,0.480,0.42188165670091865,0.3414306960890592,227659310358166.6,0.0831178182603068,0.29462335910351206
78,0.460,0.5167856585147534,0.4176164938401863,266856072309647.2,0.21037498304353303,0.15768226444677955
78,0.440,0.6016423200977393,0.4792294418925211,292912417375166.25,0.254323155200799,0.09497001034003286
78,0.420,0.5288319328637329,0.42090047481853293,245567178958085.03,0.185609564605521,0.28478663026469037
78,0.400,0.6535767841475228,0.5125226065118452,284783374971801.8,0.16878203020072557,0.1920143494448099
78,0.380,0.7026238923576172,0.5127489441737797,270663682598123.66,0.17873112171342545,0.15146019624707024
78,0.360,0.6295458751154623,0.37914183609320257,189603270711180.28,0.17144466443270992,0.18226274518186275
78,0.340,0.6182298324287543,0.23875772706844664,112765946094010.02,0.13369001848056875,0.17372946846299422
78,0.320,0.632006020871315,0.21510403139359938,95618107380235.25,0.10310771139512373,0.17438234615552478
78,0.300,0.630303406958513,0.12001303884467984,50013966908823.48,0.05575446445508201,0.29767165699479714
79,1.200,0.3570810423575727,0.24281025256473057,371458085879525.1,0.10252635232617856,0.5418576328876473
79,1.180,0.41475477367462366,0.28355403905499393,426559280289527.44,0.11756199275817471,0.4698795502464282
79,1.160,0.49161509778441603,0.33785979706569613,499638684041444.06,0.1377210570006338,0.37372579684422075
79,1.140,0.587317635045389,0.40565060957701493,589547136123141.0,0.16281322763724682,0.25392714131713157
79,1.120,0.6896575245653097,0.4785819725723071,683338527997480.4,0.1894471895370217,0.12596152821905465
79,1.100,0.7656972143145682,0.5336595235836781,748373669537898.2,0.208737479543697,0.03135579408443682
79,1.080,0.7732555964013943,0.545715141035157,751365601843022.1,0.2129787756538377,0.02276995159538771
79,1.060,0.7064953849359238,0.5052108521776435,682716007599968.4,0.1964422056980869,0.10860662603508453
79,1.040,0.5982842304478618,0.4337594147408644,575100576956579.1,0.16837816082618806,0.24590910678657787
79,1.020,0.4902036496279478,0.3602971133205713,468513925796250.7,0.139849596395566,0.38237485253087067
79,1.000,0.4038633297403199,0.3007702649945746,383439145533945.6,0.11694253255576756,0.49092481829171236
79,0.980,0.35232081889485095,0.2750853226421881,343680620966497.25,0.09484052954058413,0.569663555488885
79,0.960,0.35195203395747576,0.28870298874978584,353332887572708.0,0.0827890629271142,0.589202180849281
79,0.940,0.3996408019937684,0.3416228378780453,409389122658152.56,0.07961728942519093,0.554371593803062
79,0.920,0.5107853727073024,0.45143856887175987,529478143670176.56,0.08328256493157038,0.4537567581973558
79,0.900,0.6943451641339629,0.6299009313591142,722730378304380.8,0.08944275599262043,0.28207181391476494
79,0.880,0.8708999601725366,0.8053057702383352,903451894310747.5,0.08631342790622944,0.11880255776862292
79,0.860,0.8986513602252036,0.8406923693418669,921715957647358.4,0.06940592078299453,0.09773753865860682
79,0.840,0.8425378232483559,0.7920597874670539,848201040165526.2,0.05596973337732324,0.1521514400027203
79,0.820,0.8334258777747211,0.7832355547001474,818781075044726.0,0.05605920955572617,0.16065284715501754
79,0.800,0.8894179822131401,0.8335734679978766,850149726907715.2,0.06861289580464759,0.1177655683153955
79,0.780,0.9040699710123655,0.8441508241969748,839413986536893.8,0.08467114906900369,0.12897206024093635
79,0.760,0.7918830481167614,0.7371380931636083,714206826419787.5,0.08893912702467008,0.2512071148654227
79,0.740,0.6820496724095824,0.6335820258489194,597717701448821.5,0.08681538683681458,0.35277460145706
79,0.720,0.6676382904780619,0.61983381101565,568943721044656.8,0.09053077749664075,0.3574476848850626
79,0.700,0.7257511025796595,0.6725846905677472,600214616756125.9,0.10606783929402112,0.2943959122484636
79,0.680,0.8425162758661626,0.775898784989912,672628917147288.2,0.14577333594594755,0.16862412037578825
79,0.660,0.9153896051810011,0.8339879715388946,701722290369468.9,0.2004505145383411,0.054574851406448244
79,0.640,0.6714036933140886,0.6023208662522725,491438789370385.5,0.19073845178966642,0.24452778216205048
79,0.620,0.4500121578889574,0.3984129139572801,314910140888226.3,0.154875544078278,0.440280035883958
79,0.600,0.47131261925340673,0.4167097808679118,318747285037326.3,0.1707327217270887,0.37173966188708674
79,0.580,0.6561036633437458,0.5786360964257027,427853476897695.7,0.23779024552134423,0.08239219316015108
79,0.560,0.5854550546136201,0.5102617216405038,364286071919059.5,0.20174862449324052,0.15859673595726367
79,0.540,0.4727365067079807,0.4171122840747102,287149648959182.25,0.10172529725184805,0.369289059789806
79,0.520,0.5633623886472948,0.5016399226626908,332550025594393.1,0.04904217386492984,0.2905248252015877
79,0.500,0.6103374568155989,0.5126924538425643,326804839611789.0,0.06169345346586344,0.09198246540518876
79,0.480,0.3983715090003268,0.320853645296274,196340442251216.38,0.07777420057230117,0.32294343332158787
79,0.460,0.4818636318495268,0.38636050629847185,226575062221252.3,0.19604215330279848,0.19832587708035637
79,0.440,0.5910335520242943,0.4680236112749762,262531844310138.62,0.24689790205049073,0.10882076440527194
79,0.420,0.5089492804973997,0.4044536646451225,216560684230558.2,0.1743117700314551,0.3180821356641493
79,0.400,0.6364520922602559,0.5009341053248179,255447785462467.97,0.15871542932354613,0.22561870352518254
79,0.380,0.689231714303382,0.5073728528861449,245794620052920.5,0.16802952482769526,0.18426189772750162
79,0.360,0.6331702619717633,0.38781464634349433,177986989451849.9,0.16496503195329046,0.19014402882988019
79,0.340,0.5831948610065109,0.22700466178272924,98395501318054.34,0.1200280252427158,0.22421593495217892
79,0.320,0.610840245000908,0.20775018611610685,84752584275911.62,0.09471781039712682,0.2031297912789004
79,0.300,0.5989293968042423,0.11395713093363348,43583721529268.0,0.050514370497376816,0.3345807556801727
80,1.200,0.32997901104976163,0.22482681281205247,313012934965653.44,0.08806768052019524,0.5827106728294996
80,1.180,0.38593335429518577,0.26438370955901935,361950877597357.7,0.10164334158542754,0.5138087036404765
80,1.160,0.4628566185538582,0.31875400585718106,428989413980005.6,0.12043447851484906,0.41884542880888603
80,1.140,0.563077481551208,0.38973452035740097,515473876630801.4,0.14493110959689234,0.295021685228622
80,1.120,0.6776537944963588,0.4712813167076036,612394357561558.5,0.17278155357535926,0.1535587748067528
80,1.100,0.7724254803653979,0.539567145470118,688606499199792.5,0.19539084190967032,0.03695522737601625
80,1.080,0.7940848501314699,0.5616703356523249,703782036679869.6,0.20282772254014517,0.01135101171146416
80,1.060,0.7263330850970289,0.5205376315354471,640163534304437.9,0.1871627422281061,0.09760021408939384
80,1.040,0.6067646706668721,0.4408561779056742,531940681343197.1,0.15814361824635287,0.24730238217611497
80,1.020,0.48728770710914127,0.35891511832997824,424741658740849.25,0.12865081234873035,0.39606456794635025
80,1.000,0.39352764992811023,0.2936912672417228,340740666053487.06,0.1053790295595387,0.5122990937142707
80,0.980,0.3358793591184157,0.2627947054288217,298796579578437.94,0.08356037086766738,0.5964891904586338
80,0.960,0.3306581105327365,0.2717443673896625,302666753784851.75,0.07182959972620512,0.620017160179501
80,0.940,0.3726899244408028,0.31909461071328293,348000812339752.4,0.06851678470252741,0.5903013226711467
80,0.920,0.47702206757159077,0.42214784128913785,450593927860550.0,0.07172798349884664,0.4962522445776569
80,0.900,0.6573832914194254,0.5969727142513154,623347074504938.8,0.07805851776128667,0.32754632613855683
80,0.880,0.8424884041247146,0.7796186184312437,795972033591728.8,0.07694920758069702,0.15506595252843278
80,0.860,0.8775626295622464,0.8214160888363086,819586112816295.0,0.062461577156724235,0.12534728291788882
80,0.840,0.8192988409204699,0.770542169593852,750945868519250.4,0.050158826185729796,0.18097416839247188
80,0.820,0.8089151219936545,0.7604844997181308,723497698316331.9,0.0501430048323479,0.19099673839646283
80,0.800,0.8698044454040865,0.8154908201928263,756906088063711.1,0.061827144378612475,0.14440266048233721
80,0.780,0.8906990785057999,0.8319992073376338,752922802393290.9,0.07684227051932509,0.15087765686710927
80,0.760,0.7723395724366139,0.7192650968498202,634213545258795.8,0.07988379927302307,0.2789654999385604
80,0.740,0.6535636209279417,0.6074000701922649,521482203922150.25,0.0766231378179825,0.3885165430465157
80,0.720,0.633871454323592,0.5887451600031263,491804820362215.8,0.07922981766280353,0.3987837458827424
80,0.700,0.6910271681500828,0.6406743520218003,520317356512114.06,0.0931952392690137,0.3383696290420605
80,0.680,0.8166846755849184,0.7524289165602434,593618360410507.8,0.1305276646006405,0.20783122472196122
80,0.660,0.9172925065600868,0.8360678447489706,640204011492751.1,0.1858221770078967,0.07069827034112704
80,0.640,0.6653695942579201,0.597091759059326,443357424877264.0,0.17530658264676377,0.2666487352713166
80,0.620,0.4274616645398954,0.37843642416029166,272218448548933.97,0.1370341702859558,0.47876858499036445
80,0.600,0.4416981543810282,0.3903121988541128,271704173955345.22,0.15003244552870776,0.42062439661440143
80,0.580,0.640090827853164,0.5638020747938282,379391501317922.25,0.21940195080900898,0.11486782158029088
80,0.560,0.5789940761330755,0.5033856529695949,327055754840457.94,0.19055632934740566,0.17310247357887062
80,0.540,0.4466759784811633,0.3931249362308996,246295959327188.03,0.09282193593366,0.40460707111221395
80,0.520,0.5278609607774701,0.4692826091047671,283120123228843.4,0.04506938558409217,0.33338940916375887
80,0.500,0.5910712824920387,0.4951220731309765,287220363344301.7,0.05929254141266702,0.11340366904131378
80,0.480,0.37383741996455844,0.2995353239574721,166810052066511.97,0.07199315178792068,0.35361572886349824
80,0.460,0.4444714781646148,0.3532364706033504,188519510447697.53,0.18008060718956787,0.24395146926565056
80,0.440,0.5776299315842055,0.45443889214061106,231985640522664.75,0.23727202842181444,0.12735847312353057
80,0.420,0.4870873035664954,0.3864300573680363,188301216015951.28,0.16182067257867852,0.35437145384836916
80,0.400,0.6158846804014911,0.4866179529071273,225829697892499.06,0.1473280474744861,0.2637731696092346
80,0.380,0.6726303515313846,0.49959014626852716,220257342688407.28,0.15606588597190402,0.22125327269008693
80,0.360,0.634805027334512,0.3955216527098775,165198347753138.94,0.1570683119137148,0.20173313435981244
80,0.340,0.5446173608894176,0.21372647638906975,84308269989406.0,0.10586302281623745,0.2794716536417881
80,0.320,0.5865467568754558,0.19939876332576448,74029595024973.42,0.08582435283593555,0.23608297416531956
80,0.300,0.5659893376693856,0.1076408359891123,37465475729617.11,0.04518612667854522,0.3732160991407895
81,1.200,0.3017518863395508,0.20600356957309432,258375385710249.28,0.07406593185019661,0.6243317124875083
81,1.180,0.35522926964179025,0.24384208023469955,300736269453318.44,0.0860107693996575,0.5594315424280226
81,1.160,0.43092529969491633,0.29737653669785835,360545296757348.25,0.10304609180452494,0.46732521135035676
81,1.140,0.5339178611065318,0.3703329683261853,441257777931955.7,0.12625543533029857,0.3418866590268918
81,1.120,0.6595687549101933,0.45970081112642364,538131530067311.94,0.15445393593436507,0.1889094820778205
81,1.100,0.774511085679453,0.5422370808450463,623414708784251.5,0.179888376352905,0.04931456949925555
81,1.080,0.8134919546191685,0.5766719087267819,650950099742870.4,0.19067108958672854,0.0032963447058554233
81,1.060,0.7455262072414919,0.5354510396464104,593226820192781.1,0.1761684283641323,0.08890157531914457
81,1.040,0.6131259328613456,0.44642371506399586,485261395394142.25,0.14643916950131608,0.2522274829714433
81,1.020,0.4813738761543823,0.3552992326181397,378782222033489.9,0.11637914872919924,0.41375555093046074
81,1.000,0.380375524018131,0.28446221937457816,297316998775036.3,0.09320867282977605,0.5370276951469496
81,0.980,0.31727336175469156,0.2487405702542779,254781474968827.2,0.07218293311316894,0.6254824000887225
81,0.960,0.30770422590611934,0.25333964433787126,254196481962491.16,0.06108268439551441,0.6521591427523993
81,0.940,0.3441985223949564,0.2951564781627506,289984856837368.06,0.05778326542876981,0.6272423314533838
81,0.920,0.44104248115365413,0.390798637523017,375782035400137.4,0.060520986934457795,0.5403415679036282
81,0.900,0.6160190114288412,0.5599566865630183,526734895316041.5,0.06672356459780224,0.3768531719830565
81,0.880,0.8074076495796293,0.7477001088400467,687709877582016.0,0.06725524867666328,0.1976403289552331
81,0.860,0.850051578188576,0.7960941320824994,715579713916593.6,0.05518023600066424,0.15916164391297283
81,0.840,0.790401627852493,0.743678267043131,652919323887707.4,0.044134287385093375,0.21524744200550366
81,0.820,0.778966277546266,0.7326001111831012,627879030147650.5,0.0440393084968789,0.2265484280251211
81,0.800,0.8444397437654154,0.7919984036825983,662230897122990.2,0.05473598227731566,0.17650489390476654
81,0.780,0.8716792208743852,0.8145539589524439,664063496304888.0,0.06855682972626836,0.17803521236537878
81,0.760,0.7474906369809721,0.6964267112858865,553202531050921.6,0.07046263228269274,0.3113201819600128
81,0.740,0.620662336500469,0.5770832922647484,446339545295982.75,0.06632716011543383,0.42773795747032756
81,0.720,0.5960557230095229,0.5538631114467039,416802277787553.5,0.0679617007886646,0.44315304393872895
81,0.700,0.651525707973511,0.6043039870645689,442128637412008.6,0.08023688854623481,0.38607588800062803
81,0.680,0.7844493911763133,0.7230361090738212,513882757335378.5,0.11459856312443178,0.2526726573390104
81,0.660,0.9145158163324966,0.8338855924658242,575235330246648.1,0.16956928649535025,0.09220978375451055
81,0.640,0.6557152759300215,0.5886190343631771,393739895815458.75,0.15850781117909782,0.29313386654288537
81,0.620,0.40242645992643605,0.35627502812037093,230872506886579.44,0.11886383988451832,0.5197996032138101
81,0.600,0.40975734704439815,0.3619093937212662,226958395402259.72,0.12908375938154543,0.4721358405007218
81,0.580,0.6195128960566981,0.5450176112504455,330395159228592.75,0.19865982111653066,0.15462397160510252
81,0.560,0.5702819503101372,0.49458105754274617,289481391805280.5,0.17738812780650834,0.19208405911887821
81,0.540,0.4182145244361957,0.3671093105968015,207197401792241.9,0.08313291465774106,0.44362449705768003
81,0.520,0.48985898744713074,0.43476710846995675,236295347456354.9,0.04070617229546882,0.3798245172886762
81,0.500,0.5675329617228565,0.4739855576384436,247702425597344.5,0.05617689594518936,0.14150518171619625
81,0.480,0.34803274362948666,0.2772982886063711,139118079213751.1,0.06571291643789058,0.3872488438653783
81,0.460,0.40492960512073334,0.3185870227069709,153172591137608.56,0.16255723860032167,0.29458652985118405
81,0.440,0.5608018983954591,0.4380334004039249,201444330826666.0,0.22499112204685712,0.15182422952310004
81,0.420,0.46286347884790185,0.36655713655606625,160911141533009.16,0.14799768910756358,0.39416831413493353
81,0.400,0.5913187155480597,0.4691168886731641,196126467299091.12,0.13453829587984684,0.3069481151263115
81,0.380,0.6522182063325926,0.4888980583340764,194176672802306.47,0.14275932319462833,0.26287933166201644
81,0.360,0.6332864684989106,0.4014650286144746,151058569274891.84,0.1474464797819034,0.2184032453535843
81,0.340,0.5029738196879118,0.1990496407831868,70735179729341.12,0.09146160135077788,0.3387335382826245
81,0.320,0.5586829509751231,0.18989182408913166,63511356809887.195,0.07645135858520219,0.27380893305412846
81,0.300,0.5309814174026801,0.10097085393402669,31660110774731.758,0.03976677440711429,0.41410328938235597
82,1.200,0.27246893154956053,0.1863783313863961,207967118317111.53,0.06070621175342852,0.6664776597387395
82,1.180,0.32274341869128176,0.22198512246999458,243570049807732.6,0.07090871197381922,0.6064184139049231
82,1.160,0.39588005317426833,0.27374805495322185,295275246070986.5,0.08587169691914821,0.5188130281806241
82,1.140,0.49960239167147547,0.3472520407332921,368101567487231.2,0.10713340319544298,0.39444202314972404
82,1.120,0.6344402563825474,0.44313058247215203,461495802382745.7,0.1346890338177827,0.23278555054307784
82,1.100,0.7703716173784256,0.540524091389243,552873468507638.56,0.1621687267889506,0.07010425903445085
82,1.080,0.8302064773832243,0.5897960037599067,592302532950265.9,0.17626013876213556,0.00013310542494319753
82,1.060,0.7629431997972879,0.5491203320282881,541241885722816.75,0.16319431752866664,0.08390483761583625
82,1.040,0.6160051628083063,0.44944781831616243,434640933446092.3,0.1330868507778873,0.262213322539889
82,1.020,0.4713056503456435,0.34857359398920257,330607472046317.6,0.10299819666179943,0.4366254752359485
82,1.000,0.3636593031408942,0.2725056805481324,253392390481034.7,0.08049599921551702,0.5657817188539854
82,0.980,0.29612263229603525,0.23261190229950096,211970789534600.34,0.06081735204690416,0.6569015866418171
82,0.960,0.2828799324983151,0.23330715994818574,208265488273236.56,0.050655147085697225,0.6857203283790957
82,0.940,0.31404057039504174,0.2696942765197086,235731485125694.1,0.047523416849586976,0.6652051272896775
82,0.920,0.40278121965190333,0.35732597563702495,305682392852393.3,0.04979278031590613,0.5859526293775169
82,0.900,0.570096870299264,0.5186993743102318,434086462784192.7,0.05560656582213931,0.42995610404352674
82,0.880,0.7648917655559434,0.7088251712260707,580015784271964.5,0.057365160032166566,0.24706811493845487
82,0.860,0.8149592925878942,0.7636288015380108,610658997208786.1,0.047633396913928656,0.2001537176141516
82,0.840,0.7547961069002224,0.7104712594110466,554937162262524.25,0.037951074401459804,0.2558717865450911
82,0.820,0.7425825760129511,0.6986373023998279,532701146406000.1,0.037803260627639855,0.2681514290816899
82,0.800,0.8120876618556822,0.761928656288048,566790162185202.0,0.0473919182729376,0.21509862728280207
82,0.780,0.8455012924473111,0.7903960761766026,573267586927965.9,0.0598527559211068,0.21165472320750064
82,0.760,0.7160925754537836,0.6674556944915291,471687148527207.2,0.060739571010702834,0.34917905403138516
82,0.740,0.5826461660433914,0.5419742120282199,372930884441068.3,0.056032581281367955,0.47085809788083494
82,0.720,0.553777257784739,0.5147968188408856,344656409798621.44,0.05686209045230237,0.4907165803115214
82,0.700,0.6068487623975012,0.5630970248728638,366521353400058.44,0.06737058165619675,0.4376076635715719
82,0.680,0.7449441463639723,0.6869113875794174,434337810405099.06,0.09819346002651251,0.30356011266238886
82,0.660,0.905387135270365,0.8259064967234901,506865610744093.75,0.15166747293337618,0.12041893727815198
82,0.640,0.6410892078980311,0.575682740836055,342595135492406.9,0.14032180981961345,0.3250979595699815
82,0.620,0.37450214456514974,0.3315672660595424,191153100476723.06,0.10056503697845143,0.5635260719593704
82,0.600,0.37541235397913836,0.33143198686498343,184911396925019.2,0.10821610125963772,0.5260291872394475
82,0.580,0.5935412687423509,0.521572802883291,281294304979837.34,0.1756912086309626,0.2024824460138512
82,0.560,0.5584617007336112,0.4831322268443763,251577642690142.9,0.16204784708104464,0.21677549526910597
82,0.540,0.38704159780530983,0.33882147031648646,170130700960193.78,0.07271250192622782,0.48672176160487257
82,0.520,0.449213202763983,0.39798545455687384,192436988697188.56,0.035965701655326296,0.430053336889993
82,0.500,0.5390490799870096,0.4487531282183129,208639004637182.0,0.05224205412147566,0.1775176156813487
82,0.480,0.3206804622696159,0.2539493880520763,113346056998638.89,0.05888030524721952,0.4245648843639313
82,0.460,0.3635445328445097,0.2827561290110292,120944985815376.83,0.14357415463733272,0.3503275646015361
82,0.440,0.5398251401271333,0.4183205807066155,171151187588304.75,0.20959345432796453,0.18363850259331208
82,0.420,0.4357668660055996,0.34446527732686727,134528019934406.89,0.13271964205028983,0.43809058469231665
82,0.400,0.5621163295578083,0.4478954070533665,166592179143483.53,0.12031186110689876,0.35560100212844153
82,0.380,0.627110222908009,0.47455516072775,167682718441009.2,0.12803384110822927,0.30978504232447013
82,0.360,0.6272046646689594,0.4046298627786506,135449822821945.61,0.13582115140699885,0.24168827196738463
82,0.340,0.4586252045559774,0.18306064168372876,57875120225074.484,0.07708420195326623,0.40137035870075327
82,0.320,0.5266737767662282,0.17902462578238246,53269762645063.63,0.06664199862172476,0.31703034782275824
82,0.300,0.4932853724640307,0.09382960159272946,26174544689462.293,0.03426389541238634,0.4578822715805031
83,1.200,0.24217381778858071,0.16597345420755913,162172441358990.8,0.04817458402616726,0.7089272705476964
83,1.180,0.2885495375250278,0.19885257170688034,191060273615554.3,0.05658490349983032,0.6544603636892116
83,1.160,0.3577644919325251,0.24788110921839518,234130825393931.6,0.0692457424827257,0.5729503963136447
83,1.140,0.4598901319922108,0.3202955280108268,297312317700388.25,0.08797193024282404,0.4525514687260497
83,1.120,0.6011809553429016,0.4207692034296677,383724160438916.56,0.11382200463281053,0.2859771508313666
83,1.100,0.7579316407341539,0.5329267971596089,477328559311925.25,0.14225803834055045,0.10140781067204312
83,1.080,0.8423120913599255,0.5996495456386581,527325096150475.6,0.15935624276431837,0.004027650559460579
83,1.060,0.7768022561651609,0.5602373323629483,483542984556112.6,0.14796703023118904,0.08466112666760246
83,1.040,0.6134502956266645,0.44847522544880664,379777273466211.25,0.11794239025765046,0.2793392276130902
83,1.020,0.45561381465128425,0.33762477838326427,280408813625373.12,0.08854377092463017,0.4660885207237457
83,1.000,0.3425282002138673,0.2571638534999704,209395382685824.66,0.06737759028971656,0.59926182969213
83,0.980,0.2720406855664656,0.2140922544818235,170837893305062.03,0.04961925592550081,0.6909646406033169
83,0.960,0.2559818741807117,0.2114717239922703,165302992201793.7,0.040679955129037965,0.7207598111260082
83,0.940,0.28208666973088375,0.24259210907819503,185678534584472.84,0.037857967810381025,0.7041889682136878
83,0.920,0.36214764035653324,0.32164412104750795,240946499544364.1,0.03968183117393457,0.6330290199169925
83,0.900,0.5194167911466,0.4730083014450238,346631836675280.06,0.0448887576860962,0.4868470931577695
83,0.880,0.7140551602231956,0.6621576005938894,474461761297789.6,0.04744181958644043,0.303969480868263
83,0.860,0.7708992962876793,0.7227078478113353,506079095100228.7,0.039919981633393116,0.24947424188357156
83,0.840,0.7112289134139175,0.6697318943870377,458075900276387.1,0.03168540858218392,0.3039106854384298
83,0.820,0.6985681498820931,0.6574627117871342,438977393188740.4,0.031510192185775235,0.3168077459909572
83,0.800,0.7712250363183778,0.723843510223324,471511020744230.56,0.039872834442197004,0.26143401377605896
83,0.780,0.8102705976962528,0.7577443725174977,481254162073958.6,0.050801231645411664,0.25322917848438736
83,0.760,0.676671973814569,0.6309693956215419,390462259599854.1,0.0508188819450934,0.39358633043884256
83,0.740,0.538752018885886,0.501356001751359,302089140875095.3,0.045878454541743295,0.5183083615998496
83,0.720,0.5065926088630219,0.47112802293793193,276203138763135.66,0.04609200828366454,0.5416322238166835
83,0.700,0.5565590326152512,0.5166405203705738,294471779766702.75,0.05480234260783171,0.49305986791036094
83,0.680,0.6971786447206741,0.643130741531852,356094575567032.8,0.08157783039456024,0.36093817892279734
83,0.660,0.8876689484532605,0.8100776835554987,435339204952549.1,0.13215713249681063,0.15700256261730244
83,0.640,0.6197331656856452,0.5566958607139892,290104952047833.3,0.12080677373325995,0.36390256194601744
83,0.620,0.3432563527312133,0.3039265164964606,153432534104934.03,0.08240685632668303,0.6100543086004006
83,0.600,0.33856839930331123,0.2987945993119753,145975902793187.5,0.08780615757020883,0.5820242701093766
83,0.580,0.561166576831682,0.4926000844554306,232637462221972.84,0.15075929104009372,0.25932609966466597
83,0.560,0.542321794755559,0.46802587330163015,213410147216700.78,0.14437794322567463,0.24879724711966
83,0.540,0.35282890324892896,0.3080065123922625,135428739122312.67,0.061676186877668404,0.5342523101945098
83,0.520,0.4057488945357689,0.358805079559693,151921451942680.16,0.030881977692056937,0.48432815057921796
83,0.500,0.5048629717163606,0.4188388609677113,170519539162292.88,0.047392516110920255,0.22285933863014462
83,0.480,0.29147487506806435,0.22928402721857255,89613247217611.16,0.051462297564202265,0.4664125899070997
83,0.460,0.3206029853149739,0.24608837856268853,92173507167056.4,0.12329097221271744,0.41135135642955734
83,0.440,0.51383817650134,0.3947456360825592,141425326532811.12,0.19064591305915235,0.22443620835463424
83,0.420,0.4051367674258161,0.31967073533752377,109322447615976.05,0.1159126218624985,0.4868416942668158
83,0.400,0.5275233549198508,0.42230700175490243,137545203246662.44,0.10468539168011695,0.4101745575587395
83,0.380,0.5960650373727886,0.45551121289616714,140941810089937.06,0.1118478423930294,0.3628274529978151
83,0.360,0.6148230102467822,0.4037124435587568,118340067497273.42,0.12197622123082424,0.2733186082424512
83,0.340,0.41178582804652175,0.165793286885026,45898980030534.43,0.06298858298697413,0.4669180334780237
83,0.320,0.48979318653728837,0.16653923907529328,43393405066866.914,0.0564716383350072,0.3666416012520786
83,0.300,0.45218101679438416,0.08607779880696283,21026625682375.805,0.028704609349683628,0.5052802404241541
84,1.200,0.21088396483789643,0.14479562281128514,121348370745032.73,0.03665912047090497,0.7514804878091412
84,1.180,0.25268881358972445,0.17446456870533708,143776040381469.47,0.04329042215260498,0.7032740711709143
84,1.160,0.3165934612193245,0.21977148718825001,178043698253845.44,0.05351912980775103,0.6293873404476538
84,1.140,0.41451583251596463,0.28925240639601024,230292133079075.7,0.06923672337751333,0.5160417160984399
84,1.120,0.558539449145578,0.3916974966791894,306384005140944.1,0.09231739887973053,0.34931150341871653
84,1.100,0.7344197139523211,0.5174431729729403,397514172342346.4,0.12031319188639289,0.14588263036141758
84,1.080,0.8468465765970241,0.6040815006831012,455634459341238.7,0.13975764616285524,0.01815921876992825
84,1.060,0.7842538753718991,0.5667111822397376,419531831322787.7,0.130227731273632,0.09427087875243959
84,1.040,0.6026625004637298,0.44142230160786033,320615770430135.25,0.10093907429143315,0.30644589431038316
84,1.020,0.43246455515632776,0.3210625622650324,228711029859896.84,0.07316538750624194,0.5038049407183589
84,1.000,0.3160472719190378,0.23771326090361797,166016280712772.9,0.05408491492567137,0.6381566926460285
84,0.980,0.24465537103948692,0.19287671544755716,132008880433172.69,0.03879721759303906,0.7278225300762338
84,0.960,0.22682583926164898,0.18767511867537068,125827394162702.08,0.03131788273332333,0.7572905452804087
84,0.940,0.24821175592122907,0.21373930532761168,140316750168130.34,0.02892291486251829,0.7441735381267687
84,0.920,0.31902942674348056,0.2836499501357637,182250114282839.2,0.030335648007497554,0.6815249263977272
84,0.900,0.4637231848744413,0.42264233503289034,265651808571731.2,0.03476551746386791,0.5475544749781008
84,0.880,0.6538519963003424,0.6067126991779525,372874795240059.4,0.037681705410196824,0.36907465880825413
84,0.860,0.7161893197386301,0.6717404836993558,403456990174969.0,0.032173033444563195,0.30850685755473556
84,0.840,0.6581897865356077,0.6200279397327676,363737281483447.1,0.02544024444099746,0.36063402167651354
84,0.820,0.6454754900210071,0.6077051637365958,348019877180557.5,0.02526100195640929,0.3737199773953564
84,0.800,0.7199561421617309,0.6759538455937236,377662879899547.0,0.03229014164125321,0.31705159254870907
84,0.780,0.7635957170163812,0.7143512514787833,389138036325467.4,0.04151992122543549,0.3046126099127332
84,0.760,0.6275010611840234,0.5853467809709308,310687726474694.3,0.04085803564232486,0.4457281176453386
84,0.740,0.4881672533740566,0.4544655797011385,234871318813659.9,0.0360441074409378,0.5705150918475814
84,0.720,0.45403658189500523,0.4224185281105152,212408907797718.4,0.03584118129336187,0.5960455525007538
84,0.700,0.50017562085434,0.4644813565337333,227072006354720.4,0.04276958531957388,0.5525301947744395
84,0.680,0.6400039720117248,0.5906233338997293,280489613410577.84,0.0650847215213762,0.4253022680977008
84,0.660,0.8583141121899522,0.783604250472726,361191888895864.94,0.1111778746124165,0.2041587923577879
84,0.640,0.5893717789755512,0.5296046243027386,236716762750698.62,0.10014515291574132,0.41119805188120523
84,0.620,0.3082448254616359,0.27295521930405486,118189899399808.45,0.06473931980542406,0.6594169691272259
84,0.600,0.29911495157938844,0.2638968023129931,110581543777889.03,0.0682809081849458,0.6398005306467601
84,0.580,0.5211458046002776,0.45702721340069746,185125960418172.0,0.12430742334382171,0.3261077301881715
84,0.560,0.5201287785172415,0.447809539586258,175137295287760.78,0.12430649748259838,0.29030612095790603
84,0.540,0.31523452780176875,0.27440183001298657,103485150032596.45,0.05022100074807546,0.5865167898184203
84,0.520,0.3592593933345426,0.31706881850156987,115147403238318.0,0.025520431851408842,0.5429225239798005
84,0.500,0.46410349049497407,0.38357926125238095,133943731345919.34,0.04155790786001416,0.2791942335362926
84,0.480,0.26008069341639906,0.20308921222677936,68080911677092.664,0.04346373707044575,0.5137874007665285
84,0.460,0.2763746326687968,0.2089361715794259,67122594468893.09,0.10196323883563461,0.4779069983680256
84,0.440,0.4817631062665868,0.3666364208047886,112664099927662.73,0.1678053995333542,0.2761261162477319
84,0.420,0.3701403540985787,0.29155671038839276,85520376130661.3,0.0976058762638134,0.5411709275259308
84,0.400,0.48661447632159754,0.39154269246189655,109379613565849.16,0.08779945154712171,0.47110173442787556
84,0.380,0.5574006939509469,0.4303228391108821,114202408623252.5,0.09424295657448914,0.4230728088290433
84,0.360,0.593944434275243,0.39700647056587207,99815355139277.38,0.10580459695483697,0.31529429500409684
84,0.340,0.36251325307598714,0.14722380110553557,34958614642151.992,0.049440581855329874,0.535084288877258
84,0.320,0.44714885103105056,0.15211917084511797,33996264404021.477,0.046066195907096034,0.4237174342285303
84,0.300,0.406868997395355,0.07755708216303996,16249499428048.32,0.023145925360735425,0.5570809241884538
85,1.200,0.17859059268856622,0.12283610148145123,85835310739809.33,0.026351151237646107,0.7939568952621453
85,1.180,0.21516603820392652,0.14881930926062728,102258638207639.11,0.03128068093654594,0.7526043712797281
85,1.160,0.2723410465170196,0.1893905034421829,127930736709061.28,0.03905875131662841,0.6877941734829234
85,1.140,0.36316801243449354,0.253882787400732,168537606623370.4,0.0514529880237293,0.5847223799977258
85,1.120,0.5050493542692996,0.35484416250146333,231427199980334.38,0.07079284902168426,0.42367867220243244
85,1.100,0.6960664316466986,0.49135587756040455,314736820840475.1,0.09668816015169295,0.20699694039841646
85,1.080,0.8390997601554449,0.5996764468917242,377137276316618.9,0.11735371664448059,0.04736821201104898
85,1.060,0.780652264651837,0.5651358568009942,348832902619223.94,0.10978423172258431,0.11755633565282507
85,1.040,0.5796382415319344,0.42530935602839964,257571014728576.2,0.08216482233036466,0.3474122801386566
85,1.020,0.39963049895335706,0.29719816814066147,176524509367319.16,0.05718257903803117,0.551653069993104
85,1.000,0.2832400852427835,0.2133977990756971,124264949893549.83,0.04096820816979307,0.6830770343621851
85,0.980,0.21363650761610092,0.16869468721158665,96268940942992.03,0.028616684622117177,0.7675286327209124
85,0.960,0.1952603045794289,0.1617879504029139,90443241550696.61,0.02275743063088718,0.7952666620450675
85,0.940,0.2123029227924157,0.18303753898369074,100190543981365.3,0.020869744263962514,0.7851115372912104
85,0.920,0.27329645823205767,0.24322661021511882,130303964001068.78,0.021912255695379385,0.7314001106964567
85,0.900,0.40269406247028383,0.36730202209871027,192497255419840.12,0.025448711162866632,0.6121503139022058
85,0.880,0.583023883889856,0.5413090335450575,277387355423270.97,0.02832101648917659,0.44326497815068394
85,0.860,0.6487584729707055,0.6087703052565742,304867145556628.6,0.024568791120608034,0.37894332121418384
85,0.840,0.5938406226294725,0.5596172862555095,273734237388303.62,0.01935246191912743,0.4275756393674976
85,0.820,0.5815360529181165,0.5476902414179576,261521602263265.66,0.01918925837450918,0.4403469441881222
85,0.800,0.6558966488596679,0.6160103171757924,286970124450462.75,0.024800018717347227,0.38387237447148076
85,0.780,0.702443353818398,0.6573666016656295,298580163308914.7,0.0321913760137607,0.36812088035084567
85,0.760,0.5665814134729453,0.5287132997601592,233987437126179.03,0.03108318439612334,0.5069287880353759
85,0.740,0.4300516366529732,0.4005143032713108,172587152407338.75,0.02675508313183177,0.6278768061014416
85,0.720,0.39563243637121204,0.3682198865570443,154382635082116.6,0.02633091142400955,0.6540795711084693
85,0.700,0.4371693656662425,0.40612208187654614,165543966533628.56,0.03154456371338772,0.616120085026118
85,0.680,0.5720671136752525,0.5281296604243606,209126074075968.28,0.0491270199399843,0.4972222412594528
85,0.660,0.8130898091509489,0.7426049794908071,285404295817965.25,0.08902280251627956,0.26484271586528263
85,0.640,0.5470869329527422,0.49177513355648905,183275854112781.62,0.0787093350925421,0.4689573978756661
85,0.620,0.26903449426936565,0.23826532243461082,86022337900434.2,0.0480033596967555,0.7115422448808563
85,0.600,0.25692772270222153,0.2266247688650636,79180335513202.44,0.05011953303243844,0.6989922939465225
85,0.580,0.47193389851171724,0.4135163100723348,139662351668324.58,0.09701663922856106,0.4038608671640014
85,0.560,0.4893763372221702,0.4203788829019508,137084272593124.66,0.10192949924776087,0.3442069462720622
85,0.540,0.2739092970986656,0.23774171814388517,74758033696633.61,0.03864900128402047,0.6437298758780474
85,0.520,0.30950421726090654,0.2725935685800809,82542508261876.47,0.019992407840124942,0.6061209239015078
85,0.500,0.4157385855296908,0.3422011149528152,99634589923873.42,0.03472188380185732,0.3485118697221505
85,0.480,0.22612807006076427,0.17514458918962564,48954957235460.22,0.0349546507475449,0.5678614873718021
85,0.460,0.23112221641075495,0.17167324963210465,45985315751890.01,0.08000219184626343,0.5502831099178374
85,0.440,0.4421630270058099,0.3331100606061364,85349137969568.31,0.14092565082661954,0.34098977014656173
85,0.420,0.3297531160906697,0.25935462258588937,63431064023873.94,0.07801418651871504,0.6017997952123217
85,0.400,0.4382082285930329,0.3545520228646244,82584524389214.9,0.06994587694941894,0.5388195186315268
85,0.380,0.5089026025599016,0.3970566030582324,87860714857908.28,0.07542071536771304,0.4917676629592213
85,0.360,0.5616870267747142,0.3822176293504685,80125716926513.08,0.08737799397586642,0.37002198453938867
85,0.340,0.31071135077329687,0.12727109802243403,25198078300869.496,0.036729773126318234,0.6057334861791268
85,0.320,0.3976720746999256,0.13538563999698602,25227911205684.15,0.03562692262893273,0.48951076614704825
85,0.300,0.3564959235562337,0.06809299132836073,11895491226485.146,0.017686603133885336,0.6140878515757837
86,1.200,0.14525919646792765,0.10007126014557907,55967748725746.67,0.017446547173266835,0.8361937405837045
86,1.180,0.17594705262409877,0.12189154785457028,67035186595925.53,0.02081715257519379,0.8022248030408416
86,1.160,0.22493042082939324,0.15667848691504138,84706079459577.94,0.026248783436392694,0.7478697844957647
86,1.140,0.30546631022251935,0.21390333351498067,113650049016397.47,0.03520857209125737,0.6584041743357533
86,1.120,0.43896623199663265,0.30894319590585,161266396148553.34,0.05004991041770867,0.5100620496862025
86,1.100,0.6376529076736114,0.4509115596660099,231169895960719.6,0.0720389010517632,0.28937812556235953
86,1.080,0.8113322574690485,0.5808307735081104,292361779625168.5,0.09223771235680762,0.09932518872059809
86,1.060,0.7582466012868742,0.5498341041625402,271634396280200.97,0.08662631072533938,0.16224743818877985
86,1.040,0.5386990390223819,0.3959119230724792,191901842044403.3,0.06199376405201117,0.40748877208728607
86,1.020,0.3545185194459017,0.26406566636592343,125533412037083.25,0.041155868720287876,0.6116305577327908
86,1.000,0.24316422852581152,0.18348727126569772,85517139466683.36,0.028517199553921218,0.7344605137436181
86,0.980,0.17873024389274653,0.14133824048973756,64555459906020.13,0.019399655408785306,0.8100058248345083
86,0.960,0.16118079020020748,0.1337222521141254,59830431989977.86,0.015212500253998049,0.8345722782561819
86,0.940,0.17426692819007053,0.15040770515777982,65893892331110.484,0.013864500072096001,0.8269227401328367
86,0.920,0.22480448433028524,0.20024703268122832,85862027590183.88,0.014581255252648629,0.7826155176935802
86,0.900,0.33592953823464067,0.3066193735616676,128614319653169.05,0.017169822741453462,0.680757539406135
86,0.880,0.5000321485812584,0.4645058699236661,190511458527137.5,0.0196443189040619,0.5276252064201554
86,0.860,0.5660198678345818,0.5313557663312846,212976199284050.25,0.01733924572245189,0.46288658302411967
86,0.840,0.515920901734224,0.48635876627279784,190407152135435.97,0.013602480967183837,0.5066100619831698
86,0.820,0.5045679488162198,0.47535324554627073,181667625237581.47,0.01347071976526587,0.518477628973805
86,0.800,0.5760150069552791,0.5411541318236609,201770741021586.9,0.01761913240433782,0.4643206028378216
86,0.780,0.6229499840703351,0.5831612193473258,211997364211341.7,0.02308871658338766,0.4466605939856681
86,0.760,0.4916444337259172,0.4589415338891755,162561679817587.56,0.021806999676309023,0.5786318026177827
86,0.740,0.36356889180673074,0.3387176827585828,116819895277756.83,0.018287925404296825,0.6907355236738418
86,0.720,0.3309040831953335,0.30808497929341805,103383265178354.75,0.01781614033736778,0.7158239270339282
86,0.700,0.3669572082217946,0.34101585686189506,111255076569132.78,0.021438086637822883,0.6839362950469514
86,0.680,0.49175131851380327,0.45414662988581395,143930300366291.97,0.034213628684928075,0.5773730318600763
86,0.660,0.7459854010262638,0.681570197479521,209653323269828.9,0.06622675913129954,0.3431346954944625
86,0.640,0.4891921727256676,0.4398799429822524,131208314728320.5,0.05715310802551575,0.5394833670656068
86,0.620,0.22523418706450932,0.19950550287199062,57649267294607.6,0.03273604908354837,0.7662212145922107
86,0.600,0.2118712359404254,0.18685340287824367,52251586947275.21,0.03385355581055623,0.7591852523272217
86,0.580,0.41159657358390705,0.3603859216564559,97418857933246.77,0.0698805199367361,0.4937112142153255
86,0.560,0.446408569564061,0.3826576435064996,99872436008911.14,0.07765351361503815,0.41444926218216555
86,0.540,0.22850591321330666,0.19776356798625616,49772249783075.12,0.027392799410507495,0.7059795628128968
86,0.520,0.2562047032494655,0.22516641833402506,54570029249825.945,0.014474669174661102,0.6742056185116716
86,0.500,0.3585064699041388,0.29377347712815455,68458883392521.92,0.026973556928377884,0.4332374941920592
86,0.480,0.18920113352921034,0.14522012251740687,32487422723178.023,0.026112995504311523,0.6300283337545739
86,0.460,0.1851167601794849,0.13471172550668126,28880882121706.008,0.05806213668255109,0.6287424318037041
86,0.440,0.39298924133464963,0.292902126978578,60065130528447.0,0.1102483228405303,0.421843624943321
86,0.420,0.2827508318906195,0.2221311232523818,43481641035547.91,0.057658395654574396,0.6692960097384429
86,0.400,0.3807362554927855,0.3099222042484765,57777654399057.18,0.05163791933169163,0.6137949831015643
86,0.380,0.4477387337106767,0.3531902900316288,62551765969243.25,0.05585809133131944,0.5702628729783369
86,0.360,0.5141041793988438,0.35615444888026543,59756905249787.766,0.06705721585846203,0.44055935173494803
86,0.340,0.2561378808307564,0.10579914121292577,16765182400561.709,0.025187948665998487,0.6788631856426443
86,0.320,0.3401173765744689,0.1158970202443156,17285003500266.662,0.025462807681219744,0.5654329134300011
86,0.300,0.3001866082580919,0.05749880504566267,8039467745646.505,0.012480504003685092,0.6770787395504749
87,1.200,0.11083020848208883,0.07646321330776323,32084602229393.477,0.010146911607697567,0.8780438895216867
87,1.180,0.13495722907082155,0.09363178960925082,38633868746639.44,0.012169615264006681,0.8519366434867159
87,1.160,0.17422575234880577,0.1215396467462395,49299081443035.58,0.015493605315916184,0.8093463160783743
87,1.140,0.24093981166183182,0.16897334876265796,67357495526213.016,0.021160088321443934,0.7369131967196257
87,1.120,0.35819443334820994,0.2524846414349107,98881684535106.52,0.031114801621841482,0.6095686376722486
87,1.100,0.5518342830161557,0.39084078199129396,150333381799088.47,0.047492812496606494,0.3993220158800334
87,1.080,0.7503255668213122,0.5379868937955958,203169410109992.44,0.06494888674932514,0.18673912312797813
87,1.060,0.7037577871836143,0.51108786828402,189436781249839.88,0.061180686834930754,0.241135641520231
87,1.040,0.471944695041099,0.34735589036837244,126319638948845.78,0.041301911811071575,0.49362137933430467
87,1.020,0.2943082582962762,0.219527439427595,78298213318652.92,0.025965566266221766,0.6856384474496225
87,1.000,0.1950269499837521,0.1473670477289543,51530368913834.83,0.017371698762525558,0.7924472425368496
87,0.980,0.13979830196681867,0.11069453028715631,37932817878482.16,0.011518204642837378,0.8550150152309739
87,0.960,0.12454390683840098,0.10344385311210993,34724723030606.746,0.008917426624798658,0.8750132514902973
87,0.940,0.1340368384656688,0.1157960547564633,38061376010337.9,0.00808562152007133,0.8694900961925793
87,0.920,0.17339812291574164,0.1545768589954127,49727333735339.45,0.008524417908315188,0.8351299949188625
87,0.900,0.2629389455084898,0.24014639668892715,75575573677245.11,0.010183915955871902,0.7535575148355286
87,0.880,0.4029693365076465,0.3745213385366955,115245004047498.48,0.011996727363900984,0.6235109835428823
87,0.860,0.46469394087080007,0.436404349750067,131235215992401.83,0.01078984582527936,0.5629934351737635
87,0.840,0.42162058683574716,0.3975922888588189,116783129036376.8,0.008427311657023009,0.6000554714247212
87,0.820,0.41185215340325376,0.3881224660631556,111287273633580.33,0.008336274720287511,0.6103301505815597
87,0.800,0.4764136666358934,0.4477112184884601,125242241660460.3,0.01104692679440768,0.5614924317666394
87,0.780,0.5201804186245907,0.48710050780601954,132854433991178.14,0.014611448865171997,0.5438913012840833
87,0.760,0.4001809772466015,0.3736792337110769,99305985222899.61,0.013447942020115377,0.6623563147464664
87,0.740,0.2879287385195157,0.26833496345033625,69433946770353.74,0.010972824697964957,0.7593425715400612
87,0.720,0.25938960024851937,0.24158085345476116,60821604957685.836,0.01058638306579153,0.7813245014194019
87,0.700,0.2888947994490738,0.268559770947573,65735786934252.695,0.012803518411444628,0.7560936722014165
87,0.680,0.3970978964382636,0.3668554801334774,87230184726198.92,0.02097116608564052,0.6665740091374861
87,0.660,0.6482545455695825,0.5924847708846724,136736354099611.17,0.043714391931273626,0.4448307503605485
87,0.640,0.4111432496715086,0.3698171734216797,82761798036222.61,0.03653296869770226,0.625355799634386
87,0.620,0.17653248962691712,0.1563947573326167,33906014897879.42,0.019568127194524297,0.8230768224379978
87,0.600,0.1638016234307886,0.1444486491361899,30305929149575.293,0.020064623346401182,0.819915138337796
87,0.580,0.33770151182637614,0.2955134340469495,59933286144105.2,0.044302712306939086,0.596885709648268
87,0.560,0.38585819248879694,0.33011921528938926,64643029214981.81,0.05244111263580015,0.5064337596715207
87,0.540,0.1786912356125772,0.15421571003408746,29119589341913.863,0.017040820535299758,0.7731800992180629
87,0.520,0.19903562567394148,0.17453669066489988,31736055670072.465,0.009235231971364275,0.7474406906144134
87,0.500,0.2908124322773609,0.2371350771732839,41459940324057.63,0.01859902942003073,0.536381903069989
87,0.480,0.14881598192182588,0.1130680817493617,18977724167396.39,0.01729259332689161,0.7019689207518817
87,0.460,0.1386542029366238,0.09851791424951235,15846593185531.203,0.03716216001093285,0.7134130649657251
87,0.440,0.33113212076896326,0.24405720196657943,37549760633603.734,0.0767562511780665,0.5223014877459339
87,0.420,0.2277292781251081,0.1787918592857628,26257894530038.496,0.03753173189205517,0.7438721136293134
87,0.400,0.31204079006350677,0.25569147376819107,35763425201082.375,0.03371732767690798,0.696569183522832
87,0.380,0.3704181368522777,0.295541430107375,39270355753418.43,0.0364731533537743,0.6598556057052151
87,0.360,0.4455320086150566,0.3142005940167073,39552357178697.06,0.04567755740784941,0.5310423912774493
87,0.340,0.1984083536752826,0.08261824001980259,9822402456763.998,0.015209158105609742,0.754583009706302
87,0.320,0.2730799037923945,0.09315422993148818,10423544548347.49,0.016031488162348614,0.6530048383691132
87,0.300,0.23708618723968689,0.04558075205980213,4781515960063.879,0.007751074956438048,0.7467484062769535
88,1.200,0.0752196813483583,0.05196045416731012,14539050772077.217,0.00466060700072449,0.9193739584824977
88,1.180,0.09208077848991056,0.06396603694746376,17600026453617.04,0.005618720314866678,0.9015668244227829
88,1.160,0.12002636589593146,0.0838384808785286,22676877727328.094,0.007222086150487457,0.8719902642815452
88,1.140,0.16900847720264106,0.11868307363813278,31548266811950.83,0.010042170440851953,0.8200989729810011
88,1.120,0.2602100386323713,0.18366321183522963,47964736855863.09,0.015291622508327343,0.7234502034418488
88,1.100,0.4281305580665,0.3036425770497916,77882022757215.12,0.024926159457468032,0.5455273846394602
88,1.080,0.6324256124797222,0.45406191666975554,114345927673846.19,0.03701502275046556,0.3317713961016428
88,1.060,0.5937563892499559,0.4317642481222344,106717197580877.0,0.0348816134918021,0.3760968169946534
88,1.040,0.36880071409380166,0.27178379114721446,65908095202958.76,0.021797403815696084,0.6145671293904263
88,1.020,0.2162734975185592,0.1615183539062721,38415272688504.95,0.012878644872899603,0.7750967507599917
88,1.000,0.13834132457150705,0.10465916488382232,24403894211379.02,0.008312307205181052,0.8567353206984185
88,0.980,0.09685819575712575,0.0767790480417822,17544890720073.338,0.005380206575509265,0.9021305657995083
88,0.960,0.08537955481086407,0.07098316054344428,15889434249832.617,0.004119197233660193,0.9163135111711438
88,0.940,0.09157718525064538,0.07917900504968609,17354805966886.305,0.003720581014608296,0.912658418140575
88,0.920,0.11891272654031013,0.10607635641096128,22755599936334.266,0.003935834081680274,0.888898512660346
88,0.900,0.18312566528167779,0.1673415664759483,35117873346121.727,0.004774547563385413,0.8307987375216708
88,0.880,0.28944227403441064,0.26912421065965403,55222658436799.39,0.005801046191249984,0.7326368339453205
88,0.860,0.3405602312637259,0.3199395400994097,64157618698655.56,0.005324894294496074,0.6826743586160624
88,0.840,0.3074077545548869,0.28997627023016326,56796766852712.13,0.004138522080906321,0.7108130862202039
88,0.820,0.2999650428115659,0.28276125829383075,54064927716115.164,0.004089762907283088,0.718685326425948
88,0.800,0.3520243345257189,0.330905524770852,61727099996892.72,0.005497637206234728,0.679389835216107
88,0.780,0.38782487370901303,0.3632606119712118,66068550932224.33,0.007335151801911685,0.664424015341084
88,0.760,0.2895168148952305,0.27042039068215756,47921995811268.93,0.006548899357115065,0.7596187155489414
88,0.740,0.20243914338310598,0.18871830294610664,32563240060346.99,0.005192959341662352,0.8338203362468527
88,0.720,0.18065496900700725,0.16830178242968363,28255505449169.58,0.004965253585898927,0.8505745021835522
88,0.700,0.20226632653840862,0.1880855749030307,30699789496702.035,0.006041166276518327,0.8327198307325936
88,0.680,0.2857034893436303,0.2640270146012255,41863848154056.305,0.010173416835712065,0.7658394035618705
88,0.660,0.5068167212582564,0.46336456328443976,71309701979023.95,0.023056948375952395,0.5784178095539557
88,0.640,0.3075572604384704,0.2767274877968398,41296585357293.68,0.018456354269433855,0.729263445758873
88,0.620,0.12274061896884375,0.10876047065301066,15723333874755.596,0.009210721964746763,0.8815395938475867
88,0.600,0.11256924953465547,0.09926963396744454,13888314406672.473,0.009379432837191264,0.8806695326691658
88,0.580,0.24718701564956283,0.21621670180852107,29241463216765.52,0.022223135854751216,0.7147131423764291
88,0.560,0.2998266645011737,0.2560862947662324,33439227208644.547,0.028228458237444267,0.6275400655665655
88,0.540,0.1241616843619611,0.10686666856617481,13456059521834.201,0.008358435593260764,0.8450218415998142
88,0.520,0.13761090497347986,0.12040188033839644,14598844468358.95,0.004666859412950086,0.8260530836997979
88,0.500,0.2105708280075863,0.17078179473912708,19911017141544.797,0.010245016177460441,0.6617447043444749
88,0.480,0.10438130614999444,0.07840529499296373,8775431877726.421,0.009133072121755478,0.7857503911297636
88,0.460,0.0920675594529422,0.06361930034333808,6823836130050.642,0.018847245416880005,0.8041232361437048
88,0.440,0.25161140549718547,0.1833634329381362,18812533071852.08,0.0428502967449934,0.6471945530347749
88,0.420,0.16317771735460304,0.12812060250549656,12547295652430.164,0.019309751537238188,0.825087952159861
88,0.400,0.22905586538389508,0.18905571808013652,17633222085062.145,0.017523144343165858,0.78782788592233
88,0.380,0.2728632400290267,0.2202833814482713,19518534191202.76,0.018845369584044976,0.7615001199080453
88,0.360,0.34744303542951416,0.24938888575483234,20934445609190.3,0.02487995812706924,0.6474328111518922
88,0.340,0.1369884072118803,0.05748209022276204,4557150146734.077,0.007271195481943686,0.8331049276604354
88,0.320,0.195043543737545,0.06661646271269699,4970652645528.903,0.007988352853967581,0.7537626869997386
88,0.300,0.1664139875875887,0.03214502765010679,2248624442204.916,0.0038060976678613084,0.8236389954496344
89,1.200,0.03831990952013237,0.026498421457030245,3707825377101.2017,0.0012035831389811196,0.9600627505189755
89,1.180,0.047160782376963736,0.03279602711672237,4512542106650.66,0.0014586963165570204,0.9509650141327952
89,1.160,0.06206346546059777,0.04339797162033962,5870099245643.592,0.00189285464277593,0.9356000494914728
89,1.140,0.08897053825753418,0.062546259965483,8314271844566.652,0.002679450725740648,0.9078337385409148
89,1.120,0.14199362679561717,0.10033474007522303,13103501894321.068,0.0042293152139235846,0.8531000208617755
89,1.100,0.25144694004741264,0.17853693909270285,22900174577395.816,0.007419848405617603,0.7401226144626956
89,1.080,0.41279548536088473,0.2967060185321705,37365270838966.516,0.012239743747847595,0.5754941147911093
89,1.060,0.3856399813015905,0.2807317280263365,34698874441846.06,0.011471029368130957,0.6057558723867326
89,1.040,0.21613887037247773,0.15944864439621112,19336247388521.227,0.006464396780099943,0.7803271949435823
89,1.020,0.11835565331183052,0.08848102947036639,10523697645353.135,0.0035644260893133196,0.8803626172700212
89,1.000,0.07310955836531628,0.0553644846317024,6455788364615.1,0.002220456396043607,0.9264404017630163
89,0.980,0.0501183013904799,0.03976465858634977,4544031746953.156,0.001406462709786392,0.950729320317215
89,0.960,0.0437994359599364,0.03644273422954114,4079436807399.6475,0.0010670377472318487,0.958117520025029
89,0.940,0.04688698102084553,0.04056601896052784,4446397304146.887,0.0009614910316260981,0.9562360874773346
89,0.920,0.061174708183512456,0.05460094099539811,5857414769890.633,0.0010217127828831484,0.9438721544387968
89,0.900,0.09576869782240026,0.08755336322093553,9188261908192.348,0.0012598374403666162,0.9128073437573592
89,0.880,0.15641562616196383,0.14548905333855813,14929010153234.809,0.0015819206845701407,0.857192650226724
89,0.860,0.18810342228976448,0.17676848870106868,17726431768549.52,0.0014845912737001695,0.8263776203768286
89,0.840,0.16879249605140673,0.15926494376514727,15599745093979.398,0.0011473159743339936,0.8425575846211708
89,0.820,0.16454965609839461,0.15515232761201064,14835089504815.115,0.0011328270992623335,0.847068555007659
89,0.800,0.19617906059820897,0.18445549895655766,17206780438752.924,0.001546844232560438,0.8232482080204938
89,0.780,0.21783285432400842,0.20408546522357554,18561997150749.715,0.0020795878987071,0.8140526491816317
89,0.760,0.15695417968559852,0.1466383149105938,12995083571409.646,0.0017914641714854838,0.8718072749784241
89,0.740,0.10656662840987462,0.0993695133452299,8574383536957.107,0.0013793198072123921,0.9141228807059755
89,0.720,0.09430649671001716,0.08788110091961196,7378124995537.318,0.0013084185345405863,0.9235083834800711
89,0.700,0.10627031799490587,0.09884666733211059,8068226740699.234,0.0016032744736648454,0.9139624627589634
89,0.680,0.15458479064172304,0.14289673938248268,11330504695146.496,0.0027816341100447444,0.8764428509920811
89,0.660,0.3014910743413841,0.275723740420382,21219547583306.97,0.00693412752648073,0.756743507766072
89,0.640,0.17246710192843412,0.1552232264024097,11583897431347.984,0.005236535884715944,0.8536388961107153
89,0.620,0.06383600138195923,0.05657714831051063,4090258599559.1343,0.002428743097733492,0.9408365321777102
89,0.600,0.058020735239566384,0.05117027044539134,3580032637382.187,0.002461530380878379,0.9408935733514258
89,0.580,0.13621185076278325,0.11911774580479295,8056056120647.877,0.006278554543216807,0.8486053155807944
89,0.560,0.17674821017433842,0.15075632576677067,9844226430370.66,0.008620771750404495,0.7877294619460333
89,0.540,0.06466114787244226,0.05551519346721343,3495615373496.6133,0.0022993387215504073,0.9209240807015957
89,0.520,0.07146109211019695,0.06238495057715739,3782693927090.071,0.0013292530345375244,0.9102109119116631
89,0.500,0.11495631219199336,0.0926864808661248,5403864126191.261,0.003213713928792904,0.814188148047872
89,0.480,0.05512987194786127,0.0408785273654925,2287992005713.7734,0.002741540575510152,0.8839741410858016
89,0.460,0.04572510610636881,0.030590471532970086,1640824100359.7312,0.005387564808860475,0.9001673380315067
89,0.440,0.14608199594172253,0.1052973180480258,5402415831895.293,0.013695419063187756,0.8032322866658992
89,0.420,0.08764072399897871,0.06887989795920495,3373337612347.9585,0.005577215457309422,0.9114558199860623
89,0.400,0.12729432197451293,0.10589644944369885,4939231861150.333,0.005167124379064083,0.8885133751104337
89,0.380,0.15071182806308436,0.12315358792754401,5456933845063.435,0.005472836959649047,0.8753341679307036
89,0.360,0.2063701488844859,0.1507214969045171,6326969234791.686,0.007736836712372898,0.7988479887027773
89,0.340,0.0711668045366927,0.0300771123085207,1192430505065.527,0.001959934816447093,0.9147529769101035
89,0.320,0.10447733981915898,0.03573329531224714,1333340497342.9673,0.002240830830340594,0.8690963614553909
89,0.300,0.0875286853995747,0.017006712266148305,594921469414.1056,0.0010511967449579331,0.9080593003456666
