theta [deg],vacuum wavelength [um],absorption in whole stack [unitless],absorption in active material [unitless],absorption in active material [#photons/(m^2s)],Transmission Coeff [unitless],Reflection Coeff [unitless]
0,1.200,0.31036173061127653,0.2373337600671582,1902845250697555.0,0.12910740769024895,0.5608080321625002
0,1.180,0.29753948032687927,0.225510085715009,1777913723166404.2,0.12521829046877217,0.577515865880754
0,1.160,0.29326180958988407,0.22020413791047566,1706656698533121.0,0.12485415532856042,0.5821591159033092
0,1.140,0.2982445571113547,0.22178849684494542,1689299189349488.5,0.1284394788640445,0.5735983109800016
0,1.120,0.3136469732658058,0.23093555708050853,1728110598444122.0,0.13660550572451102,0.5500436940792086
0,1.100,0.3410125969893562,0.24856402933253818,1826811220175799.2,0.15017132074180012,0.5091329794646828
0,1.080,0.3790588262927526,0.2755647655378512,1988429268105041.2,0.17150131432649107,0.4498015938203613
0,1.060,0.42822876210552385,0.3108521058856264,2201518726123657.2,0.19876826632272854,0.37342412712785983
0,1.040,0.480505490900618,0.34863968557322633,2422550646602691.5,0.22929811106806247,0.2906771877170445
0,1.020,0.5186764510177623,0.3764386279611973,2565411625019211.0,0.2546422918750967,0.22720034268188494
0,1.000,0.5242406926826286,0.38089180331246625,2544862555435516.0,0.264601033319455,0.21167282508753443
0,0.980,0.5215290553200451,0.394674208809199,2584208362381842.5,0.24556376712042197,0.23336346799258842
0,0.960,0.5160593617290841,0.4115830056021789,2639923683023656.0,0.21038454869316275,0.27389427357296436
0,0.940,0.537393657266263,0.4509154200140272,2831950418984355.5,0.17991712524159317,0.2828490827260091
0,0.920,0.6035631008837704,0.5299845854251293,3257720122887457.5,0.15465030529238216,0.24165372279376224
0,0.900,0.703659856218148,0.6410375284163825,3854683008816930.5,0.12661830900572998,0.16908971044324644
0,0.880,0.7987310937991062,0.7465011750184067,4389104010133701.5,0.09297159280335468,0.10693172319634793
0,0.860,0.8737872157090723,0.8282569737489853,4759115635410428.0,0.06490611668117435,0.0590879684974011
0,0.840,0.9334318774345824,0.8899411660917386,4994629607575026.0,0.05152922938097577,0.012162252124076548
0,0.820,0.9381799243192418,0.8954486806623781,4905883808182582.0,0.051162660014544566,0.007792713224889704
0,0.800,0.8739409396652237,0.8328953239557774,4451876578280818.5,0.059466147794201826,0.06437807553167715
0,0.780,0.7898463142039759,0.7499643903143386,3908390511462723.5,0.07387381178084278,0.13481139667218825
0,0.760,0.723773530500843,0.6840251003031118,3473348299166860.5,0.08841812312178739,0.18680638688161452
0,0.740,0.713962137764422,0.6723655915539982,3324297666542180.0,0.09919259916762448,0.1859520337248191
0,0.720,0.7794210088534442,0.7332405735185473,3527294243879270.5,0.10782871452558912,0.11168635691603337
0,0.700,0.856274163185405,0.8039204838041071,3759878745859063.5,0.12043967559072621,0.02210717893812095
0,0.680,0.8352906977975194,0.7783807125327129,3536418741858395.5,0.138238849613815,0.025531782334605783
0,0.660,0.7188303792009787,0.6618419724635853,2918508388827814.0,0.1460575655442722,0.13449158429124117
0,0.640,0.6670696601855228,0.6064447602878067,2593187543926956.5,0.1575583316577345,0.17490411845085693
0,0.620,0.7802730395725908,0.7099879148493953,2941069928602357.0,0.1784446475304831,0.040759141572323646
0,0.600,0.8158275498220797,0.7552598188562206,3027682532284043.0,0.14628679392456653,0.037281226169636326
0,0.580,0.7918924395017529,0.7430465462286058,2879431280166287.0,0.10733356539689072,0.10012744368850915
0,0.560,0.895727740662662,0.8475794056212133,3171254726629993.5,0.08695620002523569,0.01650582208008724
0,0.540,0.899523307708533,0.8509658654614823,3070213693211667.5,0.03476070107923539,0.06324181501020945
0,0.520,0.9443724980932112,0.8799107700324423,3057065063304515.5,0.006535632382662198,0.04261952307717004
0,0.500,0.8835699036184466,0.7978038527613546,2665194070622980.0,0.009530519543580347,0.10116278782237047
0,0.480,0.7083157883242776,0.6219769990232403,1994703119016169.2,0.04283435235469908,0.24647716919755652
0,0.460,0.8344591529122015,0.7252010744464715,2228840421338652.8,0.1464676220331285,0.018340510037509847
0,0.440,0.7549644363892314,0.659618021740736,1939134325078144.8,0.13956761320660518,0.1051200069945609
0,0.420,0.7236924627002743,0.6112572357915053,1715283888448644.5,0.1342003228946594,0.1416801046452708
0,0.400,0.8622641394040363,0.6882984212656255,1839498633481818.5,0.12376813133373009,0.012975486098424058
0,0.380,0.7312824606725693,0.5163502375416661,1310963748658499.8,0.12946096473996607,0.13917392144761537
0,0.360,0.803819467525057,0.4707847277974238,1132367957011393.2,0.17381974105705003,0.023538871947236847
0,0.340,0.7471899544311824,0.3953670960047445,898136082840402.1,0.16960293801521806,0.0846468710934991
0,0.320,0.8132715420165075,0.3754029013908137,802620610802785.1,0.15155441285006324,0.03687460129295834
0,0.300,0.7821134520115882,0.2334349920026581,467896629785398.06,0.07174821429549944,0.14836802872509602
1,1.200,0.3104163533874803,0.23737919992427153,1902919700895653.8,0.12911327832087077,0.5607475599397674
1,1.180,0.2975610601963318,0.2255299419808628,1777799460565964.5,0.1252114199157353,0.5775011554730047
1,1.160,0.2932502223312655,0.2201988316402032,1706355647322185.8,0.12483371605915507,0.5821911170529086
1,1.140,0.2981984371358496,0.22175755073046016,1688806229146794.0,0.1284040844360043,0.5736797739196097
1,1.120,0.3135636894532851,0.23087760092276952,1727413773979268.0,0.13655316219982394,0.5501792426528801
1,1.100,0.3408897358439417,0.24847789856123867,1825900069790561.5,0.1501000477841916,0.5093270088908134
1,1.080,0.37889997335927406,0.27545272197168996,1987318056195455.0,0.17141041292915166,0.4500512174113281
1,1.060,0.4280526690917984,0.31072765821407744,2200302194317551.5,0.1986652265020411,0.37370312230056335
1,1.040,0.48035959580222914,0.3485369192370456,2421467709084333.5,0.229204880653912,0.2909162213715349
1,1.020,0.518627908156237,0.37640583233177466,2564797433764054.5,0.25459343716760313,0.2272977662279845
1,1.000,0.5243197614179379,0.38095066603423355,2544868181714904.0,0.2646162725607152,0.21157868678702407
1,0.980,0.5216989425806725,0.3948025052759737,2584654693778409.5,0.24562258436043796,0.23313501932737432
1,0.960,0.5162065317056821,0.4116985862613615,2640262839802517.5,0.21042834414990033,0.2737035221662863
1,0.940,0.5374559130220874,0.4509647955440277,2831829152390577.0,0.1799260162893062,0.28277807863693016
1,0.920,0.6035242930977649,0.5299470206460569,3256993087546728.0,0.1546316100614269,0.24171135665427063
1,0.900,0.7035422060496632,0.6409267794419762,3853430068285759.5,0.12659069446495597,0.16923517797599438
1,0.880,0.7985817108062665,0.7463584146479775,4387596286946708.5,0.09294923449970223,0.10710376392797366
1,0.860,0.8736377298375384,0.8281126168746755,4757561459308787.0,0.06489069637253343,0.05925324177534776
1,0.840,0.9333524239304625,0.8898631451834479,4993431090118809.0,0.05152033538158206,0.012250786560721719
1,0.820,0.9382500572140223,0.8955139634767809,4905494228004595.0,0.05116082127964544,0.007724110611879508
1,0.800,0.8740938638880162,0.8330403586111511,4451973636971424.0,0.05946883719330765,0.06422196709396938
1,0.780,0.7899704238776504,0.7500825894584148,3908411137970328.0,0.07387513725072269,0.13468564987787
1,0.760,0.7238027128111324,0.6840538261388875,3472965133467478.5,0.08840954618264095,0.18678571479062636
1,0.740,0.7138557143047671,0.6722668873736669,3323303422828442.5,0.09916484275843007,0.1860863662547364
1,0.720,0.779219890389308,0.7330530528796338,3525855078889903.5,0.10778690343078748,0.11192959802459986
1,0.700,0.8561673425431576,0.8038224370989488,3758847610510470.0,0.1204081087694714,0.02224575983607835
1,0.680,0.835436412490138,0.7785195460847315,3536510794858048.5,0.13824393331163734,0.025380896179098365
1,0.660,0.7189978609276771,0.6619988936533473,2918755752013137.5,0.14607320128513013,0.13430840058621707
1,0.640,0.6669998376498852,0.6063820466335024,2592524463084510.5,0.15752420176843315,0.17500813755794942
1,0.620,0.780111630709266,0.709838151650942,2940001701447896.5,0.17838703556474472,0.04097812583968788
1,0.600,0.8159660356137063,0.755383008012462,3027715166550608.5,0.1462905551401893,0.03713854701171156
1,0.580,0.7918919718691875,0.743041527243166,2878973282378645.0,0.10731412219770685,0.10014694079211565
1,0.560,0.8956434176572461,0.8474970527260564,3170463649211980.5,0.08692888353319654,0.016617072052581262
1,0.540,0.8996131211699088,0.8510504684053174,3070051278653387.0,0.034754897353574794,0.0631572872798069
1,0.520,0.9442122626098627,0.8797585320673127,3056070619226959.5,0.006532160981195617,0.0427840111803005
1,0.500,0.8838536009479913,0.7980527590102257,2665619533990270.0,0.00952924094310004,0.10087810131019279
1,0.480,0.7080900643512713,0.621768377772258,1993730361942773.0,0.04280520723345211,0.24673247991721192
1,0.460,0.8345179739700486,0.7252329292006578,2228598845964075.5,0.14643596545928442,0.018312936279551505
1,0.440,0.7550933256379231,0.6597295869578973,1939166913185144.0,0.1395499767603314,0.10500859770083561
1,0.420,0.723570208964064,0.6111601106205399,1714750135417686.0,0.13414143979082602,0.1418614084794261
1,0.400,0.8624147176385525,0.6884237867047619,1839553460881149.8,0.12376226555189504,0.012830743852033035
1,0.380,0.7312135522250302,0.5163025649726307,1310643064881935.2,0.12942424302934658,0.13927951093790705
1,0.360,0.8037824138052818,0.47074993683938754,1132111822720141.5,0.17377968481232886,0.02361580170558229
1,0.340,0.7473080732442022,0.39543308379932385,898149170777602.2,0.16960727726778968,0.08452452357986474
1,0.320,0.8130524571630493,0.375284043363353,802244285122115.8,0.1514915223259775,0.03715603167994804
1,0.300,0.7820928397963659,0.23343052518063503,467816414936898.56,0.07173808132323428,0.1483989087261382
2,1.200,0.310580955593718,0.237516080128166,1903146966172972.5,0.1291311729819921,0.5605651271950115
2,1.180,0.2976265080604974,0.22559004285828388,1777460661508423.0,0.1251911051204963,0.5774560197247828
2,1.160,0.2932161674653246,0.22018343465261236,1705456689865912.0,0.12477271924866958,0.5822860932127728
2,1.140,0.29806081129382617,0.22166524494885284,1687331911559923.0,0.12829825923749147,0.5739230712113216
2,1.120,0.3133146084981034,0.23070428203689805,1725328283420076.0,0.1363965324958512,0.5505847176639164
2,1.100,0.3405219017410747,0.24822003069273932,1823171712246006.8,0.149886648799086,0.5099079284933008
2,1.080,0.37842392086754606,0.27511693542715515,1983988472050466.5,0.1711380516095815,0.4507992392410882
2,1.060,0.42752417718302943,0.31035413789634503,2196653056772034.0,0.1983561345906543,0.3745402925737112
2,1.040,0.479920403661852,0.34822751049990724,2418212607541423.5,0.22892458118782114,0.29163543548043236
2,1.020,0.5184796614164062,0.3763055389598705,2562942402776461.5,0.2544456436227694,0.2275938814860123
2,1.000,0.5245547437028885,0.3811256394413136,2544873677752928.0,0.2646608521210379,0.21129963168415442
2,0.980,0.5222083571294983,0.3951872066264514,2585991042152279.5,0.24579886201441492,0.2324500945691071
2,0.960,0.5166491245123271,0.4120461867061503,2641284580748548.0,0.2105601359556229,0.2731297805066124
2,0.940,0.5376441617459851,0.4511141620383301,2831472699703032.0,0.17995318397643814,0.28256309078254666
2,0.920,0.6034093555392408,0.5298356336817045,3254820585923234.0,0.1545759247638967,0.2418823714770061
2,0.900,0.7031903156414,0.6405955045489184,3849678483984498.0,0.12650806660542985,0.16967030350454174
2,0.880,0.7981338364007025,0.7459303960631744,4383076397537870.5,0.09288221404052824,0.10761955654087989
2,0.860,0.8731885912553966,0.8276789052963475,4752896986974183.0,0.06484440431827945,0.05974977548952249
2,0.840,0.933112173314788,0.8896272816992906,4989826469407767.0,0.0514935648054892,0.012518374414365102
2,0.820,0.9384586376611017,0.8957080731012084,4904315540808390.0,0.05115521469318826,0.007520216731597247
2,0.800,0.8745524586166709,0.8334752883191046,4452262672036642.0,0.05947689527308354,0.06375382979792082
2,0.780,0.7903438275999496,0.7504382038953611,3908477369942715.5,0.07387921707613407,0.1343072288222243
2,0.760,0.7238919691326268,0.6841416159694258,3471823713028012.5,0.08838404134581965,0.18672176029994006
2,0.740,0.7135381157075056,0.671972344161048,3320329492058644.0,0.0990818503975787,0.1864874126562394
2,0.720,0.7786166385337663,0.7324905824338931,3521539835847156.5,0.10766154892585852,0.11265913847346366
2,0.700,0.855843835553958,0.8035254355937304,3755741842536464.5,0.1203130275031064,0.022664932272567617
2,0.680,0.8358711793213421,0.778933842582898,3536775957167449.5,0.13825877250451138,0.024931029579815085
2,0.660,0.71950217613128,0.6624713980946869,2919504384414593.0,0.14612045468484616,0.1337566321011887
2,0.640,0.666793057430693,0.6061963659570937,2590546344828606.0,0.15742249242099626,0.17531682589106423
2,0.620,0.7796255771919625,0.7093872263621425,2936791518557274.0,0.1782138776278132,0.041637230198608974
2,0.600,0.8163802151761755,0.7557513917802459,3027807565010864.0,0.14630161890326865,0.03671200847913482
2,0.580,0.7918925222651043,0.7430283024800728,2877606553880043.5,0.10725610546189206,0.10020316500257526
2,0.560,0.8953886263726264,0.8472482606521538,3168084645580683.0,0.08684682547008951,0.01695275506200975
2,0.540,0.8998835496440274,0.8513052028899285,3069566957242812.5,0.03473753475225969,0.06290266387399561
2,0.520,0.943730728761752,0.879301052798092,3053085737896284.0,0.00652175213495609,0.04327830390221169
2,0.500,0.8847055002385418,0.7988001845404117,2666896887862216.5,0.00952540848422967,0.100023224770754
2,0.480,0.7074171068468292,0.6211462760743832,1990825463644752.2,0.04271810546009399,0.24749385190542145
2,0.460,0.8346874257218603,0.7253223503348609,2227855175477267.8,0.1463398149776854,0.018238413262746837
2,0.440,0.7554813545872692,0.6600653842205034,1939267404624993.2,0.1394972866122003,0.1046727869596054
2,0.420,0.7232058381890649,0.6108706874390889,1713154929189325.2,0.13396532459703464,0.14240239259327422
2,0.400,0.8628599436719262,0.6887947335888047,1839703662503032.0,0.1237436779788436,0.012404024255882998
2,0.380,0.731010952875042,0.5161625363641782,1309688879974464.8,0.12931484920022973,0.13959138251012296
2,0.360,0.8036700568889744,0.4706448746725203,1131341968376876.2,0.17365930623799242,0.023847994357729423
2,0.340,0.7476647888907014,0.3956322408405837,898190912238056.8,0.16962075005069524,0.08415467240791753
2,0.320,0.8123923297279293,0.3749263627828503,801113445437365.8,0.15130243802603124,0.03800360224213683
2,0.300,0.7820357700557371,0.2334184140056171,467578391138807.56,0.0717080995598606,0.14848637556223507
3,1.200,0.31085773977257586,0.2377460834805309,1903538777765182.2,0.12916193917687552,0.5602576855926045
3,1.180,0.29773794885507476,0.22569198493568085,1776909276002973.5,0.12515823557852288,0.5773774459881771
3,1.160,0.29316176485808554,0.2201595120070781,1703972392963504.0,0.12467212633078334,0.5824409649380955
3,1.140,0.2978338803583685,0.22151317634437007,1684889900372959.8,0.12812307562280667,0.5743249316556845
3,1.120,0.31290204133495264,0.23041724908440084,1721869055108045.0,0.13613681764197322,0.5512566090765744
3,1.100,0.3399113471014762,0.24779200255167072,1818641435465898.2,0.14953238402665786,0.5108722272534932
3,1.080,0.37763220474441306,0.27455845090273395,1978452748263091.2,0.17068526560553265,0.45204308887871897
3,1.060,0.42664268541298395,0.30973104031386717,2190572884596978.5,0.19784109066820438,0.37593613718785424
3,1.040,0.4791834423709877,0.3477081650009294,2412766750856579.0,0.22845541299429004,0.29284109610394254
3,1.020,0.5182238705162833,0.3761320382477201,2559809286446437.5,0.2541952335486543,0.2281001975608495
3,1.000,0.5249389236496408,0.38141184692364516,2544844729193513.0,0.2647313384378537,0.2108458023166432
3,0.980,0.5230565072516644,0.39582771078970064,2588209228855149.0,0.24609205484258706,0.23131003043971776
3,0.960,0.5173903701322027,0.41262836730670094,2643001597251754.0,0.21078113194203352,0.2721686133904316
3,0.940,0.5379628431728137,0.45136723505330806,2830903040955751.5,0.1800001094397683,0.28219819953884273
3,0.920,0.6032227473309281,0.5296543478900493,3251228401746190.5,0.15448445035098865,0.24216110550424977
3,0.900,0.7026073801062628,0.6400466331676826,3843450020216110.0,0.12637107502253214,0.1703912386814966
3,0.880,0.7973883218430708,0.7452179325584017,4375554325068517.5,0.09277069786160896,0.10847808161918893
3,0.860,0.8724377909685952,0.8269539483577186,4745116586741131.0,0.06476714968692188,0.060579674731704856
3,0.840,0.9327054747919901,0.889228192107462,4983788690962961.0,0.05144865322753385,0.012970948435938729
3,0.820,0.938800182776276,0.8960257662804036,4902317803928444.0,0.05114556791727311,0.007186802916717928
3,0.800,0.8753161504899797,0.8341995526016972,4452737064476133.0,0.059490289116384584,0.06297426990181776
3,0.780,0.790969726760424,0.7510342630530465,3908602128979959.0,0.07388635906012427,0.13367261668396546
3,0.760,0.7240464204329748,0.6842933000068168,3469948196315417.0,0.0883422848590035,0.186608717662654
3,0.740,0.7130143710379331,0.6714866829021864,3315402303370305.5,0.09894445361487092,0.18714930469961563
3,0.720,0.7776116261991172,0.7315534951689242,3514355548602092.5,0.10745289576941601,0.11387435882483668
3,0.700,0.8552945602869736,0.8030209448068454,3750524648656119.5,0.12015329857602099,0.023374922945081648
3,0.680,0.8365877778774089,0.779616906577922,3537180908821282.5,0.1382821185982487,0.024190659791182303
3,0.660,0.720348882731137,0.6632646605670031,2920773669769695.5,0.14620035235562612,0.13282969084259372
3,0.640,0.6664573998022263,0.6058951155520602,2587286583685677.5,0.1572552465042056,0.17582005642906892
3,0.620,0.7788095108446633,0.7086303344536348,2931423329920919.5,0.17792423423550244,0.04274277000327763
3,0.600,0.8170661671578718,0.756361338037426,3027942912621105.0,0.14631931079664398,0.03600621016126961
3,0.580,0.7918999416942145,0.7430123599666565,2875352823668002.5,0.10716045091122874,0.100289326737743
3,0.560,0.8949579659161335,0.8468278919268989,3164100665000996.5,0.08670970730201301,0.01751859722037708
3,0.540,0.9003375140387861,0.8517328048556452,3068769333109063.0,0.03470875701693806,0.06247486961212496
3,0.520,0.9429255044393646,0.8785361201344826,3048106074934065.0,0.006504422546048108,0.04410479516131053
3,0.500,0.8861278700579401,0.8000481111482366,2669028551654296.5,0.009519030512504906,0.09859586320543033
3,0.480,0.706309618029727,0.6201220299823952,1986028646591128.5,0.042574048369210436,0.24874754484930736
3,0.460,0.834946311993364,0.7254507736014499,2226552249214613.5,0.14617561038863763,0.018141715836682996
3,0.440,0.756132608604425,0.6606287194146986,1939443969481319.2,0.1394101990103897,0.10410782575252804
3,0.420,0.7226065480611816,0.6103948456514664,1710516465728644.8,0.1336735812712694,0.14329424682300268
3,0.400,0.8635801063181078,0.6893956640803325,1839906060825538.2,0.12370937767945821,0.01171805433418546
3,0.380,0.7306871052081153,0.5159391646212603,1308124873989113.2,0.12913510420722996,0.14009477380042498
3,0.360,0.8034788105790261,0.47046747670608796,1130054054910281.2,0.17345797795722828,0.024239656820995308
3,0.340,0.7482671319317903,0.3959681207774726,898268665993792.2,0.1696447082476262,0.08352895184097821
3,0.320,0.8112828987926927,0.37432670696143044,799222870408939.8,0.15098599019118011,0.03942672582026343
3,0.300,0.7819565591204312,0.23340253101893982,467190418154117.06,0.07165952036914518,0.14861489428714722
4,1.200,0.3112503798822488,0.2380720176787052,1904114645102992.5,0.12920698673931502,0.5598201541885142
4,1.180,0.29789892474588187,0.22583843038860102,1776165166913961.5,0.12511429015109787,0.5772604162053675
4,1.160,0.2930905447757407,0.22012967079184756,1701923629081829.5,0.12453353451857836,0.5826506078371109
4,1.140,0.29752130733125415,0.22130400350283802,1681502884246783.0,0.12788031450869763,0.5748799145438932
4,1.120,0.31232983765593636,0.2300192493812384,1717060901548715.2,0.1357760140229431,0.5521890740306262
4,1.100,0.3390618402420573,0.2471964534782661,1812334740352910.8,0.14903935558515596,0.512214037495134
4,1.080,0.3765274406369567,0.27377905120561974,1970731526558094.2,0.17005380193200587,0.4537784049496921
4,1.060,0.4254073166119579,0.30885761468678297,2182064947886849.5,0.19712031905152072,0.3778913063837695
4,1.040,0.4781414202834608,0.3469735085651589,2405100073590093.5,0.22779446000126116,0.2945434015761277
4,1.020,0.5178475184240767,0.37587584910070143,2555336442278609.5,0.2538361140365862,0.22883580962973352
4,1.000,0.5254609629149173,0.38180105437723805,2544723603120627.0,0.26482194638124945,0.2102343104531865
4,0.980,0.5242419056415895,0.3967228871059446,2591294815662790.0,0.2465011769175816,0.22971729962477735
4,0.960,0.5184355888484147,0.4134493445548984,2645434636632249.5,0.21109331659796138,0.2708127203745968
4,0.940,0.538419341155484,0.4517301931132225,2830156604309337.5,0.18006925284839836,0.28167356298909313
4,0.920,0.6029719057841788,0.5294097060616156,3246259408002164.0,0.1543591875494752,0.24253811791859023
4,0.900,0.7017987733608656,0.6392850915285937,3834781121205923.0,0.12618080993859374,0.17139151327078994
4,0.880,0.7963466771046216,0.7442224647714382,4365047179206182.0,0.09261497354498674,0.10967753858459094
4,0.860,0.871382093676582,0.8259347023201254,4734211538913789.0,0.064658789593504,0.06174632617417789
4,0.840,0.9321229767919615,0.8886569676498229,4975273172174815.0,0.05138516436845724,0.013618325496852
4,0.820,0.9392654618569776,0.8964582162136886,4899450778887211.0,0.051131423158901186,0.0067335848145475795
4,0.800,0.8763838518262107,0.8352120913927222,4453385129688655.5,0.05950895531298317,0.06188443880010177
4,0.780,0.7918533807112647,0.7518757434689551,3908806496695838.0,0.07389706802611197,0.13277603670159563
4,0.760,0.7242745771447641,0.684516905605751,3467378607023985.0,0.08828539810740861,0.18643694086850382
4,0.740,0.7122929067167192,0.6708178142196396,3308565993189678.0,0.09875404123350076,0.18806221436727943
4,0.720,0.7762056808695676,0.7302425397138369,3504314857085429.5,0.10716137966120928,0.11557399266810646
4,0.700,0.8545045611138115,0.8022949094294226,3743135694617412.0,0.11992706434457653,0.024392564101171122
4,0.680,0.8375738808502107,0.7805573045193174,3537669029631465.5,0.1383118481119647,0.023174251631559544
4,0.660,0.7215470676716119,0.6643871440122119,2922595090328952.5,0.14631456517916808,0.1315168133689793
4,0.640,0.6660063903458785,0.6054906772924831,2582800901670903.5,0.15702587479580316,0.17650088632406766
4,0.620,0.7776548607728216,0.70755981082991,2923871898648124.5,0.1775166283508567,0.044304805755688854
4,0.600,0.8180170642622389,0.7572065244479512,3028092185354392.0,0.1463424579258464,0.035029158902437386
4,0.580,0.7919239501185051,0.7430028159145543,2872248080712042.0,0.10702870827977135,0.10039415147582631
4,0.560,0.8943426559849145,0.8462275944602686,3158484170711898.0,0.08651702228193585,0.01832389663538269
4,0.540,0.9009797367458845,0.852337696292829,3067672201290205.0,0.03466879707888787,0.06186893200926398
4,0.520,0.941792902677702,0.8774603269765836,3041125395582547.0,0.006480202127559013,0.045267170839588616
4,0.500,0.8881239755197274,0.8017993758013272,2672016974779027.0,0.009510115322149348,0.09659271639911512
4,0.480,0.7047889594578757,0.6187146944382442,1979407277356241.5,0.042374706353203014,0.2504704646761225
4,0.460,0.8352587839103578,0.7255868247439776,2224593759028486.8,0.1459373617502481,0.018064714430712538
4,0.440,0.7570539015070595,0.6614251049944277,1939710184439785.8,0.13928980311084455,0.10330579875224091
4,0.420,0.7217844184073524,0.6097424553690657,1706865185650082.0,0.13326888756843627,0.14452219936241725
4,0.400,0.8645417549043755,0.6902000980214805,1840087616495737.8,0.12365431524191732,0.010811376209868334
4,0.380,0.7302629561506067,0.515647619031553,1305990771265647.8,0.12888889861350455,0.14076484923446198
4,0.360,0.8032027008238433,0.47021431253335944,1128240900667456.5,0.17317466132467507,0.02479779070934415
4,0.340,0.7491266568298514,0.3964465519556002,898394442430585.8,0.16968135969329867,0.08263362709494365
4,0.320,0.8097115855478193,0.37348037547133944,796565072510437.6,0.15054045616753037,0.041439676697685925
4,0.300,0.7818791177905362,0.23338934541920073,466665586065902.94,0.07159442885244305,0.14875852382066992
5,1.200,0.3117640259500484,0.23849781990596208,1904901792140438.0,0.12926828386002526,0.5592454187468037
5,1.180,0.29811439619717806,0.2260331088843549,1775256030127273.5,0.12506133169749836,0.5770979112040091
5,1.160,0.2930074437444063,0.22009755819246685,1699339468895276.5,0.12435916911760746,0.5829078643923367
5,1.140,0.2971282099538073,0.22104144246533503,1677202450122054.0,0.12757245587111662,0.575580426644796
5,1.120,0.3116033825746489,0.22951412781478334,1710938414435380.2,0.13531690517488557,0.5533739483846886
5,1.100,0.33797868524022473,0.246437101144369,1804287363386203.5,0.14841050934228306,0.5139251131797672
5,1.080,0.3751134044420651,0.2727813164243512,1960854220183864.0,0.16924615025318046,0.455998923828461
5,1.060,0.4238171004835383,0.30773299691248834,2171135169437853.5,0.19619425254951092,0.3804063342647203
5,1.040,0.476784470417182,0.3460162629332541,2395172415749365.5,0.22693781498786122,0.2967561132914054
5,1.020,0.5173324963287942,0.37552377842823786,2549438527283595.0,0.25335983642520704,0.22982725454635206
5,1.000,0.5261046896784131,0.3822815154735073,2544428373303278.5,0.2649244492125716,0.2094895378873499
5,0.980,0.5257621140730651,0.39787088274547144,2595225883418833.0,0.2470246845004329,0.2276758829829705
5,0.960,0.5197920936512224,0.41451491244682104,2648611882155479.0,0.21149940711048498,0.26905207728963576
5,0.940,0.5390239591939229,0.45221165584353773,2829283954404812.5,0.18016404054936525,0.2809754542874573
5,0.920,0.6026672534974497,0.5291108752753072,3239973411337366.5,0.1542029353123801,0.24300018333448126
5,0.900,0.7007721188699456,0.6383178662760531,3823723151548975.0,0.12593881310862554,0.17266195345188012
5,0.880,0.7950112055543047,0.742946186402561,4351579886558785.5,0.09241546482543839,0.11121519576906637
5,0.860,0.8700172072270038,0.8246171312993509,4720171029238451.0,0.06451914180880156,0.06325421547049782
5,0.840,0.9313517313519323,0.8879012745520863,4964218586414995.0,0.05130249697100846,0.014474095023706855
5,0.820,0.9398413623122274,0.8969928850591874,4895643459366331.0,0.051112131603916394,0.006174362460395435
5,0.800,0.8777537615950247,0.8365111552741982,4454189139494248.0,0.05953278714040731,0.06048624537792574
5,0.780,0.7930019902817635,0.7529694580852969,3909119026557590.5,0.07391203342642426,0.13160958124749778
5,0.760,0.7245883006534475,0.6848236211131932,3464170466322190.5,0.08821493890935644,0.1861929909026105
5,0.740,0.7113856097270639,0.6699768983044544,3299882517913871.0,0.09851256323451874,0.1892122867125676
5,0.720,0.7744003875079004,0.7285591651622045,3491437347171650.0,0.10678766784555405,0.1177557826959918
5,0.700,0.8534532917228603,0.801328017515395,3733492630671638.5,0.1196317906963148,0.025740962135882384
5,0.680,0.8388116224862154,0.7817384607877446,3538158814750900.5,0.1383449006883034,0.021902751441120225
5,0.660,0.7231090740343732,0.6658503491352887,2925010962892208.5,0.14646534666684302,0.12980339555688655
5,0.640,0.6654590810277895,0.6050004912396735,2577167417771130.5,0.15673916331681248,0.17733546838761866
5,0.620,0.7761504194651264,0.70616564522442,2914105064891742.0,0.1769891783825568,0.04633644361955242
5,0.600,0.8192227406957845,0.7582775399985144,3028212680209289.0,0.1463693169116433,0.033792773792234124
5,0.580,0.79197808150043,0.7430123620433059,2868342209396920.0,0.10686302572026954,0.10050195021383143
5,0.560,0.8935308735107128,0.8454361216656506,3151198471486541.0,0.08626811181768508,0.0193811502590679
5,0.540,0.9018165186484745,0.8531257743003566,3066293719842067.0,0.034617967033671114,0.06107821489292738
5,0.520,0.9403283898212621,0.8760694891876241,3032137069214283.0,0.006449137061029316,0.046769954533003144
5,0.500,0.8906972882988119,0.8040569571929703,2675862228258160.0,0.00949866271020174,0.09401028247278144
5,0.480,0.7028854203680884,0.6169512692279191,1971056303791731.5,0.04212241983198544,0.25262989301771455
5,0.460,0.8355736209408258,0.725685725102876,2221842872816604.0,0.14561657726921176,0.018067167306685436
5,0.440,0.7582547791508852,0.662462260679856,1940084963042475.0,0.13913761342279166,0.10225562826767441
5,0.420,0.7207565221426433,0.6089274717752313,1702243909206126.8,0.13275499885994124,0.14606540196817258
5,0.400,0.8656968678369349,0.691170000063696,1840143964857720.0,0.1235712966409897,0.00973926539095994
5,0.380,0.729768249681024,0.5153094320935566,1303342686087560.0,0.12858172193714726,0.1415663779050903
5,0.360,0.8028333680448899,0.46988060054462055,1125892553343749.2,0.17280791636139256,0.02553218008680365
5,0.340,0.7502591750617338,0.39707548405264204,898584497561130.2,0.16973369551932233,0.08144993333680428
5,0.320,0.8076632638418323,0.37238194291067356,793132091735368.5,0.14996389628026285,0.04405948796307428
5,0.300,0.7818370203595628,0.23338794340158892,466022196581243.0,0.0715157424477543,0.1488808496665143
6,1.200,0.31240531072384936,0.23902856334817815,1905935068698551.5,0.12934835158713576,0.5585243305826666
6,1.180,0.29839074378465197,0.22628082047300208,1774217284555552.2,0.12500199971680412,0.5768809162368541
6,1.160,0.2929187990128414,0.22006785896267647,1696257032554277.5,0.12415187292201663,0.5832035600935395
6,1.140,0.2966611501262613,0.22073026063497603,1672028905857789.0,0.12720266546501746,0.5764167460578595
6,1.120,0.3107295909318645,0.2289068245578338,1703545812236051.5,0.13476304990860394,0.5548007642908237
6,1.100,0.33666874671830954,0.24551876149635782,1794545290965542.5,0.14764963617210528,0.5159948039058572
6,1.080,0.3733951388976497,0.2715687027745286,1948859484556673.8,0.16826558305027692,0.45869633300529494
6,1.060,0.4218712226330417,0.30635639037984846,2157793412329527.2,0.19506364634565784,0.3834812761509881
6,1.040,0.47510049458170833,0.34482749356075104,2382935451868954.5,0.2258807549996474,0.2994960364970155
6,1.020,0.516655741932299,0.37505901853358964,2542007563052339.0,0.25275568855928465,0.23110828036570094
6,1.000,0.5268488173684791,0.3828377652812876,2543851915474965.5,0.26502806029434284,0.20864353563748278
6,0.980,0.5276133788387015,0.3992688463233396,2599971302171783.5,0.24766030951496493,0.2251918002799802
6,0.960,0.5214690473659366,0.4158323274607094,2652568059663891.0,0.21200278955426585,0.2668741428626413
6,0.940,0.5397898843005768,0.4528226517928602,2828349348267974.0,0.18028884652470178,0.2800863163883563
6,0.920,0.6023222062204607,0.5287696518707309,3232446923063169.5,0.15401928814109822,0.2435302866693271
6,0.900,0.6995373840636555,0.6371540892846091,3810342703154225.0,0.12564709222489445,0.17419057293914206
6,0.880,0.7933851882315677,0.7413922161695337,4335186124846204.0,0.0921727520408569,0.11308718537048207
6,0.860,0.8683380194844749,0.8229964321876746,4702983526360917.0,0.06434800245321352,0.06510867208434432
6,0.840,0.9303753495182739,0.8869455031343538,4950548002876539.0,0.051199894876349114,0.015555453060997631
6,0.820,0.9405107117335404,0.8976133547854994,4890803469204296.0,0.05108684619078515,0.0055272060166754915
6,0.800,0.8794230851316293,0.8380940382521074,4455123956727325.5,0.0595616166347972,0.05878265494267608
6,0.780,0.7944245306179091,0.7543238973786256,3909574767431075.0,0.07393211175766795,0.1301633968570683
6,0.760,0.7250027459177262,0.6852277419731614,3460394263957848.0,0.08813288900887922,0.18585970569582136
6,0.740,0.7103079087617209,0.6689784219143362,3289431774510004.0,0.09822253510707189,0.19058155427387266
6,0.720,0.7721985003542722,0.7265059083380919,3475751355208446.5,0.10633271384277691,0.12041601361357328
6,0.700,0.8521150335982333,0.8000960913098596,3721493309478031.0,0.11926433680530547,0.027449008728949408
6,0.680,0.8402770124134458,0.7831381087725813,3538541753060335.5,0.13837719598372245,0.02040425692567722
6,0.660,0.725050101825768,0.6676684479671378,2928072613082498.0,0.14665544378622664,0.12767148133304476
6,0.640,0.6648401507924063,0.6044471470243903,2570486692304851.5,0.1564012805340524,0.17829294319185224
6,0.620,0.7742831376181508,0.7044362056170548,2902086897296489.0,0.17633978368201023,0.04885285454686714
6,0.600,0.8206690978202887,0.759561337724196,3028246018212035.5,0.14639747585644253,0.03231357915286592
6,0.580,0.7920795922722254,0.743057178160139,2863698429169154.5,0.10666612623248714,0.10059273445673055
6,0.560,0.892508232618491,0.8444397887539281,3142199601510347.5,0.08596221658705694,0.020705522597295828
6,0.540,0.9028554185231368,0.8541041078159985,3064655231457226.5,0.03455664397987774,0.06009475402906233
6,0.520,0.9385272086945335,0.8743592266760917,3021136130127201.5,0.006411293958020851,0.048617875998510314
6,0.500,0.8938503491097086,0.8068229489525902,2680558568502495.0,0.009484652119632005,0.09084601466844666
6,0.480,0.7006385579331874,0.6148669839960605,1961098759023157.8,0.0418201981730489,0.25518314643038753
6,0.460,0.8358233580208169,0.7256885771260497,2218120688218558.2,0.1452021876561951,0.018227670639280977
6,0.440,0.7597475160202174,0.6637501070367872,1940592436522875.2,0.13895555773475196,0.1009430897005728
6,0.420,0.7195450527027744,0.6079680437037467,1696707956652449.0,0.13213674794721386,0.14789680269057257
6,0.400,0.8669818275231327,0.6922549477927512,1839937680804014.0,0.12345088454917462,0.008574855363673984
6,0.380,0.7292418943636845,0.5149527595187497,1300253526015106.0,0.1282206956084556,0.14245333299791227
6,0.360,0.8023600667526161,0.4694602261820915,1122996384916882.0,0.1723559147065064,0.02645537892076753
6,0.340,0.75168433631417,0.39786474941430816,898858714767416.2,0.1698053789279157,0.0799546048715213
6,0.320,0.8051227009971044,0.3710263892716605,788917939981804.0,0.1492546130242326,0.04730305670898423
6,0.300,0.7818735883065189,0.23341005234181933,465283727929442.1,0.07142720766422724,0.14893490392165556
7,1.200,0.3131823584365953,0.2396704657108058,1907256837167453.0,0.1294502568543652,0.5576457047634344
7,1.180,0.29873577106915034,0.2265874396885398,1773091933720497.2,0.12493950115328273,0.5765984272958319
7,1.160,0.2928323418951289,0.2200462924866094,1692721301477945.0,0.12391509285705746,0.5835265234422287
7,1.140,0.2961281201905283,0.22037626882201655,1666031052274242.2,0.1267747778130738,0.5773770529312241
7,1.120,0.3097168983336034,0.22820337089312304,1694936735609427.5,0.1341187664238364,0.5564567750447682
7,1.100,0.33514047673608294,0.2444473707773986,1783164749586828.0,0.14676137134453265,0.5184100286736348
7,1.080,0.3713790803186573,0.27014563656407287,1934795761153713.8,0.1671162021730921,0.4618600979507184
7,1.060,0.4195693320409644,0.3047272894259399,2142055053160091.5,0.19372971737406053,0.38711526206084845
7,1.040,0.4730756084072228,0.3433969303435032,2368335160287164.0,0.22461796639479817,0.3027823506560565
7,1.020,0.5157894496430895,0.3744612959451978,2532914454452047.5,0.2520108283893352,0.23271950268469818
7,1.000,0.5276666086792837,0.38345037350134725,2542860758159061.0,0.2651192949388402,0.20773649763520755
7,0.980,0.5297901504114407,0.4009125637560263,2605488476093684.0,0.24840484134937552,0.2222738082557761
7,0.960,0.5234772679739271,0.4174101519472473,2657343244503402.0,0.21260743286303121,0.2642641393367661
7,0.940,0.5407331372091488,0.4535765742803202,2827430150515623.0,0.18044896757750203,0.2789848367158705
7,0.920,0.6019531795207751,0.5284004648093071,3223772846390836.5,0.15381263180161475,0.24410762083489454
7,0.900,0.6981069939699481,0.6358051395877069,3794721940358129.0,0.12530813799222917,0.175962442207003
7,0.880,0.7914731133187625,0.739564811857834,4315909468269513.5,0.09188759746078937,0.11528824825519361
7,0.860,0.8663389017700821,0.8210673227209669,4682638527360877.0,0.06414516854280812,0.06731554252434276
7,0.840,0.9291742164841996,0.8857709741103098,4934170420490555.0,0.051076460716526835,0.016882972802712868
7,0.820,0.9412520663753149,0.8982991261916674,4884816390979832.0,0.05105451331005963,0.004814676293147156
7,0.800,0.8813876713567831,0.8399567319075887,4456155288343894.5,0.059595191595871226,0.056778075930201406
7,0.780,0.7961315292695517,0.755949018443554,3910213986130154.0,0.07395830354993821,0.12842592953192164
7,0.760,0.7255362818020166,0.685746595841237,3456134754647159.0,0.08804163745475699,0.18541629650157135
7,0.740,0.7090788663766182,0.6678402859151498,3277311694329050.0,0.09788704169686162,0.19214784097302534
7,0.720,0.7696044509543727,0.7240868716468418,3457296165105333.0,0.10579782417073061,0.12354893669954667
7,0.700,0.8504594698370127,0.7985706234457016,3707018766745545.0,0.11882104892147216,0.029550712385790504
7,0.680,0.8419392157292321,0.784727616322295,3538679775833374.0,0.1384035335368339,0.01871483788002518
7,0.660,0.7273876649310144,0.6698577851892479,2931837931380715.5,0.1468879773501021,0.125100425797669
7,0.640,0.6641800134335523,0.6038584819517584,2562881696679292.5,0.15601978151256152,0.1793353269336106
7,0.620,0.7720391460650269,0.7023591679988023,2887781699311079.0,0.1755663609684262,0.0518700151980697
7,0.600,0.8223373620423136,0.7610405517847249,3028115690951536.0,0.14642373351339796,0.03061356826203352
7,0.580,0.7922493190648708,0.7431567967312023,2858392490847287.5,0.10644127446348624,0.10064239156970604
7,0.560,0.8912584140671919,0.8432230709653725,3131438755043546.5,0.08559854235490182,0.0223141501359994
7,0.540,0.9041048269382491,0.8552805345523713,3062779717444606.5,0.03448525162099184,0.058909702783178156
7,0.520,0.9363851704151988,0.872325701550281,3008121866635639.5,0.006366764995881774,0.05081506882199737
7,0.500,0.8975832535310718,0.8100971937616208,2686089917583511.5,0.009468027373647573,0.08709986070112986
7,0.480,0.698097577414566,0.6125056140446827,1949686235599447.8,0.041471714413178484,0.25807719964464404
7,0.460,0.8359234050575692,0.725521658054385,2213204923606819.2,0.1446804936848402,0.018644593274847618
7,0.440,0.7615470940452591,0.6653007424929115,1941261758086358.0,0.1387459586465482,0.09935085116871473
7,0.420,0.7181774429847078,0.606886615324729,1690325193222004.0,0.1314200360246759,0.14998303596569526
7,0.400,0.8683163528152525,0.6933912608565658,1839296606945562.2,0.12328131025608054,0.007410293980799263
7,0.380,0.7287323638105155,0.5146126641243969,1296813374246529.5,0.12781460162923539,0.14336846257519006
7,0.360,0.8017696601851526,0.468945762420159,1119537205784582.4,0.17181645493580688,0.027582701151211714
7,0.340,0.7534250108875093,0.39882571422374574,899239723217684.4,0.1699005856549839,0.07812065104211365
7,0.320,0.8020776073179252,0.36941050587532104,783921607765486.6,0.14841171836281572,0.05118353370468581
7,0.300,0.7820419747654141,0.2334700642333061,464478773972295.06,0.07133339357388868,0.14886308780099528
8,1.200,0.314104795799053,0.24043089980609625,1908916834795607.8,0.129577604090742,0.5565963174983732
8,1.180,0.2991587089339398,0.22695992114577665,1771930401088169.8,0.12487759955860304,0.5762374576047535
8,1.160,0.292757190372711,0.2200396096929291,1688784893081516.0,0.12365286408476914,0.5838636092317144
8,1.140,0.2955385260860517,0.2199863114069918,1659265905204629.5,0.12629327555060327,0.5784474669474959
8,1.120,0.308575247908912,0.2274108823790341,1685173985525790.2,0.1333891120559727,0.5583269885816695
8,1.100,0.3334039404725993,0.24323000720768795,1770212153286504.5,0.1457511905882049,0.5211552541900634
8,1.080,0.36907319821678214,0.2685176180511255,1918721852121988.8,0.16580298823531497,0.4654772732714542
8,1.060,0.4169118970821974,0.3028457383867907,2123942778528116.0,0.19219430382516617,0.39130598157249635
8,1.040,0.47069468678270454,0.3417133611019111,2351314812060430.5,0.2231438180081236,0.30663579138896807
8,1.020,0.5147013753139316,0.37370708822383614,2522011062983236.5,0.2511104691613054,0.23470791493314794
8,1.000,0.5285255067552949,0.3840956731732481,2541293906356894.0,0.26518182400914225,0.20681727543331713
8,0.980,0.5322844798038272,0.4027960006680478,2611720546797487.5,0.24925385451212764,0.21893427601074736
8,0.960,0.5258289733347595,0.4192580489523784,2662981333644581.0,0.21331777740570318,0.26120541904799527
8,0.940,0.5418725061817286,0.4544891229784625,2826616096550274.0,0.18065059144310855,0.2776460453197862
8,0.920,0.6015795918731623,0.5280203753313174,3214060067591509.5,0.1535881368623988,0.24470759020140834
8,0.900,0.696495958572792,0.6342847573856246,3776958948717141.5,0.12492494286008482,0.17795954232968572
8,0.880,0.7892809450496905,0.7374696210288992,4293804702181290.5,0.09156097475723485,0.11781143511390638
8,0.860,0.8640140771397573,0.8188243909970732,4659128647563950.0,0.06391046517184648,0.06988079393677864
8,0.840,0.9277257768435586,0.8843562119405666,4914982739754445.0,0.05093117370726517,0.01848030069574991
8,0.820,0.9420394799105875,0.8990253993529146,4877545105185798.0,0.05101386420776306,0.004064065363502994
8,0.800,0.8836415665289349,0.8420935000151326,4457237567903441.5,0.05963314762188278,0.054478835268939374
8,0.780,0.7981347842976257,0.757855977056087,3911080573161426.5,0.07399172463624042,0.12638423584911904
8,0.760,0.7262103847694381,0.6864004425788182,3451490062886406.5,0.08794395947975861,0.1848384754424148
8,0.740,0.70772127380662,0.6665838955128885,3263638268906151.0,0.09750973938305746,0.1938846650219237
8,0.720,0.7666249357210101,0.7213082758688336,3436124504780057.0,0.10518473429301603,0.1271461055036857
8,0.700,0.848452436339819,0.7967194792970742,3689937037718645.0,0.11829788052821777,0.03208432598635329
8,0.680,0.8437597302436013,0.7864712141995429,3538402428768975.0,0.1384174814651198,0.016879471008543357
8,0.660,0.7301408813254713,0.6724362260072265,2936368238245427.5,0.1471662882147236,0.12206775941780852
8,0.640,0.6635149178955777,0.6032676724231684,2554497649468039.0,0.15560360554874905,0.18041741339196132
8,0.620,0.769404997495961,0.6999226455865901,2871158809112184.0,0.1746671285117282,0.05540318113186155
8,0.600,0.8242032170040016,0.7626926995162149,3027724254778365.5,0.14644396044794994,0.028721210953067722
8,0.580,0.7925114680743455,0.7433339029586541,2852511571856862.5,0.10619223188357516,0.10062294013309829
8,0.560,0.8897639486395561,0.8417693478652932,3118865271520489.0,0.08517634010066824,0.024225277384563162
8,0.540,0.9055734252702318,0.8566631492757937,3060689865255222.0,0.034404237536798624,0.057513897321810815
8,0.520,0.9338996038935359,0.8699665030002748,2993100881254243.0,0.006315673847184924,0.05336410850432928
8,0.500,0.9018917279109968,0.8138755490610267,2692424202900017.5,0.009448678059007308,0.08277621814354985
8,0.480,0.6953217157141552,0.6099197947493222,1936999221000362.0,0.04108129340909666,0.26124831183398667
8,0.460,0.835771362170025,0.7250958993984401,2206829399309214.5,0.14403517282626674,0.01943675676272328
8,0.440,0.7636711463616752,0.6671283886580042,1942126787664729.2,0.1385115057623585,0.09745855753305191
8,0.420,0.7166864477491891,0.6057099971905038,1683175931424400.8,0.13061180950817847,0.1522843634136017
8,0.400,0.8696025977638744,0.6945012570730759,1838012699258840.0,0.12304842728159898,0.0063576915204530465
8,0.380,0.7282980766463677,0.5143313862900314,1293129752467188.2,0.1273738970600161,0.14424289502707346
8,0.360,0.8010466093472551,0.4683284919597347,1115497396429542.2,0.17118697991267,0.028932214337248595
8,0.340,0.755506411083123,0.39997078649315465,899751686274009.5,0.1700237833966235,0.07591845367771034
8,0.320,0.7985221860685061,0.3675345228650476,778150494113119.2,0.1474357845716093,0.05570613008281026
8,0.300,0.7824052295912632,0.23358505176203004,463640944263765.75,0.07123968009740235,0.14859711875599838
9,1.200,0.3151837653081767,0.24131840625513865,1910972011506586.5,0.12973452545377848,0.5553609025881013
9,1.180,0.2996702218697507,0.22740630697629458,1770790341711912.0,0.12482060283886424,0.5757830435787445
9,1.160,0.29270384145122663,0.22005559016395335,1684507801516253.0,0.12336979184632293,0.5841997243340968
9,1.140,0.2949031674870171,0.2195682546687449,1651798368838546.8,0.1257632652730878,0.5796120913225647
9,1.120,0.30731607177485304,0.22653754857982003,1674329199204999.5,0.1325798583226605,0.5603942109610713
9,1.100,0.33147083707939423,0.24187490967576586,1755763988450607.0,0.14462540126570406,0.5242124828892029
9,1.080,0.36648713947625383,0.2666913291896159,1900707477442135.2,0.1643318488436759,0.46953231048724425
9,1.060,0.4139005977406103,0.300712617426684,2103488528519108.8,0.19046003821093244,0.39604911897637024
9,1.040,0.46794200656557167,0.33976509577492436,2331818441770386.0,0.22145267940358532,0.3110776901613258
9,1.020,0.5133552610135935,0.3727699273896811,2509132944616304.0,0.25003812747202664,0.23712621587944657
9,1.000,0.529386762977588,0.3847454862139093,2538961791594300.5,0.2651963346259279,0.20594388917353423
9,0.980,0.5350852839837281,0.4049107455701845,2618593043631823.5,0.25020137988470986,0.2151902475965646
9,0.960,0.5285374539716803,0.4213865194742696,2669528138322377.0,0.21413859408573999,0.2576799323668926
9,0.940,0.543229460758971,0.455578228182608,2826008388743226.5,0.18090075675200024,0.2760414412442286
9,0.920,0.6012238614602815,0.5276490705261154,3203432937471617.5,0.1533517494108389,0.2453018231889952
9,0.900,0.6947220075609286,0.6326091643260284,3757168048253266.5,0.124501020249708,0.1801606109392619
9,0.880,0.786816424888043,0.7351139616308537,4268939256143214.5,0.09119410171318326,0.1206477720572645
9,0.860,0.8613580504523324,0.8162625034923061,4632452020835974.0,0.06364377700376696,0.07281005144112274
9,0.840,0.9260049013254321,0.8826772960326843,4892872217501636.0,0.05076291205372228,0.020373766201964297
9,0.820,0.9428422703267987,0.8997628525671947,4868829240463120.0,0.050963407076553294,0.0033076383766361384
9,0.800,0.8861764843311628,0.8444963734649257,4458311485791526.5,0.05967497535414022,0.05189374242399077
9,0.780,0.8004470160570231,0.7600567966797004,3912220113241215.5,0.07403357135405482,0.12402436658223755
9,0.760,0.7270495006618006,0.6872123441206865,3446570576354657.5,0.08784299042458071,0.18409861996157584
9,0.740,0.7062617390839233,0.6652342443644113,3248545462316617.5,0.09709485530007106,0.19576115149116877
9,0.720,0.7632695622256828,0.7181790683972625,3412305228402737.0,0.1044956904273198,0.13119564688049137
9,0.700,0.8460568717953464,0.7945077857358417,3670107872273189.5,0.11769054088627558,0.035091246878550635
9,0.680,0.8456915046260397,0.7883251681370327,3537503976056285.5,0.13841126198168055,0.014953037052279737
9,0.660,0.733329568105127,0.6754223242186327,2941724370125939.5,0.14749374470579382,0.11855028632947068
9,0.640,0.6628870240703819,0.602713303389299,2545501652886817.0,0.15516306339835542,0.18148671081519924
9,0.620,0.7663691116845289,0.6971165023999721,2852198091799280.5,0.17364093260967414,0.05946511401251296
9,0.600,0.8262358431520284,0.7644892992878773,3026950319924685.5,0.14645294899951766,0.026672565195552236
9,0.580,0.7928933154087179,0.7436140510626597,2846152804840999.5,0.10592319808173568,0.10050288823955107
9,0.560,0.8880071548432235,0.8400617939125948,3104430147456984.5,0.08469499950036696,0.026457225104870207
9,0.540,0.9072695196453481,0.8582596738019705,3058405731711297.5,0.03431404606677847,0.055898551641860535
9,0.520,0.9310704457914288,0.8672816626963227,2976090540836863.5,0.006258182165359388,0.0562649085301444
9,0.500,0.9067647623371787,0.8181477554600683,2699506511996932.5,0.00942641772196494,0.0778863389634479
9,0.480,0.6923805904968664,0.6071713013407838,1923247183765221.5,0.04065389107100668,0.2646216962051617
9,0.460,0.835246797064991,0.7243067838583664,2198685014201294.8,0.1432473900403793,0.02074354893353382
9,0.440,0.7661398395347238,0.6692492807893435,1943225592239470.2,0.13825521413960282,0.09524298972444233
9,0.420,0.7151101612157073,0.6044693826313479,1675352624283296.5,0.12972001763855381,0.1547546987159622
9,0.400,0.8707246880072399,0.6954928515413193,1835841967911862.8,0.12273574575607457,0.005549549697213743
9,0.380,0.7280076911239557,0.5141585556758048,1289327647221384.5,0.1269107026718909,0.14499585572079735
9,0.360,0.800172959696201,0.46759843280504443,1110857060074447.0,0.17046459662011706,0.030524733196559406
9,0.340,0.7579548734879319,0.4013127394664924,900418678030828.0,0.1701794345643105,0.07331727966584879
9,0.320,0.7944610155911666,0.36540387659100665,771624059567896.6,0.14632954261784545,0.06086354500362615
9,0.300,0.7830363151653555,0.23377476736320366,462808706099300.56,0.07115223824879033,0.1480580347833252
10,1.200,0.31643194089176924,0.24234270829401638,1913486342659894.8,0.12992566969946778,0.5539221468994137
10,1.180,0.3002824167635565,0.2279357364977551,1769736433025681.2,0.12477334984236872,0.5752182494388338
10,1.160,0.2926841638962478,0.2201030398751066,1679957108202775.5,0.12307103137337574,0.5845178550380595
10,1.140,0.29423421517310844,0.21913097342520507,1643700862558977.0,0.1251904501091632,0.5808530628423284
10,1.120,0.3059522663089714,0.2255926186583617,1662482459887683.2,0.13169746101477275,0.5626391009950737
10,1.100,0.32935451202297905,0.24039149073668112,1739906616198687.0,0.1433911271143073,0.5275612558926508
10,1.080,0.3636323680428399,0.2646747387276757,1880833763189767.5,0.16270966137439724,0.47400687574894934
10,1.060,0.4105387392740997,0.2983299445938943,2080735498232215.5,0.18853052630021344,0.4013377611384599
10,1.040,0.4648019795099006,0.3375404964656879,2309794739350628.0,0.21953927910600163,0.31612888387685034
10,1.020,0.5117114064190352,0.37162080946078574,2494102860670381.5,0.24877594555165786,0.24003191643621521
10,1.000,0.5302050995778126,0.38536687355299926,2535645541831132.5,0.2651404175530702,0.20518397705354716
10,0.980,0.5381774738534087,0.40724534890331787,2626009981035441.0,0.25123951812996675,0.2110646997331248
10,0.960,0.5316166597228749,0.42380657089030194,2677029042175272.0,0.21507480887910108,0.25366881627293636
10,0.940,0.5448280406694763,0.4568639537771476,2825718606068785.0,0.181207303435354,0.274139153298234
10,0.920,0.6009113937192071,0.5273088482122473,3192030628853000.0,0.15311017825727447,0.24585819764287012
10,0.900,0.6928057255113638,0.6307971836855231,3735480028883878.0,0.12404042301285903,0.18254098852836395
10,0.880,0.7840893964030259,0.7325071244368978,4241394696009376.0,0.0907884751005936,0.12378590030712375
10,0.860,0.858366095403712,0.8133772669312804,4602614964454655.0,0.06334508360003041,0.07610807451478221
10,0.840,0.9239843464764665,0.8807083006640429,4867719445473497.0,0.050570480459505,0.022591893224951604
10,0.820,0.9436248071990508,0.9004774410492457,4858484856388792.0,0.050901421033742573,0.002582853059733208
10,0.800,0.8889811935524771,0.8471545667211712,4459301196376439.5,0.05971998323570593,0.049034740558170635
10,0.780,0.8030814452620219,0.7625639673801267,3913677600278716.0,0.07408507928625847,0.12133183063612595
10,0.760,0.7280808683583648,0.6882079983203095,3441497605373706.5,0.08774219418621095,0.1831659809157523
10,0.740,0.704730758529846,0.6638199832137407,3232184963037065.5,0.0966471822825084,0.197741965802786
10,0.720,0.7595515294539743,0.7147115636953264,3385926052488216.0,0.10373353330311787,0.1356814960715347
10,0.700,0.8432339838226771,0.7918990227665295,3647388385259214.5,0.11699467316891271,0.038614670929143995
10,0.680,0.84767805718876,0.7902369499919438,3535740710972071.5,0.13837564426909643,0.013001309884065575
10,0.660,0.7369731074571203,0.6788342790428226,2947961884481581.5,0.14787350593646964,0.11452545598529854
10,0.640,0.6623444355365157,0.6022393990898074,2536082059509332.5,0.15470980994010636,0.1824834364674079
10,0.620,0.7629233957391061,0.6939338250107131,2830895971842771.5,0.17248760795391185,0.06406409972763567
10,0.600,0.8283969122627666,0.7663949483993172,3025645535549698.0,0.14644426138373404,0.02451243571350628
10,0.580,0.7934247952241861,0.7440252751309301,2839421369073277.0,0.10563873576330411,0.10024772037489968
10,0.560,0.8859712245243299,0.8380844090773191,3088090023252035.5,0.08415415401595609,0.02902719884818696
10,0.540,0.9092002397174289,0.8600766991886651,3055941988538739.5,0.03421508682077264,0.054056092542274684
10,0.520,0.9279014458545283,0.864274777151486,2957122707528024.0,0.006194496328333109,0.05951349995654187
10,0.500,0.9121817747578363,0.822894885573427,2707251052435016.0,0.009400959217041994,0.07245120902047664
10,0.480,0.6893544790685039,0.6043312626979293,1908668308207475.2,0.04019506261681145,0.26811127091178166
10,0.460,0.8342118141184764,0.7230349448334863,2188423063129172.8,0.14229606582986573,0.022724088019883355
10,0.440,0.7689756552242889,0.6716814693058766,1944599667553911.5,0.13798036267466074,0.09267834473237292
10,0.420,0.7134919445507346,0.603200287906026,1666959292163764.5,0.12875354664597022,0.15734174609667415
10,0.400,0.8715490271665054,0.6962597638436822,1832506203628136.8,0.12232459359503817,0.0051382928500081785
10,0.380,0.7279402378375804,0.5141512907197681,1285549165463442.5,0.1264387524540965,0.14553458472462516
10,0.360,0.7991283357477014,0.4667443728750161,1105594209081160.9,0.16964610035013844,0.03238380091083059
10,0.340,0.7607962088698039,0.4028638010127913,901262553106632.8,0.17037160422311942,0.07028731990818142
10,0.320,0.7899130277522003,0.3630310048183102,764377438404745.9,0.14509857982704502,0.06663129784030386
10,0.300,0.7840180275333688,0.2340616108153714,462025140749041.6,0.07107799813508177,0.14715630538927463
11,1.200,0.31786354579187165,0.24351472857834922,1916530615346121.2,0.13015618965268022,0.5522606849993468
11,1.180,0.3010088548032276,0.22855845855020349,1768840147790343.5,0.12474119606244274,0.5745241695957406
11,1.160,0.2927113921106164,0.22019179010037765,1675206666653354.2,0.12276226625989274,0.5847990947838937
11,1.140,0.2935451860737408,0.2186843362687596,1635052904612431.0,0.12458109933422233,0.5821506071822852
11,1.120,0.30449816055601076,0.2245863822874595,1649721838015668.8,0.1307490252034526,0.5650402368200357
11,1.100,0.32706995742252654,0.2387903413364304,1722735974196153.0,0.1420562851418274,0.5311786758107536
11,1.080,0.3605222907892263,0.2624771978932389,1859193608848685.2,0.16094430595891443,0.4788796911630884
11,1.060,0.4068316704170983,0.29570118196587664,2055740097777618.0,0.18641052329116323,0.4071618036047251
11,1.040,0.4612599632149049,0.33502856476906695,2285201273552366.5,0.21739909510299185,0.3218085142750867
11,1.020,0.5097274121285291,0.3702287287205638,2476735156036111.0,0.2473050979831115,0.24348619028809354
11,1.000,0.5309284551016008,0.3859219447793276,2531096806825262.0,0.2649885053812737,0.20461511120168793
11,0.980,0.5415409412474261,0.40978455527838087,2633849423477614.0,0.2523579954680153,0.20658799797262387
11,0.960,0.5350806828864224,0.4265293027775595,2685526158972899.0,0.21613128663077338,0.24915312709576046
11,0.940,0.5466947136955077,0.45836837372709494,2825867401991117.5,0.18157881174084603,0.27190414325898643
11,0.920,0.6006705564699569,0.5270245903536925,3180006355542577.0,0.1528708779050202,0.24634088287744782
11,0.900,0.6907706801930436,0.6288703537566777,3712042264633811.5,0.1235477598090843,0.18507247373229407
11,0.880,0.7811121439361912,0.7296606879886224,4211268208319082.0,0.09034590651030039,0.12721170112547034
11,0.860,0.855034791486977,0.8101655372562214,4569634848696188.0,0.06301449794572972,0.0797781801261951
11,0.840,0.9216353177682477,0.8784218335445008,4839401883013384.0,0.050352643145714616,0.02516480228380331
11,0.820,0.9443463462099522,0.901130241033773,4846304500961043.0,0.05082595340184008,0.0019325285475907468
11,0.800,0.8920408269533294,0.8500538192758971,4460111246234770.0,0.059767256265809324,0.045917640734931646
11,0.780,0.806051289017961,0.765389966737396,3915494775702461.0,0.07414747511891893,0.11829214805250737
11,0.760,0.7293342981236831,0.6894155299432839,3436401783355088.5,0.08764532560674965,0.1820069420918456
11,0.740,0.7031627615855379,0.6623734635946061,3214725729306925.5,0.09617206825144146,0.19978727947418315
11,0.720,0.7554883137534076,0.7109220894474536,3357096199083090.0,0.10290177952133289,0.1405826284948441
11,0.700,0.8399446405796329,0.7888563269919824,3621639634938389.5,0.11620606202517601,0.042697991380705035
11,0.680,0.8496526740696517,0.7921444812619827,3532828822120464.5,0.1382998581430825,0.01110184528761687
11,0.660,0.7410890447683262,0.6826886446611369,2955125272029233.5,0.1483082350972134,0.10997305289417261
11,0.640,0.6619411693693769,0.6018953971468348,2526447496849835.0,0.1542567979487216,0.1833405930505617
11,0.620,0.7590649960658378,0.6903725128024012,2807271795537366.0,0.17120836006011392,0.0692018125723703
11,0.600,0.8306396027359154,0.7683664220776883,3023631835973423.5,0.14641008832635422,0.022295501395522804
11,0.580,0.7941379505067656,0.7445975711219404,2832428072247252.0,0.10534367698173443,0.09982054053330204
11,0.560,0.8836414405671019,0.8358231743266686,3069811556164140.5,0.08355379484812715,0.03194995635175524
11,0.540,0.9113705935290269,0.862118791882618,3053304745710634.5,0.0341076989511946,0.05198114319565183
11,0.520,0.9244014534374972,0.8609542050146795,2936247610895450.0,0.006124874082127278,0.06310072927397664
11,0.500,0.9181092976571856,0.828086366845881,2715531971235305.0,0.009371887821082302,0.06650491063790206
11,0.480,0.6863344963780214,0.6014802825114216,1893528794237643.8,0.03971091830114702,0.27161952358010705
11,0.460,0.832512796885845,0.7211477967990821,2175661837304000.0,0.14115835940192742,0.025554997334650227
11,0.440,0.7722030157430232,0.6744444838726131,1946292749468498.8,0.13769040370402702,0.08973670055453799
11,0.420,0.7118802442393397,0.6019423997198922,1658110643103945.0,0.12772212780825826,0.15998727408682653
11,0.400,0.871925753507004,0.6966826372632053,1827697255781403.5,0.12179445461853973,0.0052944704799744715
11,0.380,0.7281850012675875,0.5143741234892822,1281952667512213.2,0.12597328906912705,0.14575455980388483
11,0.360,0.7978899650439689,0.4657539256457326,1099685012396061.9,0.1687280073678769,0.03453563267664673
11,0.340,0.7640535141289979,0.40463445321421476,902300206939999.0,0.1706034535156049,0.06680237971658627
11,0.320,0.7849152825138525,0.36043702947150585,756464690706152.6,0.14375197764121592,0.07296332363121018
11,0.300,0.7854427526578657,0.2344705433999619,461337572316786.3,0.071024598360817,0.14579212555833412
12,1.200,0.3194943724026456,0.24484660773254355,1920182185592152.2,0.130431728164446,0.5503550933458867
12,1.180,0.30186456714241977,0.22928584695453588,1768179512175412.0,0.12472999873479747,0.5736799278792872
12,1.160,0.2928001220592307,0.22033269812384512,1670336766762864.5,0.12244968574222988,0.5850226709426851
12,1.140,0.2928509166519205,0.21823918984126217,1625940657260651.0,0.12394201544415309,0.5834830984246877
12,1.120,0.3029694774295359,0.22353014557261386,1636142863552325.2,0.12974226520749016,0.5675741947060915
12,1.100,0.3246337973304981,0.23708322498868623,1704357162892308.2,0.14062955352302475,0.5350394535877029
12,1.080,0.3571723604070307,0.2601095200134301,1835891884034038.0,0.1590446845383834,0.48412641300365133
12,1.060,0.40278718748217446,0.2928315324699774,2028573763896008.2,0.18410609792385307,0.4135073828635874
12,1.040,0.457303131719766,0.33221957333772434,2258008925224562.0,0.21502876691415615,0.32813274619599203
12,1.020,0.5073591158604934,0.3685613522484802,2456841068876848.5,0.2456062903839508,0.24755243988160994
12,1.000,0.5314978709873381,0.3863677697031317,2525038415348498.5,0.26471189018313335,0.20432489308206048
12,0.980,0.5451494068313977,0.4125084303569938,2641958570780123.5,0.25354366481454943,0.20179954642654105
12,0.960,0.5389431170491313,0.4295653936334554,2695054913083716.5,0.21731256677050065,0.24411474555039575
12,0.940,0.5488581944968424,0.460115415428321,2826582958311025.5,0.18202452748959644,0.26929846186918177
12,0.920,0.6005326392801821,0.5268237220834623,3167526438366615.0,0.15264202654131145,0.24671040247975148
12,0.900,0.6886435366050075,0.6268530276857532,3687018664134944.0,0.1230282080957905,0.18772319628915723
12,0.880,0.7778997339740157,0.7265888356206858,4178674004546017.0,0.08986855779146337,0.13090791842830968
12,0.860,0.8513626012460281,0.8066259664792763,4533543096047473.0,0.06265230733871954,0.0838216231063562
12,0.840,0.9189281443248527,0.875789680742849,4807797956455154.0,0.05010816263296975,0.028123494958379857
12,0.820,0.9449609424508224,0.9016773693921746,4832057803699030.0,0.05073482191136679,0.0014049302877730675
12,0.800,0.8953361183212301,0.853175668820532,4460623287429513.0,0.05981561147112626,0.0425629314244093
12,0.780,0.809369165793791,0.7685466941704973,3917707069726157.5,0.07422192118648145,0.11489150156182357
12,0.760,0.7308418963846298,0.6908652309608245,3431421180659679.5,0.08755638615169081,0.1805853400692664
12,0.740,0.7015961192896508,0.6609307474535558,3196353285577526.5,0.09567539887385393,0.20185277898353446
12,0.720,0.7511023295439736,0.7068316093689366,3325948789961361.0,0.1020046958958202,0.1458723238342596
12,0.700,0.8361509847774472,0.7853440042874509,3592734060424265.5,0.11532086846792804,0.047382947688970424
12,0.680,0.8515377869709065,0.7939755422284612,3528443243673806.0,0.13817154502914195,0.009344652631942296
12,0.660,0.7456913764199037,0.6869987529464467,2963241061542590.0,0.14879975653833363,0.10487725310810249
12,0.640,0.6617370418366366,0.6017360468865602,2516825476130711.5,0.15381820851989256,0.18398415266493476
12,0.620,0.7547981224491892,0.6864369323187686,2781374252809439.0,0.1698061543489036,0.07487110053933876
12,0.600,0.8329077232108287,0.7703518746547423,3020699286071719.5,0.146341134103095,0.020087308003014462
12,0.580,0.7950662200992044,0.7453622254950348,2825286351962050.5,0.10504300820715111,0.09918290040972869
12,0.560,0.8810064990713715,0.8332673056188236,3049576047175320.5,0.08289438986070075,0.03523636528507952
12,0.540,0.9137823726770569,0.8643874584064708,3050487962661480.0,0.033992111496895766,0.04967166082311981
12,0.520,0.920585741357247,0.8573342982393706,2913537691166811.5,0.006049630673671333,0.0670109190960693
12,0.500,0.9244972105671947,0.8336766008615341,2724173194842273.5,0.00933863312061309,0.06009844389182615
12,0.480,0.6834226492144674,0.5987084481225108,1878121664979988.2,0.0392080657632939,0.27503751332365967
12,0.460,0.8299837295200491,0.7185025424451075,2159997456291413.5,0.13981042325351084,0.029426328221255637
12,0.440,0.775847676968972,0.6775587933461071,1948349036968285.2,0.1373888322212736,0.08638875428892143
12,0.420,0.7103282917824966,0.6007393216056162,1648930871352537.5,0.12663621887475907,0.16262753465776822
12,0.400,0.8716917443667302,0.6966313886194043,1821084630276606.5,0.121123532545402,0.006203184293794626
12,0.380,0.7288410458798853,0.5148986768284295,1278711206167865.8,0.1255308886139422,0.14554014563161174
12,0.360,0.7964327690654159,0.46461362798186917,1093104151896580.8,0.16770660333931003,0.037008976694247867
12,0.340,0.7677443352767349,0.4066318837214189,903540125903741.6,0.17087659918158563,0.06284335086305812
12,0.320,0.7795261908749662,0.3576531669006085,747961341797408.1,0.14230282323132806,0.07978824504773624
12,0.300,0.7874119491738494,0.23502891513726334,460797006873987.44,0.07100030722009355,0.14385601061897232
13,1.200,0.3213418035025288,0.24635172417290577,1924524702148560.8,0.13075840233114244,0.5481818848198916
13,1.180,0.3028660749681548,0.23013041954412303,1767838851700773.2,0.1247461015967304,0.572662672704206
13,1.160,0.29296631028820264,0.22053765050088792,1665433784353691.2,0.12213996138538992,0.5851659690955658
13,1.140,0.2921675355494958,0.21780734277964486,1616456439472015.0,0.1232804992200576,0.5848271213211693
13,1.120,0.30138328779592916,0.22243620198507755,1621847931809625.2,0.12868545977443127,0.5702156397631704
13,1.100,0.32206425558649443,0.23528305961067975,1684883905697227.8,0.13912032970740912,0.5391159825463205
13,1.080,0.35360014688194363,0.2575840378985301,1811045410505277.0,0.15702072230404854,0.4897195589283476
13,1.060,0.39841590468240656,0.2897282131727627,1999324513674916.8,0.18162477496589172,0.4203563639923631
13,1.040,0.4529213805579726,0.32910572368848284,2228206374655202.0,0.21242651535400453,0.33511344374993907
13,1.020,0.5045617345072579,0.3665858445064532,2434234987566671.0,0.2436603531104574,0.25229456177118165
13,1.000,0.5318475872289545,0.3866564413544871,2517166174805172.5,0.26427885334627654,0.2044107278297784
13,0.980,0.5489691395029987,0.4153913904259844,2650148463970426.5,0.2547799595297529,0.19674961320573855
13,0.960,0.5432162672246306,0.4329244691918698,2705639955787866.0,0.2186225424477119,0.23853748691528776
13,0.940,0.5513492141241443,0.46213066136058817,2827999153821658.0,0.18255427052636902,0.26628157093782034
13,0.920,0.6005317934965889,0.5267361532154781,3154769203932623.5,0.1524324982728692,0.24692372221685024
13,0.900,0.6864541495898632,0.6247724532207142,3660589417880339.0,0.12248752249049863,0.19045751608414999
13,0.880,0.7744703472197229,0.7233086632876186,4143744569256241.0,0.08935897467001841,0.13485379254387664
13,0.860,0.8473504753465199,0.8027595755035088,4494388219362453.0,0.062259015605708755,0.08823694730342432
13,0.840,0.9158330697313258,0.8727835621233248,4772791712347190.0,0.04983584430907617,0.0314990161066332
13,0.820,0.9454174783789168,0.9020700129936593,4815492780021230.0,0.050625623616824,0.0010537332464223932
13,0.800,0.898842579446414,0.8564966673669108,4460692665306504.0,0.05986355112792368,0.03899665052559791
13,0.780,0.8130463999457347,0.7720448097453128,3920340128045688.5,0.07430945230146932,0.11111749649653739
13,0.760,0.7326377274702952,0.6925892411472836,3426699101674143.5,0.08747957215120926,0.17886285463317933
13,0.740,0.7000731074403259,0.6595315742242172,3177268733420818.0,0.0951635725038007,0.20388972771950167
13,0.720,0.7464215324689738,0.7024662923125801,3292642833788513.0,0.1010473621048626,0.15151749946665688
13,0.700,0.831818250451387,0.7813292335141914,3560563630516858.0,0.11433588752066201,0.05270754859101706
13,0.680,0.8532446528247563,0.7956474608053349,3522217994111758.5,0.13797676576592424,0.007832507425133951
13,0.660,0.7507884836570842,0.6917728086629027,2972309711486391.5,0.14934865077352258,0.09922909696119811
13,0.640,0.6617974470309433,0.6018212111545256,2507460509496974.5,0.15340935349166845,0.18433337593114804
13,0.620,0.7501358687185519,0.6821395668681205,2753287532686772.0,0.16828609314537357,0.0810537860244085
13,0.600,0.8351350563349133,0.7722902463075768,3016604940024998.0,0.1462265475554536,0.01796499468237646
13,0.580,0.7962435351816431,0.7463509656517947,2818108632150533.5,0.10474173204423817,0.09829584170069586
13,0.560,0.8780598949662499,0.8304105673091564,3027384142338403.5,0.08217700237986886,0.03889189748685656
13,0.540,0.9164329071083991,0.8668799680191158,3047469478986955.5,0.033868400353335215,0.047130228615955345
13,0.520,0.9164773138438024,0.8534366173647838,2889091216438983.5,0.00596914402434279,0.07122054570454824
13,0.500,0.9312745933126035,0.8396012483024069,2732937611420047.0,0.00930044122571282,0.05330392976784673
13,0.480,0.6807317526905436,0.5961152154469068,1862765054810779.0,0.03869353890819129,0.2782450243062735
13,0.460,0.8264514747197523,0.7149508745266708,2141019737787724.8,0.13822847405513308,0.03453520824964842
13,0.440,0.7799357864252626,0.6810449726595619,1950810594504896.2,0.1370789998443816,0.08260495048299143
13,0.420,0.7088936872980871,0.5996382208289398,1639552149570948.8,0.1255068609024672,0.1651938230868592
13,0.400,0.8706755300005685,0.6959690799230621,1812327057638737.5,0.12028958023744078,0.008058338386730413
13,0.380,0.7300162633399299,0.5158030070533318,1276010076320692.8,0.125129195910986,0.14476581146061304
13,0.360,0.7947295800996202,0.4633091134495057,1085825361958867.5,0.16657801889795262,0.03983482229733439
13,0.340,0.7718770778024054,0.4088580348657861,904978145712814.0,0.17119032330009626,0.05840258460345522
13,0.320,0.7738278221910917,0.3547217009239964,738965859330718.8,0.14076852821160912,0.08700675084729644
13,0.300,0.79003519189739,0.235766154629695,460457289307381.9,0.07101390127887296,0.141229871648923
14,1.200,0.3234248339291814,0.24804471442703768,1929647790218779.0,0.13114278559621453,0.545715504928259
14,1.180,0.30403141456340543,0.23110586117986764,1767908527190667.0,0.12479631954046277,0.5714475673479535
14,1.160,0.293227277215146,0.22081956970859148,1660589822225637.8,0.12184022371279261,0.5852045530998126
14,1.140,0.2915124366888371,0.2174015501632655,1606698214634912.2,0.12260431342657294,0.5861575344639531
14,1.120,0.29975795802688215,0.22131779866372325,1606945648111960.5,0.1275874029625544,0.5729374274702168
14,1.100,0.3193811047681949,0.23340388585979083,1664437878267216.5,0.1375386784053923,0.5433784414394812
14,1.080,0.3498253703440763,0.2549146336866957,1784782693925886.8,0.15488334855345387,0.4956284943690265
14,1.060,0.3937315708830763,0.28640069069835855,1968098133945284.2,0.17897564673184224,0.4276859127976181
14,1.040,0.44810823422245,0.3256818072371585,2195804455208014.0,0.20959255307582494,0.3427568533250176
14,1.020,0.5012912129480547,0.3642698430679646,2408741603067984.5,0.24144892666881823,0.257774913743991
14,1.000,0.5319054227418657,0.3867353455806245,2507152143660038.5,0.2636549430308688,0.2049791665374166
14,0.980,0.552957570821966,0.4184011525140421,2658188477609394.0,0.256046313118447,0.19150129471853167
14,0.960,0.5479101834944937,0.43661433033346675,2717290322922484.0,0.2200640735349721,0.23240845367913007
14,0.940,0.5542002270978281,0.46444109811308104,2830253395666323.0,0.18317832246303875,0.26281074855901243
14,0.920,0.6007049490308694,0.5267941988320752,3141923701480327.0,0.15225182877123142,0.2469343677932139
14,0.900,0.6842356283785144,0.6226588263083611,3632950507597607.5,0.12193203738496819,0.19323595604820784
14,0.880,0.7708455887985581,0.7198404663996576,4106631675549270.5,0.08882011707580645,0.1390247191731803
14,0.860,0.8430024700746062,0.7985703382388197,4452238793536367.5,0.06183538540884627,0.09301932418538826
14,0.840,0.9123211581112604,0.8693759963952729,4734277978597259.0,0.0495345864969526,0.03532149495097073
14,0.820,0.9456598458031653,0.9022546053582424,4796338030430079.0,0.05049575242708981,0.0009378220189516629
14,0.800,0.9025296349885615,0.8599875575038872,4460145001910273.5,0.05990921516355804,0.03525130046687496
14,0.780,0.8170922165661605,0.7758929686949754,3923405912379624.5,0.07441090454073708,0.10696003864297425
14,0.760,0.7347574014613256,0.6946211586665617,3422381532051520.5,0.08741921478952129,0.1767994814220847
14,0.740,0.6986398164866641,0.658219277820514,3157687447658182.0,0.0946434666352954,0.2058450897471766
14,0.720,0.7414799329343115,0.6978579975437021,3257364655297617.5,0.10003571719987205,0.1574781497742863
14,0.700,0.8269167426865891,0.7767839242009029,3525048465528630.0,0.11324882120611492,0.05870381668336619
14,0.680,0.8546734781278502,0.7970672143196758,3513748568740915.0,0.1377000871710186,0.006680739921562961
14,0.660,0.7563806720982299,0.6970116191871746,2982296210606551.5,0.14995378275764587,0.09302942315901376
14,0.640,0.6621930026783243,0.6022155483137752,2498611654968924.5,0.15304654480528043,0.18430129711404816
14,0.620,0.7451019411596383,0.6775025805654296,2723136846162253.0,0.16665575935040147,0.08771859209879643
14,0.600,0.8372450592722177,0.7741110014269657,3011073198511913.0,0.14605392215853252,0.016017594488909184
14,0.580,0.7977031991701444,0.7475949081698432,2811001980695938.0,0.10444470378866585,0.09712118041771525
14,0.560,0.8748013160505342,0.8272525926480818,3003260383194538.0,0.08140340363947415,0.04291512094923479
14,0.540,0.9193136766924757,0.8695880402039488,3044206726296577.0,0.033736442749423716,0.04436549388170351
14,0.520,0.9121081374187573,0.8492910737828698,2863035456909688.0,0.005883858480974193,0.07569699548835976
14,0.500,0.9383453516859062,0.8457733179622732,2741516144582015.5,0.00925634957509733,0.04621904031808066
14,0.480,0.6783852036804795,0.5938091660966727,1847799978833490.5,0.038174713962049744,0.2811108755854033
14,0.460,0.8217432802090527,0.7103455945422058,2118333558610171.2,0.1363901997174229,0.04107692227179305
14,0.440,0.7844924743961783,0.6849224618984906,1953713641159688.2,0.1367638552185927,0.07835715027129615
14,0.420,0.7076378835996886,0.5986893892545632,1630112864468274.8,0.1243455153389096,0.16761315712800098
14,0.400,0.8687043655829726,0.6945575143461566,1801088398965718.2,0.11927101279772223,0.011054445038291111
14,0.380,0.7318257916714459,0.5171705069376556,1274043246294764.0,0.12478654868259136,0.1432980881075941
14,0.360,0.7927515691353666,0.4618254090852416,1077822257370075.2,0.1653383484879446,0.04304585414560069
14,0.340,0.7764465899653482,0.41130721282294874,906592382929087.4,0.1715406260021195,0.05348924725078572
14,0.320,0.7679269585208361,0.3516963691425262,729599766570546.1,0.1391708956241404,0.09449047629151189
14,0.300,0.7934285287135455,0.23671324700297883,460373843330945.6,0.0710744802553972,0.1377888391408716
15,1.200,0.32576409120598343,0.24994149274957678,1935646685421122.8,0.13159188714726872,0.5429283317554459
15,1.180,0.3053801678420158,0.23222705106884817,1768484661921653.8,0.12488792332902376,0.5700077746951527
15,1.160,0.29360171597501106,0.22119242510482512,1655902349218758.5,0.12155803934071994,0.5851121790971786
15,1.140,0.2909042543029779,0.21703549949836423,1596769062115901.8,0.12192164589148845,0.5874475321471353
15,1.120,0.298113092150405,0.2201890988389601,1591550119730720.2,0.1264573514548789,0.5757107141671447
15,1.100,0.31660559582212716,0.23146082156885994,1643147908538252.2,0.13589526964059542,0.5477949267363251
15,1.080,0.3458698898224697,0.2521167370741126,1757243381158324.5,0.15264445493618253,0.5018194855869982
15,1.060,0.3887513140105885,0.2828608651154978,1935018909730148.8,0.17616944510518828,0.43546817973278745
15,1.040,0.44286171784790257,0.3219458420310409,2160840159575351.2,0.20652946645821937,0.35106235102612793
15,1.020,0.49750576435508337,0.36158257487071493,2380203819409098.0,0.2389552273088129,0.2640520105101352
15,1.000,0.5315935195797856,0.3865476950688423,2494649702770110.0,0.2628034351226639,0.20614470156844508
15,0.980,0.5570618460380949,0.42149763656965494,2665800851632391.5,0.2573175664973339,0.18613255567094364
15,0.960,0.5530314874952343,0.4406400163649097,2729993736558863.0,0.221638523191804,0.2257196715870253
15,0.940,0.5574450393750591,0.4670747989000436,2833484047958156.5,0.18390728875898502,0.25884159907092497
15,0.920,0.6010917034272665,0.5270324750513559,3129188222019213.0,0.15211017338237878,0.2466925778745975
15,0.900,0.6820243671889202,0.6205453131895285,3604312949648164.0,0.12136866285845141,0.1960151757452764
15,0.880,0.7670507639389124,0.7162079938011503,4067507093826250.5,0.08825538472820675,0.1433919476835029
15,0.860,0.8383263591288411,0.7940657597437464,4407186242845931.0,0.06138247922811399,0.09815989848639473
15,0.840,0.908365307883604,0.8655412684035939,4692167947766300.0,0.04920343535728957,0.03961907330924083
15,0.820,0.9456273232522675,0.9021731900119149,4774306015525048.0,0.05034242716657922,0.0011208844460475324
15,0.800,0.9063597411228939,0.8636124335263671,4458772934028608.0,0.05995033464603662,0.03136677852946152
15,0.780,0.821512818376312,0.7800969437835934,3926898373314891.0,0.0745268358032925,0.10241233852154617
15,0.760,0.7372375756952309,0.6969955688114591,3418614199926927.0,0.08737971092276813,0.17435410020064374
15,0.740,0.6973460013251194,0.6570406470682985,3137837436651702.5,0.09412239533847251,0.20766172274879616
15,0.720,0.7363179902211837,0.6930446481322395,3220328632709476.0,0.0989765860401268,0.163706925126794
15,0.700,0.8214239181574449,0.7716866701410512,3486145598072511.5,0.1120585564539218,0.06539542716572193
15,0.680,0.8557141452086138,0.798132091203329,3502596979503936.0,0.13732477049654349,0.0060163192318004
15,0.660,0.762457286598524,0.7027059299818134,2993119365966304.0,0.15061176142176738,0.08629229652403904
15,0.640,0.6629990327383797,0.6029880468776545,2490549397935478.5,0.1527469249782479,0.18379541148235867
15,0.620,0.7397321976567782,0.6725592087104928,2691092933511855.0,0.16492550438776507,0.0948193138315047
15,0.600,0.8391510793292501,0.7757343445335858,3003798201421888.0,0.14580939090364095,0.014345724618301631
15,0.580,0.7994765273562391,0.7491232831177731,2804063031953549.0,0.10415644160125181,0.09562305817395304
15,0.560,0.8712379774436032,0.8238001467541172,2977257341789689.5,0.08057617174219503,0.04729626473274826
15,0.540,0.9224087979075367,0.8724964144488139,3040632222929033.0,0.03359587052981577,0.04139373275565138
15,0.520,0.9075202281894673,0.8449369369384645,2835529190448720.5,0.0057942866965467864,0.08039746768470502
15,0.500,0.9455838737097507,0.8520792939755313,2749517568684578.0,0.009205167468409034,0.038971392905015285
15,0.480,0.6765166116973732,0.591907638075376,1833587605022392.5,0.037659213884504085,0.28349338559363596
15,0.460,0.8156965798055528,0.7045491877738334,2091585551725488.0,0.13427648158038952,0.04923338097000371
15,0.440,0.78953981303771,0.6892077746000966,1957083372825648.8,0.13644558928440753,0.07362102802995092
15,0.420,0.7066256020165819,0.5979457440118542,1620755680275337.5,0.12316388890117852,0.16980903664670718
15,0.400,0.8656135014987708,0.6922645938983334,1787057778832889.0,0.11804828941574466,0.015375961187037782
15,0.380,0.7343896222589618,0.5190882384546194,1273008396611516.0,0.12452146502428336,0.14099847397352197
15,0.360,0.7904689982637786,0.4601474194834083,1069069586081739.2,0.16398383347979714,0.04667551816383626
15,0.340,0.7814289077127864,0.41396325391036076,908337390986240.6,0.17191913011036017,0.048135660614418534
15,0.320,0.7619546327173305,0.348642049840305,720006185712119.4,0.13753589318028536,0.1020826902885758
15,0.300,0.7977117917099193,0.2379018928380626,460601804507892.56,0.07119118815655999,0.13340422303392288
16,1.200,0.32838185290012206,0.25205926826457625,1942621804280414.5,0.13211312774789874,0.5397906827419867
16,1.180,0.3069334986313289,0.23351009455000526,1769668859670742.0,0.1250286244425893,0.5683144361053857
16,1.160,0.29410970817859616,0.22167124916982778,1651473843769939.2,0.12130138918140422,0.5848608015443482
16,1.140,0.29036284163108766,0.21672379947164247,1586776642635810.2,0.12124107280482604,0.5886687023441239
16,1.120,0.296469470288535,0.21906514153924547,1575780206559217.2,0.12530496927463305,0.5785050738528077
16,1.100,0.3137603691224192,0.2294700027149351,1621149056028922.8,0.13420130760965596,0.5523316126535303
16,1.080,0.3417576446014756,0.2492072893990904,1728577432422451.2,0.15031683019242742,0.5082558235873738
16,1.060,0.38349579662963995,0.27912319022333426,1900229811986591.8,0.17321856695840668,0.44367011916753324
16,1.040,0.4371851503730731,0.3178996542648417,2123380069721852.5,0.20324254780785855,0.3600213182660926
16,1.020,0.49316756697972775,0.3584960880391065,2348491185599032.5,0.23616487159404176,0.27117800415196364
16,1.000,0.5308295269920139,0.38603338343735744,2479300711722540.5,0.26168601044230205,0.20802790624408013
16,0.980,0.5612173771768866,0.42463186931994445,2672655625587710.5,0.2585633951386099,0.1807382470544283
16,0.960,0.5585819595289385,0.4450026782537873,2743709958981831.5,0.2233452074971687,0.2184700517610066
16,0.940,0.5611183361687517,0.47006052206678234,2837827376335810.0,0.1847519288940422,0.2543286950206078
16,0.920,0.6017341778423582,0.5274877653029769,3116768601388582.5,0.15201825656352871,0.24614549888296264
16,0.900,0.6798600369563408,0.6184680365234514,3574901752094590.0,0.12080487313922685,0.19874799132493545
16,0.880,0.7631151069251276,0.7124386574643784,4026562926263367.5,0.08766863661788318,0.1479223323213549
16,0.860,0.8333342192704588,0.7892574289560274,4359347317608463.5,0.06090169746889439,0.10364516293430533
16,0.840,0.9039413575192439,0.8612564835668964,4646395051853932.0,0.0488416435230533,0.04441673779780683
16,0.820,0.9452551897223417,0.9017640095795241,4749097571033387.0,0.05016273196308376,0.0016707558112670957
16,0.800,0.9102875235048719,0.8673279213736473,4456333208513735.0,0.059984188832614006,0.027391284300585794
16,0.780,0.8263103384348677,0.784658629601578,3930788709453586.0,0.07465743819049156,0.09747204829357034
16,0.760,0.7401153556565516,0.6997474773334385,3415539211607798.0,0.08736544368539874,0.17148515409022194
16,0.740,0.6962448652278843,0.656045724071905,3117957353679695.5,0.09360805738159232,0.20927864621344816
16,0.720,0.730982861703447,0.6880704684689846,3181777137096780.5,0.09787768255180355,0.17014887913465074
16,0.700,0.8153264819330124,0.7660247197858249,3443857448896437.5,0.11076543467600229,0.07279533866866945
16,0.680,0.8562477010105494,0.798731062941857,3488300009526600.5,0.13683308402318306,0.005976049947499826
16,0.660,0.7689933918818984,0.7088333559414773,3004639854283353.0,0.15131633311865308,0.07904893631308657
16,0.640,0.6642948491057556,0.604211378529801,2483551759145315.0,0.15252825153980434,0.18271860977073973
16,0.620,0.7340758998642125,0.6673548859445799,2657375188528713.5,0.16310865874018368,0.10229335413408683
16,0.600,0.8407572568310447,0.7770720720168937,2994448807597220.5,0.14547784275270306,0.013060467258167462
16,0.580,0.8015912272823466,0.7509619172178876,2797372163952853.5,0.1038809099557741,0.09376977985831497
16,0.560,0.8673858181341279,0.8200682577403963,2949459050159543.5,0.07969876950413221,0.05201594281411885
16,0.540,0.9256934191903285,0.8755813341967591,3036649004514193.0,0.033446024060416905,0.03824050604555635
16,0.520,0.9027665273560203,0.840423642902072,2806764319370094.0,0.0057010092433813385,0.08526809248951589
16,0.500,0.9528311120467361,0.8583756587176403,2756460286716746.5,0.009145466442374777,0.03172250629777284
16,0.480,0.6752692879483291,0.590536231785661,1820506054758929.5,0.03715480251998427,0.2852409891644215
16,0.460,0.8081708403649136,0.6974441186133257,2060495117710057.2,0.13187335435432437,0.059159302870534974
16,0.440,0.7950939454891828,0.6939119843435478,1960926909968578.8,0.13612516141367334,0.06837941769173342
16,0.420,0.705924225098259,0.5974623055730577,1611625545497719.2,0.12197375611077882,0.17170222868230775
16,0.400,0.8612573844391762,0.6889732317328906,1769973165100961.8,0.11660550303109272,0.02118448445647527
16,0.380,0.7378291643274062,0.5216445310847947,1273100231265196.8,0.124351963392435,0.1377275512935399
16,0.360,0.7878524373816419,0.4582606765561888,1059545068647795.2,0.16251113449912943,0.05075653468279802
16,0.340,0.7867752623117861,0.4167963065557034,910137734454648.2,0.17231187336830375,0.0424044907325504
16,0.320,0.7560640031066146,0.3456336921562806,710346738473646.1,0.13589311498304601,0.109600953916414
16,0.300,0.803004357425452,0.23936319890304456,461193286536164.56,0.0713727992873695,0.12794815413284014
17,1.200,0.33130205752410574,0.25441655710789723,1950678232423481.5,0.13271431078963708,0.5362708326903372
17,1.180,0.30871419466214867,0.23497235926618387,1771567911268285.0,0.1252265599771881,0.5663366445226068
17,1.160,0.2947727479637287,0.22227216002149452,1647411448051594.5,0.1210786482545651,0.5844205693468151
17,1.140,0.28990925525355715,0.21648197288271762,1576832668298200.8,0.12057152314424018,0.5897910779219374
17,1.120,0.2948489856110366,0.21796180013802605,1559758744758838.0,0.1241402710884074,0.5812886178754163
17,1.100,0.3108693489087797,0.2274485122241,1598581585778845.0,0.1324684516413367,0.5569529356896298
17,1.080,0.3375145473666007,0.24620467283005198,1698944012618499.2,0.1479140717390778,0.5148980193476363
17,1.060,0.37798926977118563,0.27520472069038304,1863892088583155.5,0.17013704789542278,0.45225346198647737
17,1.040,0.43108781440648275,0.3135493720765083,2083522981387291.5,0.19974005661257505,0.3696162115035844
17,1.020,0.48824456033702834,0.3549865582587062,2313508507030219.0,0.23306672830532463,0.27919603800860443
17,1.000,0.5295282886326883,0.3851302059342592,2460744948837726.5,0.2602636730362001,0.21075283085531293
17,0.980,0.5653464936276519,0.42774496214553986,2678366469304387.5,0.25974780149694027,0.1754319613549448
17,0.960,0.5645568548548349,0.44969823709851314,2758363126171095.5,0.22518074846050856,0.2106677199866626
17,0.940,0.5652550833379774,0.47342720373982694,2843413908742769.5,0.1857229468531746,0.2492263851776463
17,0.920,0.6026768331972753,0.5281988512527934,3104876284334192.5,0.1519873112039745,0.2452374297427487
17,0.900,0.6777855343170226,0.6164660220367503,3544954573374507.5,0.12024868708077592,0.20138344625353755
17,0.880,0.7590719521708839,0.7085636874738694,3984011509492794.5,0.08706420318223,0.15257814871979947
17,0.860,0.8280429678387955,0.7841615251152203,4308866130857083.0,0.06039481207164119,0.1094563857316178
17,0.840,0.8990292586063099,0.8565026857779979,4596920950846674.0,0.048448730893628396,0.049735082342639
17,0.820,0.9444756121932252,0.9009623561677665,4720407791844801.0,0.04995367046005836,0.002658474611645561
17,0.800,0.9142589813564774,0.8710824220469254,4452544385343166.0,0.06000756887696392,0.023382154240884405
17,0.780,0.8314816660134211,0.7895749262900925,3935020249501173.0,0.07480244261851544,0.09214253355028156
17,0.760,0.7434275789876235,0.7029116329080093,3413291219085047.0,0.0873806917142561,0.16815145721752311
17,0.740,0.6953927728685021,0.6552875356937373,3098294152990304.0,0.09310847492784892,0.21063139002451045
17,0.720,0.7255284880797988,0.6829860678818465,3141979604182612.0,0.09674758781802081,0.17674140527852372
17,0.700,0.8086223963294473,0.7597958657800369,3398239522738478.0,0.10937149751691227,0.08090353602155112
17,0.680,0.8561487547005372,0.7987470036365805,3470381145213976.0,0.13620675814846003,0.006703716483374643
17,0.660,0.7759460451184083,0.7153549315205668,3016647265728815.5,0.15205771911472793,0.07135210874437883
17,0.640,0.6661627837857498,0.6059610252552896,2477899489141000.5,0.15240862621522908,0.1809704176153556
17,0.620,0.7281965891802413,0.6619480315105981,2622253084533994.0,0.16122164626340965,0.11006073224970304
17,0.600,0.8419602864915677,0.7780292167292778,2982676667186497.0,0.1450432856400013,0.012281244617946895
17,0.580,0.8040695088785691,0.7531314662442882,2790986957743021.5,0.10362127728809963,0.09153594780750636
17,0.560,0.8632704755167301,0.8160811362537452,2919983428055832.5,0.07877559360061945,0.05704412863555305
17,0.540,0.9291320782736141,0.8788089955744672,3032126206428918.0,0.03328590919424297,0.03494235032714293
17,0.520,0.8979114993999944,0.8358113433254845,2776966399884715.0,0.005604671648345927,0.09024333083702138
17,0.500,0.9598916511114308,0.8644863147079224,2761767708009873.5,0.0090755855769786,0.02467075128731755
17,0.480,0.6747955847577,0.5898281857364819,1808946738160656.5,0.036669269583339485,0.28619301387529367
17,0.460,0.7990608007060954,0.6889442587693698,2024887677441631.0,0.1291740602212748,0.07096690759246332
17,0.440,0.8011611595019806,0.6990372958872827,1965223932310499.2,0.13580168183096225,0.06262685898444782
17,0.420,0.7056032225840118,0.5972957004457975,1602867781281891.8,0.12078679088627435,0.173211510115974
17,0.400,0.8555221385082814,0.6845913063433247,1749646818811311.0,0.11493206373348143,0.028604574506737777
17,0.380,0.7422624787148404,0.5249256391719783,1274501652110801.0,0.12429467804512041,0.13335063790469245
17,0.360,0.7848746021289127,0.4561524423528441,1049231995841136.0,0.16091771945294395,0.0553186755671949
17,0.340,0.7924056297908255,0.4197593843224744,911881388128581.4,0.17269806395913767,0.03639643060216443
17,0.320,0.7504265599628361,0.3427544983529694,700796883769702.0,0.13427494221632486,0.11684174466551485
17,0.300,0.8094186713613031,0.24112570051332435,462193440372010.0,0.07162711436585638,0.12130064453391197
18,1.200,0.33455030452252876,0.2570331860498461,1959925105164936.5,0.13340358689738616,0.5323350491192395
18,1.180,0.3107467147617678,0.23663251528345913,1774293484385173.5,0.12549027731520337,0.5640414126104767
18,1.160,0.29561377567459335,0.22301239116238808,1643826637934688.2,0.12089856758965127,0.5837598102794378
18,1.140,0.28956574723423445,0.21632645531147873,1567052388575150.5,0.11992224517306646,0.5907831779801033
18,1.120,0.29327458252623057,0.21689574166268571,1543611759891264.2,0.12297356546308166,0.5840281134301711
18,1.100,0.3079576242221067,0.22541429876145494,1575589858631630.2,0.13070873105719658,0.5616217987437944
18,1.080,0.3331683309912591,0.24312860582206594,1668510121559970.2,0.1454504757514025,0.5217040668611004
18,1.060,0.37225951684377956,0.27112507988520407,1826184231971891.8,0.16694048178731855,0.46117485220209714
18,1.040,0.42458545927512364,0.30890579990372347,2041401512302356.2,0.1960333900215982,0.37981988942306616
18,1.020,0.482712261374562,0.35103561237673064,2275204194702999.5,0.22965375592887372,0.28813759508262055
18,1.000,0.5276040713792219,0.3837754753181763,2438631888947446.0,0.25849792049124304,0.2144436056685995
18,0.980,0.5693573210896508,0.4307672621292525,2682488050198140.0,0.2608287331753752,0.17034753379793496
18,0.960,0.5709429223524476,0.4547158068870046,2773833027025048.0,0.22713832308230655,0.2023327472638512
18,0.940,0.5698897699156521,0.4772033176839033,2850364092253779.0,0.1868307323604456,0.2434898105700708
18,0.920,0.6039662377639778,0.5292063007821847,3093726119579296.0,0.15202900593009502,0.24391012721389296
18,0.900,0.6758468849753949,0.6145811031236172,3514720078611787.5,0.11970864032764028,0.2038669360190763
18,0.880,0.7549588379021611,0.7046182234285274,3940084841612939.0,0.08644689020060478,0.15731698619788734
18,0.860,0.8224748296084557,0.7787992565007952,4255915629727181.0,0.059863994011219515,0.11556911498344452
18,0.840,0.8936142822056629,0.8512660061976999,4543741411966022.0,0.04802454555145584,0.05558903715577711
18,0.820,0.9432188365278116,0.8997017111280162,4687933356898975.0,0.04971223483631171,0.004157019203233646
18,0.800,0.9182108169650659,0.8748154750692819,4447085447927517.5,0.06001675195629822,0.0194065601673268
18,0.780,0.8370171485926388,0.7948365055266733,3939503025487816.5,0.07496101659025431,0.08643427611100009
18,0.760,0.7472099643010719,0.7065217213312907,3411993074381588.5,0.08742952569214374,0.16431315042829925
18,0.740,0.6948488875777615,0.6548217534693793,3079100388357587.0,0.09263192280228963,0.21165242831926315
18,0.720,0.720015503610487,0.6778483598976618,3101230712988158.0,0.09559570232839022,0.18341437460583446
18,0.700,0.8013226838548202,0.7530101429967214,3349406790840854.0,0.10788069207263175,0.08970501978097253
18,0.680,0.8552888919621259,0.7980598590226925,3448366442706968.0,0.13542759352459585,0.008346056636525247
18,0.660,0.7832502426555411,0.7222113540694979,3028846594504756.5,0.1528219183974893,0.06328088016032164
18,0.640,0.6686869074359828,0.6083141221076248,2473870165572347.0,0.15240615667558288,0.17844861629219652
18,0.620,0.7221725154552914,0.6564104276141483,2586045676337253.0,0.15928398852820344,0.11802364978480204
18,0.600,0.8426521853931516,0.7785066206477338,2968127761620455.5,0.14448937526877936,0.012132520546649402
18,0.580,0.8069259262181282,0.7556453991467312,2784935019699657.0,0.10337965058821885,0.08890488793300554
18,0.560,0.8589279540494106,0.8118728040107224,2888983430932997.5,0.07781198814370394,0.062339471186041065
18,0.540,0.932677099403361,0.8821340347591065,3026895088283601.5,0.03311416043988444,0.03154842306276047
18,0.520,0.8930313946081128,0.8311711405745296,2746393923130844.0,0.005505978658396449,0.09524571480567853
18,0.500,0.966532489514033,0.870201562278897,2764769267533100.0,0.008993657557477554,0.018052554443337934
18,0.480,0.6752560565664758,0.5899235981286055,1799310179156806.2,0.03621030666600509,0.2861806444482184
18,0.460,0.7883100091274814,0.6790064838544235,1984727025509030.2,0.12618098889221874,0.08471042270598468
18,0.440,0.8077326675614568,0.7045724978392119,1969914576609889.8,0.135471628542523,0.05637560363486085
18,0.420,0.7057336734272084,0.5975037412243323,1594626399409581.0,0.1196144189889548,0.17425429331954184
18,0.400,0.8483382742877572,0.6790618237281004,1725990246288905.8,0.11302431075971976,0.03770941822923016
18,0.380,0.7477978275113888,0.5290112035676799,1277372307423247.0,0.12436372647333975,0.12774537146107107
18,0.360,0.7815129683576136,0.45381325044238485,1038122737691205.6,0.15920239100588537,0.060385626462778806
18,0.340,0.7982023577225364,0.42278498427849764,913413659253413.5,0.17304893000067148,0.030257711656062447
18,0.320,0.745226804292545,0.34009343287793825,691539918709102.2,0.13271544092332657,0.12358686811762763
18,0.300,0.8170506496325887,0.24321245940392464,463634883495371.75,0.07196009789647316,0.11336002046127652
19,1.200,0.3381538372391892,0.25993028278989244,1970474847049883.0,0.13418940985142477,0.5279476533038374
19,1.180,0.31305724009033625,0.2385105782121503,1777961787458305.2,0.1258287180148322,0.5613936376250731
19,1.160,0.2966572223722333,0.22391032931689298,1640834912623701.5,0.12077025860300497,0.5828450021073368
19,1.140,0.2893557673721472,0.2162746011803456,1557554103554717.5,0.11930277596176594,0.5916120360631908
19,1.120,0.2917701992454062,0.21588438909723595,1527467687692666.0,0.1218153995730898,0.5866890962339332
19,1.100,0.30505132051528666,0.22338608842827154,1552321164976354.5,0.1289344561719248,0.5662997884068006
19,1.080,0.3287483534808787,0.2400000079310422,1637448997706598.0,0.14294090863477008,0.5286297665870069
19,1.060,0.3663376851398289,0.2669063463065278,1787300330580465.5,0.16364588648671624,0.47038614967863024
19,1.040,0.4177005988147196,0.30398464523333446,1997182521816443.0,0.19213714603898013,0.3905952524667822
19,1.020,0.4765555014153538,0.346631597378074,2233577831027775.8,0.22592377561311214,0.2980199901955399
19,1.000,0.5249733353926345,0.38190803333788254,2412634667205747.5,0.2563521567705315,0.21922026082608398
19,0.980,0.5731430584061463,0.4336178047266377,2684515725109308.0,0.26175790314516423,0.16563994395515763
19,0.960,0.577716109285808,0.46003586908602506,2789945362410830.0,0.22920680581988664,0.1935003005008518
19,0.940,0.5750554523602852,0.48141606966740463,2858783104260637.0,0.18808504131267326,0.23707617947692405
19,0.920,0.6056507746513269,0.5305522030008418,3083533845601417.0,0.1521553578483041,0.24210318588869847
19,0.900,0.6740930994001199,0.6128577815789789,3484455996599815.0,0.11919374901733022,0.2061403890170936
19,0.880,0.7508175351228047,0.700641335449876,3895033506261947.0,0.08582197372505815,0.1620917238775688
19,0.860,0.8166577111986539,0.7731972108316039,4200698388185773.0,0.059311833182030586,0.1219527834211941
19,0.840,0.8876882156460184,0.8455388019727547,4486891817784590.5,0.04756932234942394,0.061986609608795755
19,0.820,0.9414146986594841,0.8979151901169597,4651381285440437.0,0.04943548985684463,0.0062397081285196125
19,0.800,0.9220699628310238,0.8784573108723704,4439595665684129.0,0.06000749021899244,0.015541994832136254
19,0.780,0.8428991811244245,0.8004264694013045,3944108147618279.0,0.07513165676644228,0.0803663950398388
19,0.760,0.7514961045764156,0.7106094122424617,3411750925358421.0,0.08751569081302714,0.159932826716135
19,0.740,0.6946747273011459,0.654706276643663,3060631152704667.0,0.09218684831685368,0.21227170416520913
19,0.720,0.7145109695401229,0.6727203153145028,3059847693463685.5,0.09443217315126777,0.19009047554590655
19,0.700,0.7934529016543513,0.7456912199483626,3297538233977589.0,0.1062990190882282,0.09916818176343507
19,0.680,0.8535411459106995,0.7965508037632552,3421804263336134.0,0.13447822049955527,0.011047526168230867
19,0.660,0.7908147045706257,0.7293190698716816,3040844941101705.0,0.15359001259505942,0.054945530201533636
19,0.640,0.6719513494150843,0.6113479380929058,2471730951603658.0,0.15253853468586942,0.17505134583021284
19,0.620,0.7160965741696471,0.650827151384099,2549119072253925.0,0.15731819233776756,0.12606666546591938
19,0.600,0.8427241629978252,0.778404521714246,2950457550395622.5,0.1438001182530608,0.012739224558989069
19,0.580,0.8101649722310172,0.7585077546903516,2779206321541156.0,0.10315679221516026,0.08587134122201885
19,0.560,0.8544049114202976,0.8074873589023518,2856646685064603.5,0.07681421723307572,0.06784903479075682
19,0.540,0.9362671373254646,0.8854981552757465,3020745872733301.5,0.032929014228042765,0.02812199067454728
19,0.520,0.8882141286894989,0.826584965274943,2715336237092177.5,0.0054056856860675954,0.10018597629514533
19,0.500,0.9724844171126791,0.8752794213951892,2764709421131140.5,0.008897661493472769,0.012140963697945708
19,0.480,0.6768183762547458,0.5909684379589504,1792001193396541.5,0.03578537281146031,0.2850281431799429
19,0.460,0.775923187799244,0.6676411545070952,1940142821945613.2,0.1229072493271169,0.10037213150600317
19,0.440,0.8147778732710782,0.7104871116150407,1974884270659642.8,0.13512788547193422,0.04966331534978561
19,0.420,0.7063879456606598,0.5981451360280796,1587042788829055.2,0.11846770197344984,0.17474706230958548
19,0.400,0.8396922450151977,0.6723721887904481,1699035694811534.8,0.11088685224110516,0.04850792211052413
19,0.380,0.7545251257975726,0.533968217197409,1281833963742696.0,0.12456928112598196,0.12081168758816602
19,0.360,0.7777532869199543,0.4512389523504238,1026223258104604.6,0.15736596825846225,0.0659707957380347
19,0.340,0.8040047397339805,0.42578224549492966,914532692707194.9,0.17332686199402242,0.024186376202510077
19,0.320,0.7406556628427213,0.3377421870303137,682759984395556.9,0.13124905730313685,0.12961133333406363
19,0.300,0.8259658789062433,0.24563693069332967,465530014666457.4,0.07237467646073015,0.10405788363599265
20,1.200,0.3421415006454935,0.26313024646008715,1982442226866003.8,0.13508048087725483,0.5230711181630564
20,1.180,0.3156737273591658,0.24062795368657047,1782693193671129.2,0.1262512000073687,0.5583560659956976
20,1.160,0.2979290661338222,0.2249855610313918,1638555505761833.2,0.12070318018754504,0.5816407292127012
20,1.140,0.28930397792644347,0.21634469892157726,1548458715207081.8,0.11872291484734024,0.5922432119705575
20,1.120,0.2903607181722701,0.2149458891492873,1511456621509096.5,0.12067650692557101,0.5892359723608955
20,1.100,0.3021774670025743,0.22138329294034786,1528924533151239.5,0.12715812800279466,0.5709473977954422
20,1.080,0.32428536807494535,0.23684083887810034,1605938343156531.8,0.1404006638904547,0.5356290983079828
20,1.060,0.3602580086755532,0.2625728610036523,1747447846147783.2,0.16027151918094895,0.47983489176791927
20,1.040,0.4104625744867492,0.2988065759972509,1951066227869433.0,0.18806906806493423,0.4018952354608092
20,1.020,0.4697699706797138,0.34177071252772223,2188686387466441.8,0.22188012441810162,0.3088441741435054
20,1.000,0.5215579922093251,0.37947061982147023,2382465815280846.5,0.25379331137775635,0.2251938525198661
20,0.980,0.5765818594550071,0.4362042250060112,2683888470590667.5,0.26248090291619747,0.16148531986773398
20,0.960,0.5848389549813208,0.4656282018997379,2806461125268612.5,0.23136980978350782,0.1842242051916685
20,0.940,0.5807825535770198,0.486090387433131,2868754655726579.5,0.18949460176823626,0.22994636194178644
20,0.920,0.6077802738871106,0.5322798370007084,3074513212909460.5,0.15237862730447707,0.23975451157371153
20,0.900,0.672575979238566,0.6113430430635742,3454426885471599.5,0.11871346496658026,0.2081425052776425
20,0.880,0.7466939971237128,0.6966759704222366,3849125085053334.5,0.08519518569438102,0.1668505957153513
20,0.860,0.8106254633969674,0.7673875987417293,4143446627995037.0,0.05874134937939891,0.1285704343998363
20,0.840,0.8812504995425057,0.8393207369192355,4426452014530230.0,0.04708373640543971,0.06892769013581254
20,0.820,0.9389944548978163,0.8955372920857289,4610479009626405.0,0.04912067116812595,0.00897826607078529
20,0.800,0.9257533908561261,0.8819286725516948,4429676088987262.0,0.059975019486287764,0.01187645505423664
20,0.780,0.8491007050699929,0.8063189236270474,3948662145897445.0,0.07531207891918981,0.07396826076269632
20,0.760,0.7563162835388485,0.7152032378548219,3412648710818241.5,0.08764247373822281,0.15497684943801454
20,0.740,0.6949336319973685,0.6550007313680087,3043140653760714.5,0.0917817814920299,0.2124172524817133
20,0.720,0.7090879383857235,0.6676705561619869,3018166832534178.5,0.09326779821263798,0.19668574596339083
20,0.700,0.7850541718523149,0.7378773748706412,3242879081463226.0,0.10463460957225455,0.10924369689627501
20,0.680,0.8507854652277725,0.7941073334284298,3390288375906597.5,0.13334299134145414,0.014943932436509827
20,0.660,0.798517771216811,0.7365664544043754,3052139592318334.0,0.15433753007771955,0.04649229350608701
20,0.640,0.6760381081929909,0.6151378935060507,2471729701595816.5,0.15282250950151063,0.17067982285244993
20,0.620,0.7100757405344894,0.6452960507568386,2511881908222735.0,0.15534952157661977,0.1340574890572076
20,0.600,0.8420716013736692,0.7776271600676636,2929349513435472.0,0.14296074197105446,0.01422089757396666
20,0.580,0.8137784759998765,0.7617107178879639,2773745312524688.5,0.10295182767672174,0.08244436225437755
20,0.560,0.8497585000057077,0.8029788179997748,2823193446966488.0,0.07578939307426535,0.07350852834566997
20,0.540,0.9398260070349531,0.8888290268645004,3013425854919552.0,0.03272829690254189,0.024741615565000596
20,0.520,0.8835587458541988,0.8221450652801329,2684110056688199.0,0.005304587533621703,0.1049635977775512
20,0.500,0.9774469395387749,0.8794501493385041,2760766983789650.5,0.008785507668724952,0.00724061102684709
20,0.480,0.679655882090545,0.5931132385751792,1787423141631172.0,0.035401545767060755,0.2825544554737525
20,0.460,0.7619757553353748,0.6549200404183303,1891448987633428.0,0.11937761014798817,0.11785189508335177
20,0.440,0.8222359753910135,0.716724116740872,1979945407861541.8,0.13475860583913685,0.04256260844415643
20,0.420,0.7076395844238965,0.5992793697639459,1580254875683643.8,0.11735726023224011,0.17460556146816972
20,0.400,0.829635318972331,0.6645613636804121,1668951058050180.8,0.10853342564711023,0.06093497143295675
20,0.380,0.762504852468591,0.5398431696061723,1287952150724532.8,0.12491580008496558,0.11248468033603823
20,0.360,0.7735940508770495,0.4484332937609022,1013558619098999.6,0.1554121205265423,0.07207202011032043
20,0.340,0.8096057939663706,0.428635329118071,914988007690313.2,0.17348512088938078,0.018435784232004978
20,0.320,0.7369029857974494,0.335791761913619,674634484588875.0,0.12990918456664186,0.13469227224229668
20,0.300,0.8361804286647926,0.2483972706782472,467860731572638.75,0.07286911539851484,0.09337986636038112
21,1.200,0.34654366292408295,0.26665668976857365,1995943172332138.2,0.1360856774758268,0.5176662177198619
21,1.180,0.3186259607521206,0.24300748061800606,1788611804500347.5,0.1267673967268988,0.5548892622652257
21,1.160,0.2994569007084113,0.2262589284143582,1637111116976291.8,0.12070712854765249,0.5801096241273812
21,1.140,0.28943628315317005,0.2165559969457962,1539889326276926.0,0.11819270166442819,0.5926407839932075
21,1.120,0.2890719277673632,0.21409908810692077,1495709605417071.0,0.11956775967653638,0.5916321040195329
21,1.100,0.29936386547192734,0.21942591835475464,1505549546210767.8,0.12539234946279978,0.5755242464365639
21,1.080,0.3198112676357658,0.2336739183121708,1574158428167878.8,0.13784530927039623,0.5426546293788295
21,1.060,0.3540574324022972,0.2581509629333951,1706844893227568.0,0.15683664783357473,0.4894648973761824
21,1.040,0.402907367004956,0.2933970959005165,1903283981884053.2,0.18384986613275375,0.4136631747782547
21,1.020,0.4623634523041129,0.33645791867667757,2140648536592985.0,0.21753213341999214,0.32059302324128647
21,1.000,0.5172890334180372,0.37641251461255665,2347894056753088.5,0.2507935973872991,0.23246108025646198
21,0.980,0.5795375568489033,0.43842330679543023,2679996035408208.0,0.26293770960882473,0.15807970724408385
21,0.960,0.5922577070177324,0.47144959164425476,2823065401007683.0,0.23360464435855932,0.174580868782159
21,0.940,0.5870973622013608,0.49124766119032987,2880333607856897.5,0.19106662983386263,0.22206687392908595
21,0.920,0.6104055488748173,0.5344332567952053,3066872670692275.5,0.15271119009722448,0.23680091283604618
21,0.900,0.671349872719053,0.6100861258036093,3424901617101083.0,0.11827762228894058,0.2098090548148343
21,0.880,0.7426382276106964,0.6927688217374042,3802642068962740.0,0.08457269023107164,0.17153734637462736
21,0.860,0.8044180153561962,0.7614083751869399,4084421402952136.0,0.05815599340577827,0.13537858622217802
21,0.840,0.8743092499642604,0.8326197516251893,4362550202259065.0,0.046568948584956096,0.07640298132833041
21,0.820,0.9358929068763855,0.8925059285594432,4564985522066384.0,0.048765295814237775,0.012440581993460258
21,0.800,0.9291682975201417,0.8851409964995712,4416893072131714.5,0.05991409295461062,0.008508222960493673
21,0.780,0.8555836547839628,0.8124775008580206,3952941511600528.5,0.07549910905070006,0.06728116087893642
21,0.760,0.7616960930908565,0.7203272828694243,3414742021957870.0,0.08781255270381821,0.1494168866286076
21,0.740,0.6956901322179446,0.6557658762593609,3026878412254600.5,0.09142523520171127,0.21201593195153226
21,0.720,0.7038248656236218,0.6627728059419181,2976539290220545.0,0.09211391113215964,0.20311027743643403
21,0.700,0.7761836720689925,0.7296219662930992,3185740399916145.5,0.10289771897814176,0.11986403807524965
21,0.680,0.8469149931494582,0.7906291192314192,3353483398908937.0,0.1320089664771458,0.020155162455679512
21,0.660,0.8062038250473985,0.7438104670467576,3062109124188060.5,0.15503395081211352,0.03810743473697822
21,0.640,0.6810242097761146,0.6197549833466032,2474084018874425.5,0.15327322960505566,0.1652418424691802
21,0.620,0.7042300233385245,0.6399267858702298,2474778994226490.5,0.15340566262390057,0.14184836240424295
21,0.600,0.8406000320898007,0.776088296346694,2904536423902276.5,0.1419587022501449,0.016684701750546992
21,0.580,0.8177428915126007,0.765232100168146,2768443188147102.5,0.10276195767622966,0.07865032251790435
21,0.560,0.8450557220424271,0.798410499474298,2788872815126543.5,0.07474535879189023,0.07924306655875583
21,0.540,0.943261970767627,0.8920396182360987,3004639314153342.5,0.032509432658112694,0.021501864882307056
21,0.520,0.8791744456337643,0.8179530881207698,2653054567180729.0,0.005203504633060965,0.10946780478839284
21,0.500,0.9810976328042095,0.8824247393363772,2752086767296149.5,0.00865515709016844,0.003678180335716004
21,0.480,0.6839455462233702,0.5965112935276299,1785970784485151.8,0.03506535174055057,0.2785754175205811
21,0.460,0.7466189344184078,0.6409803439036764,1839149298976368.8,0.11562858917217593,0.13696194328496888
21,0.440,0.8300059198382898,0.7231912743852122,1984816202457787.5,0.13434593514754894,0.03519238071699982
21,0.420,0.7095634329812248,0.6009667781243127,1574396796580797.8,0.11629323737810415,0.17374470974353987
21,0.400,0.8182883560160947,0.6557237809485271,1636045464370806.8,0.10598710543716923,0.07484644332725783
21,0.380,0.7717540263970032,0.5466520755688133,1295713669486049.2,0.12539988775563263,0.10275076756760407
21,0.360,0.7690518495814606,0.445410977725924,1000179294933943.9,0.15334832599963602,0.07866525952950322
21,0.340,0.8147528651660908,0.43120389391115804,914483836101095.2,0.17346844583663995,0.013313403807705114
21,0.320,0.7341495086004234,0.3343288433169611,667326339057986.2,0.12872667938819152,0.13861844441654278
21,0.300,0.8476352112804216,0.25146880706027697,470565213404238.0,0.07343491081353663,0.08139330507284785
22,1.200,0.3513920866208495,0.2705343415637694,2011093273794127.5,0.1372139618943026,0.5116922473105818
22,1.180,0.321945597650678,0.24567346937942453,1795844924209487.5,0.12738731120239197,0.550951589255519
22,1.160,0.30127001652303115,0.22775259395604566,1636627659080376.5,0.1207922295370604,0.5782122942195321
22,1.140,0.28977987586614223,0.21692874201810522,1531970894605550.2,0.11772240045211983,0.5927673186632295
22,1.120,0.28793049960963324,0.21336351847458435,1480357991166154.2,0.11850012704907162,0.5938398740410856
22,1.100,0.2966389666859552,0.21753447872029882,1482345201501098.2,0.12364974087825192,0.5799892882398276
22,1.080,0.31535881407683386,0.23052273391843017,1542290140557399.8,0.13529052972278352,0.5496579421214597
22,1.060,0.3477751536758713,0.2536686634515762,1665717126965726.2,0.15336128781265668,0.4992169884891719
22,1.040,0.3950771549190538,0.28778623596830066,1854094747284769.2,0.17950291794394624,0.42583354847754606
22,1.020,0.45435663464669,0.33070754345452663,2089646569568563.8,0.2128953808667449,0.33323027513814885
22,1.000,0.5121103428493373,0.3726923167946416,2308761145221002.5,0.24733230831016703,0.24109868214104224
22,0.980,0.5818614757632927,0.4401623578045331,2672191267229606.0,0.2630636889605909,0.15563625367337627
22,0.960,0.5998992394211373,0.4774413902963617,2839356107193806.0,0.23588122487412397,0.16467344964945588
22,0.940,0.5940201710660947,0.496904184221032,2893537216695117.5,0.19280623818790107,0.21341232941469104
22,0.920,0.6135778107816781,0.5370567694995025,3060811523654397.5,0.15316538114410191,0.2331788431526531
22,0.900,0.6704713764228014,0.6091382402347694,3396150588496105.5,0.11789637525153576,0.21107323840688166
22,0.880,0.7387040683240071,0.6889701234450295,3755879297753119.0,0.08396105096264965,0.17609147672230008
22,0.860,0.7980813695488529,0.7553032283335387,4023910916204103.5,0.057559637739225795,0.14232724649701659
22,0.840,0.8668821093092485,0.825452869177141,4295365580607574.0,0.046026640099895426,0.08439310970960366
22,0.820,0.9320507690456771,0.8887646832005459,4514703217072094.0,0.04836728155287695,0.016688215124591652
22,0.800,0.9322127635640817,0.8879970457275617,4400784204792725.0,0.0598190450961316,0.005545141352829282
22,0.780,0.8622974078974265,0.8188538880399219,3956667752455752.0,0.0756885809209613,0.060359955682279955
22,0.760,0.7676548313674123,0.7259996661703437,3418051315589721.0,0.08802782973230612,0.14323168293402294
22,0.740,0.697009204213939,0.6570629003665409,3012085055739418.5,0.09112559428508146,0.21099428155004682
22,0.720,0.6988048925329093,0.6581052183303311,2935326370136939.5,0.09098225104233207,0.20926906353703453
22,0.700,0.7669145226601113,0.7209933380717884,3126495854419201.0,0.1011006334097337,0.1309436830942868
22,0.680,0.8418428278985838,0.7860343200104354,3311151001103624.5,0.13046693445785196,0.026777395468955065
22,0.660,0.8136808105377326,0.7508743084045545,3070009686395750.5,0.15564246022282824,0.030019975417507356
22,0.640,0.6869780378816778,0.6252624451465608,2478967789985435.5,0.15390341992197287,0.15865627343095767
22,0.620,0.6986909920847829,0.6348394854318085,2438283421064714.0,0.15151629948636647,0.14927795789920054
22,0.600,0.8382318479043811,0.7737173979750309,2875823168864309.5,0.14078477547006576,0.02021760981609829
22,0.580,0.8220166185633629,0.7690328555247343,2763130861061115.5,0.10258219346471867,0.07453585868019666
22,0.560,0.8403722819387591,0.793853928250197,2753957224987851.5,0.07369052783561907,0.08496847797960248
22,0.540,0.9464676820582041,0.8950281527553119,2994049810298247.0,0.03226947694702064,0.01851333507483986
22,0.520,0.8751791651517368,0.8141187497253918,2622525174724054.0,0.005103267147484353,0.11357900821746461
22,0.500,0.9831065220509645,0.8839079221344976,2737824439377466.5,0.008504774559070429,0.001787783088957838
22,0.480,0.6898650401848133,0.6013160747898161,1788021005309644.2,0.03478256240627157,0.27290690315261573
22,0.460,0.7300793161737881,0.6260238798414954,1783927895823178.5,0.11170757118171214,0.15742818546124718
22,0.440,0.8379349993740043,0.729751326520653,1989097789960610.5,0.13386467615652314,0.027730558636210465
22,0.420,0.7122359679859981,0.6032687983105856,1569599021868381.0,0.11528530027023288,0.17207826477990065
22,0.400,0.8058414993751513,0.6460092124911414,1600763849474459.5,0.10327975904410194,0.09002006230126104
22,0.380,0.7822290582491629,0.5543682318462565,1304999955563784.8,0.12600779838501483,0.09166733802469366
22,0.360,0.7641673838335254,0.4422010813617291,986167909682664.2,0.1511868962640769,0.08569756569939065
22,0.340,0.8191538763150821,0.43332664599566123,912689128939280.0,0.17321491503962605,0.009172709077158349
22,0.320,0.7325586550992759,0.3334321345936127,660976465338412.0,0.1277284022751375,0.14119987659279576
22,0.300,0.8601634241824342,0.25479458800138416,473521844922545.1,0.07405419527845532,0.06828229880021949
23,1.200,0.35671973087390435,0.27478889530041845,2028005888544021.5,0.13847426304671914,0.5051073392124648
23,1.180,0.3256662011294122,0.2486517294249055,1804522406447363.2,0.1281212423875515,0.5464992092100405
23,1.160,0.30339949322314036,0.229490113748432,1637234011286325.2,0.120968932897616,0.5759072349517127
23,1.140,0.29036330299142976,0.2174842314704075,1524829948186215.5,0.11732248915858241,0.5925838155261178
23,1.120,0.2869639843208107,0.21275939904633015,1465532875318106.8,0.11748464123630603,0.5958207240347551
23,1.100,0.29403176062444797,0.21572991913856682,1459458846450154.0,0.12194286259704615,0.5843009985459394
23,1.080,0.31096136459706286,0.22741124628471632,1510513048477084.2,0.1327519719120757,0.556590062826936
23,1.060,0.341452101765995,0.24915527471931567,1624294368362813.0,0.1498659148783637,0.5090297972192676
23,1.040,0.38701963517388266,0.28200807259118915,1803780414946323.0,0.17505386087915265,0.43833306322536214
23,1.020,0.445783410647273,0.3245435153280685,2035925562189677.2,0.20799168249500635,0.3467002399119981
23,1.000,0.5059824396770254,0.36828067771667533,2264997469632897.5,0.24339752476353754,0.25115798956012575
23,0.980,0.5833955673485434,0.44130158446078355,2659808379790371.0,0.2627911830887888,0.1543804898705166
23,0.960,0.6076679163890588,0.4835270342690016,2854833479921249.5,0.23816099434866683,0.15463606823258824
23,0.940,0.601562989805029,0.5030692400936108,2908334830790242.0,0.19471571930412856,0.2039684433367049
23,0.920,0.61734792677991,0.5401942772070422,3056515438942954.5,0.15375330184715708,0.22882533548743547
23,0.900,0.669998978953861,0.6085522356319335,3368442662135964.5,0.11758012686914161,0.2118661157793145
23,0.880,0.7349489095147514,0.6853333720494471,3709140972560695.0,0.08336719000627624,0.18044857493622246
23,0.860,0.7916674523413049,0.7491214311718055,3962227979626025.5,0.05695655667670557,0.14936008176946539
23,0.840,0.8589968723371182,0.817846785533522,4225129500312740.5,0.04545903363591379,0.09286797649236767
23,0.820,0.927417196543682,0.884265222967523,4459489903291225.0,0.04792507010464306,0.021773736055202605
23,0.800,0.9347769834238787,0.8903920865024695,4380866974423802.5,0.059683890383976944,0.003103283062301155
23,0.780,0.8691773193947839,0.825386433632226,3959503366521848.5,0.07587524691978825,0.053274636626521814
23,0.760,0.7742036653512229,0.7322307990439999,3422554496074767.5,0.08828924449767706,0.13640908572205845
23,0.740,0.6989553911039703,0.6589525940977019,2998987663281074.5,0.090890992022693,0.20927952378765885
23,0.720,0.6941150286355018,0.6537496109270562,2894894407892210.0,0.08988482238407099,0.21506295863555472
23,0.700,0.7573350493532353,0.7120741383056381,3065575669125546.5,0.09925748873903119,0.14238003409533398
23,0.680,0.8355087960077804,0.7802659157023534,3263174783568317.0,0.12871238600027368,0.034875348762573435
23,0.660,0.8207195845287392,0.7575467568682117,3074979085865557.0,0.15612008486126044,0.022502206912476983
23,0.640,0.6939546277672758,0.6317114800080659,2486494659675115.0,0.1547223566471613,0.1508587925912221
23,0.620,0.6935999524406259,0.6301630869383844,2402887492922244.5,0.14971261935142655,0.1561736986179744
23,0.600,0.8349133300248169,0.7704661046615989,2843109426727471.0,0.13943415718354707,0.024878271296741368
23,0.580,0.8265375609661559,0.7730548248653526,2757573368162565.5,0.10240514131782728,0.07017053462379025
23,0.560,0.8357909458634087,0.7893872756196425,2718735362489113.0,0.07263368458335462,0.0905931451632417
23,0.540,0.9493210043181566,0.8976788926295036,2981285452702902.0,0.03200518067340145,0.015901768766500263
23,0.520,0.8716977144316203,0.8107580877603378,2592885988199046.5,0.005004697339413447,0.11717069848752217
23,0.500,0.9831555159786718,0.8836156837845993,2717203764678308.0,0.008332907981787782,0.001891216364576216
23,0.480,0.6975884220294305,0.6076774633900107,1793920344187296.5,0.03455794317026484,0.26536940303894774
23,0.460,0.7126525099056135,0.6103111347119557,1726624553901850.8,0.10767097379688939,0.17889839366436494
23,0.440,0.8458068680060719,0.7362117575611442,1992251731653552.2,0.13328104793028794,0.020427335632092432
23,0.420,0.7157357641922399,0.6062483244248696,1565988719006643.5,0.11434265824603942,0.1695183382590829
23,0.400,0.7925484733828337,0.6356183341533405,1563670326051867.8,0.10045075716500491,0.10616240161983652
23,0.380,0.793805755712133,0.5629078720576024,1315557110477987.2,0.12671267724873736,0.079385507215636
23,0.360,0.7590117300491543,0.4388505883727965,971645789875937.5,0.14894597345344843,0.0930798288465697
23,0.340,0.8224909102535137,0.4348288537335143,909255756349346.5,0.17265935053603362,0.006396217759389837
23,0.320,0.7322685371127442,0.3331687978396767,655696835356035.6,0.12693584893804624,0.142277215541773
23,0.300,0.8734520609957336,0.25827437457611785,476531222202187.9,0.07469678825939094,0.05438903812414108
24,1.200,0.36256046106738127,0.2794467848358644,2046789736667593.2,0.13987532416545367,0.4978689050440974
24,1.180,0.32982324940606256,0.25196957868595427,1814775821371345.5,0.12897974005405516,0.5414861193962675
24,1.160,0.3058783018177691,0.23149651757263148,1639061762580597.2,0.12124800733251907,0.5731507327046582
24,1.140,0.29121655170490324,0.2182448803961251,1518594363003814.5,0.1170036556263336,0.59204962506506
24,1.120,0.28620082983562795,0.21230765095052742,1451364630374960.8,0.11653237198170105,0.5975351615372191
24,1.100,0.2915716866810153,0.21403355264039728,1437035221257472.8,0.12028414724657792,0.588417531584714
24,1.080,0.3066526068367418,0.2243636992267488,1479003544145383.2,0.1302450960402347,0.5634018745337636
24,1.060,0.335130379708508,0.2446410094092738,1582807110520969.8,0.1463711670195491,0.5188406216045632
24,1.040,0.378787136879247,0.2761000941345169,1752640169849004.0,0.17053009372603792,0.4510820380506779
24,1.020,0.43669060556228156,0.3179991829405776,1979789621303713.5,0.20284879874264866,0.3609283653002165
24,1.000,0.4988858505392207,0.36316276810995674,2216634993504060.5,0.23898758239430967,0.2626600913822306
24,0.980,0.5839770287645728,0.4417175928689876,2642187537895558.0,0.26205173897464173,0.15454348519833996
24,0.960,0.6154426287601468,0.48960970601386306,2868891468779993.0,0.24039594851294324,0.1446377420674946
24,0.940,0.6097267676953801,0.5097427841983141,2924635906592104.0,0.19679368648195938,0.19373566613694543
24,0.920,0.621765478999198,0.5438884451981078,3054151154167118.5,0.1544865813435924,0.22367918224367858
24,0.900,0.6699926390237216,0.6083822070507643,3342041825854464.0,0.11733944722317331,0.2121171096878285
24,0.880,0.7314333285363727,0.6819149809698323,3662737298775508.5,0.08279833947508,0.1845407270958923
24,0.860,0.7852338216590227,0.7429175573793355,3899706665002105.5,0.05635139637173552,0.15641474052918877
24,0.840,0.8506918413627306,0.8098382008300681,4152124931964215.5,0.04486889894940606,0.10178639552082702
24,0.820,0.9219523616063746,0.8789697539100345,4399270339326610.5,0.04743774813260562,0.027738021320764646
24,0.800,0.9367451454744048,0.8922156853245073,4356650369499784.5,0.05950246021604916,0.001304929613839332
24,0.780,0.876143445369877,0.8319989355395504,3961049235429968.0,0.0760527110549495,0.04611167279059679
24,0.760,0.7813435505404753,0.7390214127824525,3428178932318488.5,0.08859657041769194,0.12894833233854605
24,0.740,0.7015917625267118,0.6614943669449498,2987794595137861.5,0.09072917158952695,0.20680074466724468
24,0.720,0.6898452635839298,0.6497906319719783,2855609444104011.5,0.08883374974885605,0.2203897122624127
24,0.700,0.7475474475431941,0.7029600761781115,3003458031784323.0,0.09738401037232695,0.15405501548524136
24,0.680,0.827885661525978,0.7732975246160259,3209581440341293.0,0.126746349492843,0.044475226958512123
24,0.660,0.8270559518546932,0.7635839759687741,3076051547016672.0,0.15641835788314137,0.015866986102812983
24,0.640,0.7019896948029593,0.6391358159702547,2496697903529557.0,0.155734599746445,0.14180912761043418
24,0.620,0.689105852151886,0.6260334359437852,2369092871584731.5,0.14802677039182888,0.16235439610657068
24,0.600,0.8306214322666523,0.7663144566373348,2806410111010155.5,0.1379074696017383,0.03068921245511366
24,0.580,0.8312212015877417,0.7772189697615587,2751466648064736.0,0.10222086929336399,0.06564890424827106
24,0.560,0.8313994442092696,0.7850933672462211,2683503725988339.0,0.07158375308824833,0.09602033449490881
24,0.540,0.9516869198349287,0.8998639555242426,2965947664564013.5,0.03171308955287336,0.013806042938700261
24,0.520,0.8688594597532927,0.807991295625204,2564501120581174.0,0.004908590610685164,0.12011179631267357
24,0.500,0.9809620913764076,0.881296559179067,2689582969776743.0,0.008138679359589045,0.004273927975164991
24,0.480,0.707279782551341,0.6157362215589652,1803967906836516.0,0.03439493169788446,0.2557947223332599
24,0.460,0.694691434129642,0.5941507330217013,1668197001635602.5,0.10358163509899716,0.20095652898562547
24,0.440,0.8533304176481245,0.7423153976604201,1993581582999769.2,0.132551783068582,0.013617211332782554
24,0.420,0.7201439108527563,0.6099700166052897,1563689951339359.0,0.11347407152850655,0.16597497034258604
24,0.400,0.7787159808625945,0.6247943654518059,1525421850276578.2,0.09754505772529064,0.12292141654333973
24,0.380,0.8062576209230846,0.5721144968246132,1326964842266001.8,0.1274717726610219,0.06617460973670407
24,0.360,0.7536922601492645,0.43542770021120925,956778531243305.8,0.1466503769363699,0.10068001820127459
24,0.340,0.8244420910288134,0.43553432417183324,903845440464592.5,0.1717383735660343,0.005368593575252426
24,0.320,0.7333844926986413,0.33359114266096346,651564413780573.8,0.1263639339925514,0.14173039146108307
24,0.300,0.887001249147089,0.261753272191181,479298689529337.9,0.07531725933287411,0.04025729084328727
25,1.200,0.36894863602861017,0.2845348640886827,2067545855705918.0,0.14142550669367823,0.48993424428970744
25,1.180,0.33445410883273496,0.255655824290867,1826737375978178.8,0.12997354338772923,0.5358642404313492
25,1.160,0.30874141299331176,0.23379839316405798,1642244921579020.0,0.12164053475431101,0.5698967622596193
25,1.140,0.2923711571979921,0.21923430456514856,1513393201637385.0,0.11677679983802138,0.5911223387530917
25,1.120,0.2856704251992452,0.21202993198667514,1437982540373293.8,0.11565441078369623,0.5989427320314031
25,1.100,0.28928856954316,0.21246701502361784,1415215634976078.5,0.11868584387754773,0.5922968403831576
25,1.080,0.3024663147608289,0.22140444408571716,1447933131299722.8,0.1277850403159011,0.5700444964417419
25,1.060,0.32885269466471645,0.24015657051359582,1541483053687237.2,0.142897548082722,0.5285862910775708
25,1.040,0.3704355736658235,0.2701024485071803,1700984188728174.8,0.1659602130970859,0.46399601462068857
25,1.020,0.4271371168433033,0.31111670684880605,1921595270774239.0,0.19749986032959035,0.3758226707809665
25,1.000,0.4908237885381116,0.3573402444162936,2163816092702016.8,0.23411214839968844,0.27559208211046465
25,0.980,0.5834444603238966,0.44128805396173093,2618705515116310.5,0.2607789772835544,0.15635282751582652
25,0.960,0.6230743320459383,0.49557040070042196,2880812603293016.0,0.2425278921818829,0.13488558810706452
25,0.940,0.618498072765202,0.5169126759177994,2942276290177352.5,0.19903405967292095,0.1827335168139422
25,0.920,0.6268775707068187,0.5481796502201166,3053860207415385.5,0.15537607950730845,0.21768242619834163
25,0.900,0.6705132861278115,0.6086830319950934,3317203546226226.5,0.11718497975636598,0.2117545994766147
25,0.880,0.7282206627977511,0.6787738736089727,3616980822883638.0,0.08226198647198726,0.18829700002999464
25,0.860,0.7788432399154503,0.7367510693215621,3836698235702620.5,0.05574913568273315,0.1634233204867315
25,0.840,0.8420158767195045,0.8014738595019376,4076684146893748.5,0.04425954163273141,0.1110960536982774
25,0.820,0.9156299410883736,0.8728533902953546,4334046552109194.0,0.04690515871192463,0.03460764654659159
25,0.800,0.9379980162666269,0.8933541766255353,4327649458061995.5,0.05926857935176516,0.0002758045234906711
25,0.780,0.8830995903236935,0.8385997370885918,3960844027913481.0,0.07621339464754495,0.03897500064098289
25,0.760,0.7890629144963692,0.7463603621287068,3434793048644578.5,0.08894819514238633,0.12086258953385409
25,0.740,0.7049786771068514,0.6647450781964097,2978689719291512.0,0.09064732922633456,0.20349028933703647
25,0.720,0.6860876360168268,0.6463148857626168,2817831834744271.5,0.08784113238534945,0.2251450468478838
25,0.700,0.7376659218648093,0.6937581852245568,2940658390323010.5,0.09549718782391402,0.16583726242412677
25,0.680,0.8189841453331567,0.7651381202832425,3150555747642927.0,0.12457599305931037,0.05555909611405693
25,0.660,0.8323962717736787,0.7687146148336174,3072185887186916.5,0.15648465811011233,0.010460783905178449
25,0.640,0.7110921740462138,0.647544906637284,2509506251923462.0,0.1569384472775985,0.131500067556019
25,0.620,0.6853629884044723,0.6225912092328953,2337400271123624.5,0.1464912906663737,0.16763311594809607
25,0.600,0.8253696743959936,0.7612762883659916,2765871310883923.5,0.1362115705588497,0.037630125682123566
25,0.580,0.8359595505784554,0.7814244278921553,2744437805873174.0,0.10201689630253337,0.0610915781489016
25,0.560,0.8272879740072634,0.7810573143824496,2648557141411996.0,0.07054954264610645,0.10115094997292047
25,0.540,0.9534207148165674,0.9014463386561695,2947623804976047.0,0.03138968111106213,0.012374839626266934
25,0.520,0.8667955367385513,0.8059401208310475,2537724871011011.0,0.004815695550819055,0.122269478227927
25,0.500,0.9763054032090397,0.8767550467259172,2654524237204477.0,0.007921965719838643,0.00915854641647546
25,0.480,0.7190839719590414,0.6256159503987261,1818391808895873.8,0.03429522125110876,0.2440357042685429
25,0.460,0.6765906883946303,0.5778855976396354,1609674702774452.2,0.09950572623380775,0.22314146758354914
25,0.440,0.8601318482972008,0.7477339106721037,1992224009109999.8,0.13162391389516162,0.007727148493647012
25,0.420,0.7255440782168631,0.6145003080929733,1562823063138149.0,0.11268780254809788,0.16135611123196666
25,0.400,0.7646894362533034,0.6138117576472927,1486735154901415.5,0.09461087815576918,0.1399030569865598
25,0.380,0.8192349434551767,0.5817436264793373,1338608710828039.2,0.12822405620177926,0.05244548661247404
25,0.360,0.7483574888493602,0.4320245170778056,941779668416134.9,0.14433215912876254,0.10831778387927937
25,0.340,0.8247113217905664,0.4352815652227039,896164235450544.4,0.17039689348458467,0.006440473157306263
25,0.320,0.7359725233534924,0.3347337059297788,648616272902610.4,0.12601998781253013,0.13948617162553903
25,0.300,0.9000896111137381,0.2650124986645358,481422105406171.06,0.07585273245277109,0.02666914359311685
26,1.200,0.37591853552562127,0.2900799613004525,2090363755391606.2,0.14313253893728303,0.48126136764706373
26,1.180,0.3395979524055749,0.25974070056870324,1840538501076832.8,0.1311134969591414,0.5295835816686358
26,1.160,0.3120259061439253,0.23642397041472032,1646919559341308.8,0.12215790129323127,0.5660968868011971
26,1.140,0.2938603323689447,0.2204774192317544,1509356605603765.5,0.11665304202581604,0.5897576513331159
26,1.120,0.28540317265865883,0.21194869127536997,1425514547464510.2,0.1148618653774069,0.6000019524176832
26,1.100,0.2872125858994007,0.21105224138949677,1394137296111474.0,0.1171599758153166,0.5958967521636542
26,1.080,0.2984361361655984,0.21855778588937186,1417466910951916.0,0.12538650275694443,0.5764696143912769
26,1.060,0.3226618030426885,0.23573275019596454,1500543811106629.0,0.13946514570938534,0.5382040028592543
26,1.040,0.36202329054097493,0.2640571118453861,1649126991340733.5,0.16137341372751843,0.47698750898693826
26,1.020,0.41719249762817723,0.3039460453966372,1861742275946512.8,0.1919825370525427,0.39127599419589704
26,1.000,0.4818238363005603,0.3508324930452217,2106797048842617.8,0.22879276975374335,0.2899048333317284
26,0.980,0.5816454362778231,0.43989743909248863,2588811332897093.5,0.2589120210274231,0.16002163129238953
26,0.960,0.6303845268987498,0.5012667489773923,2889768294639354.5,0.24448809435529933,0.12562668445797548
26,0.940,0.6278451969389907,0.5245514379192339,2961002862291972.0,0.20142489134175412,0.17100564941868518
26,0.920,0.6327273150435593,0.5531046529943713,3055751482064412.0,0.15643151710443573,0.21078224167275628
26,0.900,0.6716222261831689,0.6095098209924952,3294170767551610.5,0.11712733281161265,0.21070662448203417
26,0.880,0.7253765231405676,0.6759710208082618,3572182526922898.0,0.08176581250366126,0.19164398941296548
26,0.860,0.7725631265679546,0.730685791946426,3773566481251666.0,0.05515503919028183,0.17031296435975465
26,0.840,0.8330281245852694,0.7928102823924253,3999184604995418.5,0.04363477468202176,0.12073381223404597
26,0.820,0.9084393602733064,0.8659062892718372,4263906159778527.0,0.04632799551106049,0.042392541226851405
26,0.800,0.93841623856818,0.8936938101507463,4293402735764985.5,0.058976280258738745,0.00014155294192742495
26,0.780,0.8899328384046404,0.8450812836035967,3958366274234988.5,0.0763485468717837,0.031986484243074514
26,0.760,0.7973351329694688,0.7542222317678174,3442197728845728.5,0.08934088992172406,0.11218171187208646
26,0.740,0.7091723035724783,0.6687576388059108,2971825926447963.5,0.09065193499404244,0.1992854218018003
26,0.720,0.6829352806519455,0.6434100366355748,2781910920854964.0,0.086918902014627,0.2292237538946372
26,0.700,0.7278144157189143,0.6845847001290551,2877717252974500.0,0.09361490341795004,0.17758476571748216
26,0.680,0.8088561637431406,0.7558350950897962,3086447241727667.5,0.12221490972848666,0.06806135747910454
26,0.660,0.8364273914775219,0.7726489075748783,3062309080703838.5,0.15626433109200538,0.006651621551082846
26,0.640,0.7212351014861116,0.656915606501766,2524715494355416.0,0.15832409070068718,0.11996843156282472
26,0.620,0.6825285557342942,0.6199796975858921,2308298924209731.0,0.1451385195501899,0.1718202205489955
26,0.600,0.8192124891734814,0.7554031849321065,2721779593823659.0,0.13436006143566576,0.04563300709510764
26,0.580,0.840621389027028,0.7855487829761564,2736050099384594.0,0.10177834826323064,0.056644826546226164
26,0.560,0.8235463739738634,0.7773638379354421,2614178584877609.0,0.06953947983543322,0.10588662864126533
26,0.540,0.9543725581977188,0.9022842609212,2925903735078738.5,0.031031538777740692,0.011761881410672387
26,0.520,0.8656355495660514,0.8047247880869531,2512890789724687.5,0.004726693200521513,0.12351252068006287
26,0.500,0.9690520007362166,0.8698746009691334,2611857907284393.0,0.007683543253905519,0.016678840404588086
26,0.480,0.7331133091781916,0.6374115903108017,1837316965541312.0,0.03425822106900138,0.22998010964812693
26,0.460,0.6587690665082041,0.5618776133828267,1552109840821442.0,0.09550956459414035,0.24496768858579862
26,0.440,0.8657532406885132,0.7520670465484951,1987156756766551.8,0.1304356970303378,0.0032770870895439883
26,0.420,0.7320217750834263,0.6199067214573967,1563502310732194.2,0.1119914456072776,0.15556853373486196
26,0.400,0.7508367755491993,0.6029633100229912,1448350819606746.2,0.09169722491045805,0.15668994740968756
26,0.380,0.8322490550595107,0.5914510584367806,1349662874099170.0,0.12888894715355478,0.03876750457076728
26,0.360,0.7432000711055269,0.4287586583497581,926911554186628.8,0.14203073224246163,0.11576133457107994
26,0.340,0.823063401525477,0.43394275583853564,886001080478030.6,0.1685953820200131,0.009886138940349898
26,0.320,0.7400540413038351,0.3366108868256948,646846195406428.5,0.12590303225460855,0.13552412828146776
26,0.300,0.9117597002644577,0.2677664605617778,482392252776201.56,0.07622260578387006,0.01465981534002043
27,1.200,0.38350358236927556,0.2961082719848388,2115316586496828.8,0.14500319584913232,0.47181009449219574
27,1.180,0.3452955999230263,0.2642557457494724,1856307995074886.5,0.13241043594200683,0.5225925156236768
27,1.160,0.315771070989164,0.2394031992098289,1653223339318672.5,0.12281178169486998,0.561700171934335
27,1.140,0.2957191187297572,0.22200055324315748,1506615728334766.8,0.1166437357820126,0.5879091968974244
27,1.120,0.2854305902918759,0.21208724585892164,1414087111491636.2,0.11416586480891536,0.6006702033806516
27,1.100,0.2853742663788755,0.2098114675923947,1373932812668306.2,0.11571831356174618,0.5991749934885454
27,1.080,0.2945954213017395,0.21584785828399325,1387762309221111.8,0.12306364413172151,0.5826297491199799
27,1.060,0.3165999950246297,0.23140005553865078,1460201912674003.8,0.13609337486055967,0.5476320933813176
27,1.040,0.353609867005903,0.25800702285462235,1597380783689579.8,0.15679888360954153,0.48996781214501345
27,1.020,0.4069350623139473,0.29654359069348984,1800662426744281.8,0.186337996660319,0.40716892563576196
27,1.000,0.47193839412971794,0.3436769773206191,2045945349793713.5,0.2230627933446081,0.30551262691261377
27,0.980,0.5784451439092818,0.43744356422440556,2552064791594775.5,0.25639930530132404,0.16573609784215332
27,0.960,0.6371652294946363,0.5065330309631229,2894826854576130.0,0.24619754473732314,0.11714784187529309
27,0.940,0.637713701070564,0.5326125562025822,2980456880277318.0,0.2039470421355024,0.1586256293310428
27,0.920,0.63935193048562,0.558694929607994,3059892338231773.5,0.15766101612397107,0.20293329872949054
27,0.900,0.6733804271288722,0.6109172596334678,3273169481937076.0,0.1171769524455859,0.20890172626195977
27,0.880,0.7229682521159329,0.6735689269892338,3528647736956533.0,0.08131762805008362,0.19450642788862374
27,0.860,0.7664649097368589,0.7247892911310311,3710682602437827.0,0.054574604084967955,0.1770065629818508
27,0.840,0.8237974228878949,0.7839131918046199,3920043152181914.5,0.04299887353990609,0.13062634732443867
27,0.820,0.900387632909979,0.8581353984023988,4189027953123038.5,0.04570787204272246,0.05108407333742924
27,0.800,0.9378842941913684,0.8931245308611254,4253491740873460.5,0.05862005006490404,0.001023522031201565
27,0.780,0.8965137497771483,0.8513203118658428,3953039800699615.5,0.07644831318789731,0.02528565132139173
27,0.760,0.8061158584224489,0.7625648025825612,3450117904847439.5,0.08976957549530479,0.10295515161670105
27,0.740,0.714222848427211,0.6735793350965465,2967317811438624.0,0.09074852621660937,0.19413030576370072
27,0.720,0.6804814648273659,0.6411639019142586,2748179834270281.0,0.08607868615263257,0.23252079515762467
27,0.700,0.7181240748073795,0.675562681844431,2815187204952182.0,0.09175553765864539,0.18914780630888633
27,0.680,0.7975958252161195,0.7454752376871482,3017767129237950.0,0.11968302819825068,0.0818678400168781
27,0.660,0.8388313079962835,0.775092152515261,3045375603352460.5,0.1557036239161629,0.004811461503337183
27,0.640,0.7323448044436767,0.6671822879225121,2541956247556460.5,0.1598714829183176,0.10730801621689046
27,0.620,0.680760020118471,0.6183424350314471,2282255856721369.5,0.14399999137406377,0.1747266038353599
27,0.600,0.8122474608017393,0.748786485919334,2674563028571757.0,0.13237341329435504,0.054579786144043275
27,0.580,0.8450542644082617,0.7894499726160908,2725813866024192.5,0.10148832632244371,0.05247821634792747
27,0.560,0.8202610540341169,0.7740943636826141,2580628689690385.0,0.06856133690057632,0.11013308596670246
27,0.540,0.9543934808155288,0.9022368282698519,2900400018370143.0,0.03063555841134556,0.012119729509419766
27,0.520,0.8655036758882664,0.8044603733228479,2490299541787529.5,0.004642175559125535,0.12371524374835853
27,0.500,0.9591776544505954,0.8606370622604329,2561731671873344.0,0.007425167413129625,0.02685765406736831
27,0.480,0.7494290136662473,0.6511733851872384,1860721894918732.8,0.03428036871593044,0.21356994254301626
27,0.460,0.6416524833389247,0.5464927668336405,1496531417697522.2,0.09165670123785928,0.26594527588477285
27,0.440,0.8696617373913227,0.7548512054595078,1977231944019127.0,0.12891917201776543,0.0008682107136986921
27,0.420,0.7396621468196048,0.6262559442631003,1565830471719913.2,0.11139155095517018,0.14852041176753314
27,0.400,0.7375322417983813,0.5925472250413999,1410998489404935.0,0.08885155112364633,0.17285996206248824
27,0.380,0.844668194226954,0.6007892189819417,1359093439947018.0,0.12936709489798223,0.025871904421047854
27,0.360,0.7384572313524059,0.4257734314283261,912482716763941.6,0.13979245214104766,0.12272742239937552
27,0.340,0.8193598086616176,0.4314429475496924,873264650142140.2,0.16631684924674725,0.015860825116081067
27,0.320,0.7456023919033395,0.33921532620726197,646203094213134.1,0.1260034058940457,0.1298804860661717
27,0.300,0.9208431451229726,0.26967183110316756,481615469081447.7,0.07633173731496147,0.0054894153603467786
28,1.200,0.39173530410810947,0.3026445473019439,2142455111714525.0,0.1470428941595672,0.4615434952241213
28,1.180,0.3515892485927305,0.26923359306573924,1874169587074209.5,0.13387503028052464,0.5148382029156499
28,1.160,0.3200184901165739,0.24276781187240978,1661294873269213.2,0.1236141125263849,0.5566531299491239
28,1.140,0.2979845564735232,0.22383157683035054,1505302688277495.0,0.11676048473248035,0.5855283622586471
28,1.120,0.28578544678234225,0.2124698804175516,1403825179564032.5,0.11357757504024954,0.6009035791075557
28,1.100,0.28380453629206004,0.20876725921729256,1354729869913281.5,0.11437236357593346,0.6020891607582046
28,1.080,0.29097710035050345,0.21329853289820136,1358968078502112.0,0.1208300148210601,0.5884784517867324
28,1.060,0.31070864006858057,0.22718837687595145,1420658210875946.8,0.13280075630841562,0.5568107138122049
28,1.040,0.345254938864332,0.25199522799867585,1546049119154137.0,0.15226522410888207,0.5028487468964733
28,1.020,0.39644963275904527,0.2889705399748911,1738806972139077.8,0.1806097183826836,0.42337324557405254
28,1.000,0.4612437593993553,0.3359285880768627,1981730512776185.2,0.21696661398737244,0.3222948276087979
28,0.980,0.5737355022706456,0.4338444965475794,2508174799589870.5,0.2532024859003452,0.17364249801219397
28,0.960,0.6431810538101639,0.5111818748894098,2894971624332571.5,0.24756803536995894,0.10977243995840932
28,0.940,0.648021485783889,0.5410263949999707,3000156700110376.5,0.20657273915710778,0.14570330059505363
28,0.920,0.6467803576363937,0.5649745884172584,3066298096990757.0,0.1590705313877526,0.19410071466349943
28,0.900,0.6758476505475148,0.6129588116010968,3254403765636904.0,0.1173439710579174,0.2062699690700315
28,0.880,0.7210643284819838,0.6716310663474896,3486671887359953.5,0.08092530264976613,0.19680785153413496
28,0.860,0.7606232997329865,0.719132178255296,3648419808902402.5,0.054013502835465195,0.18342354092058158
28,0.840,0.8144014055896992,0.774856649130485,3839708735883947.5,0.04235651632868436,0.14069110819719885
28,0.820,0.8915006473197142,0.8495656730009065,4109684101832041.5,0.04504735926777465,0.06065372112687634
28,0.800,0.9362950110583512,0.8915442759879323,4207562102007184.0,0.05819510056604814,0.003033972423642365
28,0.780,0.9026974124082223,0.8571788533536243,3944243175882343.5,0.07650187453851538,0.019028501605791576
28,0.760,0.815340302409413,0.7713264738879936,3458194865756044.5,0.09022709621976774,0.09325490681339851
28,0.740,0.720172432156339,0.6792498193814911,2965233398036769.0,0.09094146825031933,0.1879783700696423
28,0.720,0.6788186121841032,0.6396635315031735,2716950459006407.5,0.08533167730349164,0.23493241077854812
28,0.700,0.7087306027001017,0.6668195390838229,2753619881767203.5,0.08993757468579587,0.20037199771210312
28,0.680,0.7853379399173591,0.7341833917277152,2945174965992015.0,0.11700612967230938,0.09681777664006272
28,0.660,0.8393043430755578,0.7757623846974091,3020440499467989.5,0.15475334405337635,0.0052933585878669085
28,0.640,0.7442886304622972,0.6782256023195845,2560659222689692.0,0.16154798900168854,0.09368422208073701
28,0.620,0.680212230262893,0.6178205934919259,2259704765537449.0,0.14310579524597453,0.17616722292282833
28,0.600,0.8046150862415625,0.7415570016870571,2624783104562356.5,0.1302786678919335,0.0643028597398274
28,0.580,0.8490886697583994,0.7929702332200163,2713204384351952.0,0.10112852497837811,0.04877981174290565
28,0.560,0.817511764856785,0.7713239703986731,2548135314800862.5,0.06762196595264766,0.11380361613697702
28,0.540,0.9533426084222928,0.9011708824920471,2870770947043385.5,0.030199177617242366,0.01359230080349561
28,0.520,0.8665140512476778,0.8052525125228003,2470205383589786.5,0.004562623165922152,0.12276218188028495
28,0.500,0.9467817449888287,0.8491353464572128,2504635635782817.5,0.007149567341757983,0.039592412904478916
28,0.480,0.7680161126516475,0.6668852480885461,1888382554956589.2,0.03435428174298067,0.19482748722108031
28,0.460,0.6256593624104012,0.5320885213752871,1443907437584344.2,0.08800558438249519,0.2855968825062851
28,0.440,0.8712735705638357,0.7555809370935838,1961242521371296.0,0.1270047764927796,0.0011543004425480603
28,0.420,0.7485454416012056,0.633609929608824,1569888820462401.0,0.11089294065572748,0.1401265402472048
28,0.400,0.7251418453275879,0.5828554588793107,1375366656362104.2,0.08611776644049408,0.18800277049736525
28,0.380,0.8557329899791716,0.6092173590414088,1365694303572152.0,0.12954430875903725,0.014632378757813909
28,0.360,0.7344080590424188,0.42323624883088434,898841237538578.2,0.13766958722158515,0.12888507201953275
28,0.340,0.8135887636663424,0.42777603690364585,858011287871204.6,0.16357216248300518,0.024365391654203813
28,0.320,0.7525416036125604,0.342517217192774,646591538372361.8,0.1263028026483803,0.12264933345737777
28,0.300,0.9260465407331808,0.27035453083727484,478467604762112.6,0.07607862391638934,0.0005491383426757154
29,1.200,0.4006419696636401,0.3097110269800641,2171800245455456.0,0.14925518514890007,0.4504297608066185
29,1.180,0.35852205383322133,0.2747076449098618,1894238749542799.0,0.1355175749301568,0.5062672208244129
29,1.160,0.3248120861529152,0.24655135761550936,1671272822931055.2,0.12457704808590028,0.550899716722115
29,1.140,0.3006958698531891,0.22600004009147792,1505550512563598.2,0.11701516061752217,0.5825640836133611
29,1.120,0.2865019291801795,0.2131219706911249,1394852257131551.2,0.11310822460371933,0.6006566939993574
29,1.100,0.2825347978562179,0.20794257005860836,1336651087324952.5,0.11313337323775773,0.6045966330782477
29,1.080,0.2876136155350449,0.21093336740125498,1331223589961656.2,0.11869850729644839,0.5939704192927407
29,1.060,0.30502781077528945,0.22312671143566354,1382099765901364.5,0.1296047371165293,0.5656823852947898
29,1.040,0.33701709681053543,0.24606407973192815,1495421165468465.5,0.14779992201976033,0.5155442960319205
29,1.020,0.3858250714934486,0.2812911081202465,1676633499537668.5,0.17484223670438567,0.43975564542045587
29,1.000,0.44983783741243955,0.3276579963187615,1914708806058361.8,0.2105582737354521,0.340099571365471
29,0.980,0.567443951024261,0.42904521008045127,2457033608654030.5,0.24930007621364905,0.18383475667815954
29,0.960,0.6481740325268991,0.515008136306905,2889131349953232.0,0.2485042837408393,0.10385348562995177
29,0.940,0.6586535819271302,0.5496958908165348,3019481044710991.0,0.2092640832913841,0.13239148411495988
29,0.920,0.6550303065306844,0.5719577947561257,3074919664795993.0,0.16066315370708587,0.1842637033072438
29,0.900,0.6790813849533683,0.6156857428939848,3238050144465760.0,0.11763802465920653,0.20274419013039388
29,0.880,0.7197337144239607,0.6702212659833636,3446536161104381.5,0.08059669029949694,0.19847132836668924
29,0.860,0.7551155086587241,0.7137873640090272,3587147792861575.5,0.05347752359244677,0.1894806984223677
29,0.840,0.8049253442596128,0.7657219424208219,3758653939774157.5,0.04171271193308577,0.1508375508380365
29,0.820,0.8818237747697105,0.8402406454896064,4026238543193742.5,0.04434998656455392,0.07105246127902563
29,0.800,0.9335544157828545,0.8888635993860425,4155344854086165.0,0.05769764737965973,0.006270933847991083
29,0.780,0.9083255299016594,0.8625062229137603,3931323689642151.0,0.07649766840106002,0.013385195332880191
29,0.760,0.8249206256780909,0.7804237875626899,3465980014594218.5,0.0907040190801271,0.08317833687785452
29,0.740,0.727052554138865,0.6857987108854666,2965584804261676.0,0.09123367728263691,0.1807951239942607
29,0.720,0.6780372947356867,0.6389942563185367,2688508503392525.5,0.0846885062660392,0.23635725491554826
29,0.700,0.6997716635339849,0.6584845916436103,2693553590351061.5,0.0881792297100482,0.21110125917568048
29,0.680,0.7722540696521019,0.722118817528685,2869455794285917.5,0.11421499572590853,0.11270861154607478
29,0.660,0.8375797666549006,0.7744112714415566,2986741005607388.5,0.15337299571529528,0.008404683323235818
29,0.640,0.7568618771492681,0.6898604824103786,2580020788432685.5,0.16330598156272122,0.07934953437249648
29,0.620,0.6810340828080794,0.618549975844594,2241034009261533.2,0.14248386599138732,0.17596514521651352
29,0.600,0.7964959602885167,0.7338823562472788,2573117749430120.0,0.1281087180054951,0.0745886260071484
29,0.580,0.8525447265627685,0.7959423752271907,2697687153706259.0,0.10068012063404526,0.045748597016258545
29,0.560,0.8153682936936609,0.7691182732905049,2516883538617392.0,0.0667270477221007,0.11682265222186189
29,0.540,0.9510953180134588,0.8989687194625426,2836745036430489.5,0.029720612968981867,0.016306449938461597
29,0.520,0.8687652576659521,0.8071922838595941,2452800967946071.5,0.00448838140484288,0.12055365870475837
29,0.500,0.9320914188556402,0.8355769067559982,2441396943580567.5,0.006860344847476403,0.05465102570111446
29,0.480,0.7887509705248468,0.6844368130325493,1919802537271004.2,0.03446776518632938,0.1738888971215551
29,0.460,0.6111899626318781,0.5190046794116461,1395118406878671.5,0.08460798201429501,0.30346999421612847
29,0.440,0.8699959978918881,0.7537459277836406,1938026087981495.0,0.12462817242557751,0.004792955747657404
29,0.420,0.7587390338096739,0.6420190901130471,1575720538211654.2,0.11049759853358,0.1303174259838442
29,0.400,0.7140117248092491,0.574164350377423,1342079302374687.8,0.08353474318734588,0.20173298182235386
29,0.380,0.8645993381069904,0.6161312453909142,1368165999630304.5,0.12929955111796665,0.006014189653304835
29,0.360,0.7313672929986771,0.4213351002355006,886363991976326.0,0.13571864634584924,0.13386345731260013
29,0.340,0.8058829271959934,0.42301394275226223,840457123973224.4,0.16040240327360486,0.03522630242713761
29,0.320,0.7607476377019192,0.34646465897815154,647874494490266.2,0.12677475299520427,0.11398089734334083
29,0.300,0.9261106076605486,0.26945775711294,472382618035931.06,0.07536923812028272,0.0011887437469958167
30,1.200,0.4102468273168115,0.3173260588241652,2203333919842347.0,0.15164112610117614,0.4384445920140511
30,1.180,0.36613750904646714,0.28071159015515756,1916618554421088.2,0.13734771031732115,0.49682646250539936
30,1.160,0.33019811123018716,0.2507891917439819,1683294643734353.5,0.12571289099736838,0.5443814115880808
30,1.140,0.3038946616295095,0.22853731734559313,1507493030566153.0,0.11741991972457236,0.5789626357910133
30,1.120,0.2876158435598285,0.2140701304905625,1387290565999620.0,0.11276913935402239,0.5998824474166747
30,1.100,0.2815970556974578,0.20736083142011089,1319814049541464.0,0.11201235178453937,0.6066544259162922
30,1.080,0.28453691165168704,0.208775595079174,1304658422254876.8,0.11668133483615412,0.5990615249984437
30,1.060,0.29959599766984923,0.21924295154307202,1344698256707539.2,0.12652155754039376,0.5741924169302569
30,1.040,0.328952911297798,0.2402545238806067,1445766807323677.0,0.14342889541851556,0.5279720305304559
30,1.020,0.3751517604944939,0.273570696276966,1614593069643045.2,0.16907989398138967,0.45618149350331566
30,1.000,0.43783662716552096,0.3189491106964094,1845502900352606.2,0.2038995048341009,0.3587492336034938
30,0.980,0.5595409568688015,0.4230232685937058,2398742714954401.5,0.24469039263954595,0.19634401031952936
30,0.960,0.6518716936491499,0.517795365031235,2876224147586051.5,0.24890726206030597,0.09976221275585785
30,0.940,0.6694570039449368,0.5584923145245686,3037654605737875.0,0.21197161769564501,0.11889255144029331
30,0.920,0.6641046462893474,0.5796456285424497,3085629150715595.5,0.16243826602709957,0.17342002883332072
30,0.900,0.6831355248152778,0.6191459171125406,3224251119402723.0,0.11806802971363818,0.19826154474049193
30,0.880,0.7190451354869413,0.6694030268080127,3408502998512229.0,0.08033954922260875,0.19942025986128878
30,0.860,0.750020439211916,0.7088292834364255,3527227231326146.5,0.052972510153903654,0.19509308467010886
30,0.840,0.7954607815611743,0.7565962762104858,3677365709027033.5,0.04107271933718262,0.16096858920388551
30,0.820,0.8714217180811925,0.8302222689787981,3939141368457348.0,0.04362020350449449,0.08221095831765694
30,0.800,0.9295866576876728,0.8850103615851302,4096676577855974.0,0.05712518046893286,0.010812997441965354
30,0.780,0.9132296902569805,0.8671421304473091,3913616138781854.5,0.07642369893165231,0.008536469424502648
30,0.760,0.8347436513897923,0.7897492583499264,3472931005127621.5,0.09118847976382144,0.07285060783931135
30,0.740,0.7348810916699744,0.6932427553087631,2968317796701779.0,0.09162630078126764,0.17256148144031253
30,0.720,0.6782251558398297,0.6392386700926677,2663108570236642.5,0.08415911550139345,0.23669760046162747
30,0.700,0.6913844680421509,0.6506868034184964,2635502153354846.5,0.08649811668035061,0.22118056494726868
30,0.680,0.7585464297881651,0.7094695434346134,2791489545582568.0,0.11134425545785435,0.12930325835794826
30,0.660,0.8334518493666667,0.7708463761834821,2943778351073143.0,0.15153498192099765,0.014378850570978369
30,0.640,0.7697752240626262,0.7018245651033586,2598973645888839.5,0.1650806732320782,0.06465826331041595
30,0.620,0.6833644468388423,0.6206573390172733,2226572911283334.5,0.14215914963817305,0.17395646232207362
30,0.600,0.7881055836877633,0.7259621461602612,2520336695768776.5,0.12590122110275007,0.0851837644833085
30,0.580,0.8552414691367259,0.7981984733285027,2678750239289463.5,0.10012492199810506,0.04358403179512934
30,0.560,0.8138871743572991,0.7675303264633359,2487006427709296.0,0.06588086285865764,0.11912929030944489
30,0.540,0.9475517952046749,0.8955361816232595,2798145112089553.5,0.02919908558074679,0.02036315965609508
30,0.520,0.8723336983886029,0.8103500623083025,2438200129334974.5,0.0044196350735833554,0.1170124861219461
30,0.500,0.9154542284960084,0.8202768473175109,2373142376085011.0,0.006561784027138535,0.07167946921658248
30,0.480,0.8113616743938927,0.7035894035009629,1954131853046867.5,0.03460274631589836,0.15104503068802902
30,0.460,0.5986203756285813,0.5075583300743051,1350943319372508.5,0.08150821244641897,0.3191437107284083
30,0.440,0.8652871512225543,0.7488833269218451,1906602572086223.5,0.12173893040523566,0.012377027747493196
30,0.420,0.7702846689650735,0.6515114727996084,1583305406359447.2,0.110203010090171,0.11905371041452961
30,0.400,0.7044600269233586,0.5667280282353264,1311680371248868.5,0.08113537176188038,0.21369921655832402
30,0.380,0.8704128792861983,0.6209155379513291,1365241436137694.2,0.12851723034175724,0.0009873812356001634
30,0.360,0.7296753417205359,0.4202729514542479,875441796015097.1,0.1339980711418686,0.13726417338432556
30,0.340,0.7965197884528706,0.41730637462092723,820969971748082.4,0.15687742146626052,0.04809668451721725
30,0.320,0.7700519594474621,0.35098497122451144,649878000623429.1,0.12738549942994967,0.10407710678721255
30,0.300,0.9200323523499332,0.2667073397793629,462966491456985.25,0.07413521266487717,0.008476859620075336
31,1.200,0.4205658639779218,0.32550234167486153,2236988045678939.8,0.1541985115391726,0.42557420730490975
31,1.180,0.3744785601864585,0.28727871465767363,1941394327225235.5,0.13937405384482138,0.4864643901655317
31,1.160,0.33622504861093405,0.2555183963293251,1697494838066888.0,0.1270339870923848,0.5370374206928907
31,1.140,0.30762510715056296,0.2314767500865743,1511264662875557.8,0.11798721347846686,0.5746674277122492
31,1.120,0.28916484732450637,0.2153423812996053,1381261267949148.5,0.11257178482827203,0.5985317491992945
31,1.100,0.281024086548143,0.2070460729073071,1304331499779612.8,0.11102010652137442,0.6082189853305408
31,1.080,0.28177848690437896,0.20684815737169587,1279392239199493.5,0.11479003610489166,0.6037087633309088
31,1.060,0.29444992239805656,0.21556374300495534,1308608934846262.5,0.12356616618417895,0.5822891771833775
31,1.040,0.32111612156494573,0.23460550395350238,1397332743439571.2,0.1391761288342063,0.540054284425813
31,1.020,0.36451917972175785,0.26587412869990273,1553118351844045.2,0.16336567543752395,0.4725184189170866
31,1.000,0.4253697545470124,0.30989583681517824,1774778021550260.2,0.19705736767122212,0.37804725384117166
31,0.980,0.5500452739580136,0.4157928059311658,2333626492849414.0,0.23939340107277707,0.2111315076317171
31,0.960,0.6539986445685713,0.5193250544542,2855214946001303.5,0.2486787876180946,0.0978719167227401
31,0.940,0.680236200597659,0.5672515492733958,3053738498477181.0,0.21463312670533177,0.10546417073390894
31,0.920,0.6739870654049982,0.588022314770371,3098203460452854.0,0.16439053851600005,0.161591349772248
31,0.900,0.6880587272571499,0.6233823009086397,3213107656565029.0,0.11864190854389509,0.1927654253091763
31,0.880,0.7190662750648992,0.6692387655125213,3372811434573397.0,0.08016145414151227,0.19957927552833396
31,0.860,0.7454178623438519,0.7043331109075871,3469004445573135.0,0.05250430301132086,0.20017488113257748
31,0.840,0.7861040224756439,0.7475713265289796,3596335677626795.0,0.04044196208920228,0.17098219403172668
31,0.820,0.8603775721184899,0.8195900085733774,3848919320939131.0,0.04286330277591018,0.09404058338637014
31,0.800,0.924338669656297,0.8799341663955693,4031516744412143.0,0.05647670559980821,0.01671440062974785
31,0.780,0.9172358925685864,0.8709209885866556,3890466316197628.5,0.07626793717775761,0.0046687030901917444
31,0.760,0.8446691829526403,0.7991697772946361,3478411384330681.0,0.09166610356324405,0.06242645759360663
31,0.740,0.7436587946363196,0.7015825066500098,2973300277823341.0,0.09211835339024985,0.16327763481484245
31,0.720,0.6794657063180738,0.6404754899749748,2640969046033187.5,0.08375262615876401,0.23586067709623296
31,0.700,0.6837036471679355,0.6435527830969585,2579945386876617.5,0.08491096921689226,0.2304583522150883
31,0.680,0.7444401988742523,0.6964452220814478,2712215389936617.5,0.10843103437688047,0.1463391502506336
31,0.660,0.8267984894496438,0.7649521590838579,2891388905591615.0,0.14922833013648565,0.023348952480022576
31,0.640,0.7826448034038043,0.7137689792150562,2616169892013367.0,0.16678864256626744,0.05007794966741895
31,0.620,0.6873269294917311,0.6242556660951396,2216575264088724.5,0.14215256416020394,0.16999656853695738
31,0.600,0.7796872627452021,0.7180213523298583,2467271315836688.0,0.12369724206899112,0.0958036984123439
31,0.580,0.8570084913359247,0.799580741482253,2655942195908433.0,0.09944673355214705,0.04247302647755605
31,0.560,0.813108505803737,0.7665976342125975,2458576927237801.0,0.06508609339788961,0.12068067543790525
31,0.540,0.9426453047749025,0.8908104731312528,2754909737662723.0,0.028635012490406484,0.025829051701295912
31,0.520,0.877265620128503,0.8147681271776106,2426418313361173.5,0.004356380792904562,0.11209202865987468
31,0.500,0.8973199264944999,0.8036413243918442,2301232850363882.5,0.00625859376597219,0.0902203610373217
31,0.480,0.8353836869731782,0.7239380328625012,1990081812613650.0,0.03473429701055789,0.12678695471848403
31,0.460,0.5883011728450279,0.4980428304992771,1312057367677590.0,0.07874311090544511,0.33223013668126194
31,0.440,0.8567288175040175,0.7406409140418148,1866331026027798.5,0.11831001829510501,0.02435229863026166
31,0.420,0.7831794525085666,0.6620766958281259,1592523654958326.0,0.1099998398474886,0.10634751583340157
31,0.400,0.69677231979995,0.5607746157950558,1284625793472562.0,0.07894613532395982,0.22358912102004463
31,0.380,0.8724114963853865,0.6230165445694391,1355849472056382.0,0.12710277998007707,0.00040868585111611606
31,0.360,0.7296842327850827,0.42025989919663465,866460467605641.4,0.13256529449064114,0.1386782091236618
31,0.340,0.7859032424429501,0.4108704643347209,800040808169051.8,0.15309053550357565,0.062480017855350276
31,0.320,0.7802464899108632,0.3559865502401896,652396869169262.6,0.1280950938168439,0.09318555720078713
31,0.300,0.9073062545728463,0.2619808957314067,450110534483350.06,0.07235237993066433,0.022941944480942632
32,1.200,0.4316050044341155,0.3342447275938366,2272631383705494.5,0.1569209476852208,0.4118190671438119
32,1.180,0.38358637621080055,0.29444094346793054,1968626814341577.5,0.14160371978010164,0.4751327437221923
32,1.160,0.3429433863595025,0.260777601385174,1714002550856608.8,0.1285525712488362,0.5288050572400788
32,1.140,0.31193413435950107,0.234853777999137,1517000034045891.0,0.11872978754614658,0.5696188233918668
32,1.120,0.2911887104260542,0.21696834233409032,1376884724858399.2,0.11252781408970855,0.5965532108129485
32,1.100,0.2808496532090824,0.20702307474334675,1290311678262094.5,0.11016729314376435,0.6092459238631426
32,1.080,0.2793695042308339,0.20517377957176758,1255534938523839.2,0.11303550435297333,0.6078701093391568
32,1.060,0.2896244519976902,0.21211441578676005,1273970110231815.5,0.12075218284578383,0.5899242166232253
32,1.040,0.31355701347432363,0.22915350063675718,1350339661354719.8,0.13506340640274653,0.5517190430528092
32,1.020,0.35401372036150236,0.2582640562278835,1492613370861688.5,0.15774018812821186,0.4886395168525357
32,1.000,0.41257541903718536,0.3005984039689825,1703216511619974.8,0.1901016743250397,0.3977857603400548
32,0.980,0.5390261502050365,0.40740619173209586,2262230686063793.5,0.2334511431095224,0.2280859816398491
32,0.960,0.6542914738476617,0.5193885156158603,2825184168311964.0,0.24772725627637004,0.09853733174788566
32,0.940,0.6907498587936072,0.5757715152944503,3066628852623189.5,0.21717289886335772,0.09242323588236348
32,0.920,0.6846369689744641,0.5970508006363102,3112306076856782.0,0.16650875820829145,0.14882949126993159
32,0.900,0.6938923668105881,0.6284311085033222,3204670429574379.5,0.1193662504667852,0.1862078468301023
32,0.880,0.719862855641479,0.6697889519627479,3339672189720434.0,0.08006969811709641,0.19887525133495254
32,0.860,0.7413875975869132,0.7003739781652103,3412806312428116.0,0.052078682526120905,0.2046402801054382
32,0.840,0.7769545546134703,0.7387417292364172,3516050515683749.5,0.039825941914117674,0.18077306365308965
32,0.820,0.8487911276600475,0.8084392110571307,3756162826152602.5,0.04208530764764754,0.10643522745055467
32,0.800,0.9177841983578855,0.8736101938052921,3959960630961259.5,0.05575293554055916,0.024000794168449188
32,0.780,0.9201703061686526,0.8736773917920377,3861258599871338.0,0.07601880367746652,0.00196766594952575
32,0.760,0.8545292701344347,0.8085259142494563,3481695007259415.0,0.09212003359315662,0.05209090451327375
32,0.740,0.7533652692373758,0.7107985250438146,2980309903664211.5,0.09270630998898023,0.15296748354114292
32,0.720,0.6818369150401401,0.6427782216037549,2622266570417012.5,0.08347719007288756,0.2337602301602359
32,0.700,0.6768594767675408,0.6372051123393643,2527321429544041.0,0.08343342173116676,0.23878851722437264
32,0.680,0.7301749519279451,0.6832691574317051,2632594188484556.5,0.10551352640641323,0.1635382439008883
32,0.660,0.8175991281244243,0.7567066761916108,2829793140265317.5,0.14646135412917047,0.03532717139514073
32,0.640,0.7949879802945503,0.7252542996026743,2629986228848488.0,0.16832768259335495,0.03619373375650743
32,0.620,0.69302293809961,0.6294378910747995,2211198652011654.8,0.14247965445561606,0.1639684498678701
32,0.600,0.7715037542030735,0.7103026110345817,2414781554500296.0,0.12153974602546215,0.10614246387961838
32,0.580,0.8576992914793785,0.7999539666685905,2628912782683064.5,0.09863283642135953,0.04257509802667417
32,0.560,0.8130529895109038,0.7663393755088836,2431601239251201.5,0.06434366229068794,0.12145513108798678
32,0.540,0.9363493864595429,0.8847669520043072,2707109609744470.0,0.028030141055601678,0.03272903136807542
32,0.520,0.8835675690875157,0.8204518266385138,2417350463035432.5,0.004298397100164063,0.1057858487481522
32,0.500,0.8782139688042683,0.7861435589293371,2227178641657557.2,0.005955617170446784,0.10973991596464061
32,0.480,0.8601167914144133,0.7448746689926061,2025851611023050.5,0.03483002830164164,0.10184978452804291
32,0.460,0.580560046114394,0.4907302268357241,1279039124853696.0,0.07634257075160931,0.3423712002559211
32,0.440,0.8441012526928318,0.7288414986006106,1817058699204999.8,0.11434633828306084,0.04093406708741403
32,0.420,0.7973491809943026,0.673643511691905,1603107366846287.2,0.10986887943031215,0.09229218492266052
32,0.400,0.6912000612127515,0.55650485715532,1261281828497612.0,0.07698711252080627,0.23113089523067276
32,0.380,0.8700412941806435,0.622025220097765,1339290469875796.2,0.1249989389377916,0.004889249868769881
32,0.360,0.7317388569395924,0.421502704013844,859777457392795.1,0.13147311519318525,0.1377083046185069
32,0.340,0.7745290187617052,0.4039717882673697,778239271110879.2,0.14915019929460385,0.0777729767823943
32,0.320,0.7910880209067843,0.3613604114078066,655199773496144.2,0.12885839428327395,0.08159411075638924
32,0.300,0.8881117460898528,0.2553593075777482,434066365608989.3,0.07005366347368717,0.044372432871156504
33,1.200,0.44335667741379925,0.3435475253036166,2310054242112079.5,0.15979675957269313,0.3971983984783728
33,1.180,0.3934986806333059,0.3022275409099796,1998343544480782.0,0.14404170154262344,0.4627888256478237
33,1.160,0.3504052103565998,0.26660666586424325,1732938299042426.8,0.13028054730370622,0.5196203681764513
33,1.140,0.31687157034511415,0.23870604314827312,1524833316001533.5,0.1196606619643466,0.5637540153475986
33,1.120,0.29372960082527866,0.21897943743746112,1374280757064458.5,0.11264911815914776,0.5938928096905873
33,1.100,0.2811087619992663,0.20731755099097732,1277858782610739.0,0.10946447856998115,0.6096897004782459
33,1.080,0.2773409618955061,0.20377508884147955,1233187045079445.8,0.11142803927723625,0.6115042963804452
33,1.060,0.28515261261691166,0.20891898597306824,1240903134486318.0,0.11809190642211871,0.5970522462570421
33,1.040,0.3063219974283649,0.22393221504193878,1304980500538355.8,0.1311101450108864,0.5629005314209855
33,1.020,0.34371683732810515,0.2507996029536349,1433445294881373.8,0.1522408287010039,0.504426026161003
33,1.000,0.3995951635215584,0.2911595571533472,1631492783856580.8,0.18310240180260767,0.41775338149797697
33,0.980,0.5266019919918292,0.3979530135762798,2185304603376960.8,0.2269265761041024,0.24702614594133845
33,0.960,0.6525161858263527,0.5178007448354023,2785402819871741.0,0.24597417702061236,0.102070677469033
33,0.940,0.7007100380558015,0.5838115553704891,3075067458164680.5,0.2195017497762256,0.08014670614326634
33,0.920,0.6959836487137002,0.6066677142098514,3127467588563406.0,0.1687745058332222,0.1352235970646702
33,0.900,0.7006679994140107,0.6343195062242593,3198929605691654.5,0.12024589444552271,0.1785524018564575
33,0.880,0.7214975680844444,0.671111106331155,3309262403433267.0,0.08007117982043167,0.19723849486324155
33,0.860,0.7380087019032434,0.6970262010488772,3358935479666555.0,0.05170131467375094,0.2084043521400832
33,0.840,0.7681134683687413,0.730203569183246,3436982687546567.5,0.039230155307416255,0.1902342920098717
33,0.820,0.836776509073947,0.7968788398026138,3661510250100469.0,0.041292830191624594,0.11927381203788054
33,0.800,0.909926842188433,0.8660420846719121,3882246354466516.0,0.05495641149631795,0.032666073499341315
33,0.780,0.9218661029022969,0.8752526149999829,3825446448402709.0,0.07566571519151022,0.0006111264059615708
33,0.760,0.8641288122108335,0.8176324881534323,3481976525711323.5,0.09253110133417787,0.042058475047204155
33,0.740,0.7639544971994398,0.7208471345704869,2989021254401309.0,0.09338366381562058,0.14168356287213846
33,0.720,0.6854094948438628,0.6462135350207404,2607129799405115.5,0.08333981597106069,0.23031841039967155
33,0.700,0.6709764719922512,0.6317610190935017,2478020943894524.0,0.08207985134619603,0.24603198035123416
33,0.680,0.7159959845959611,0.670170217615601,2553572211697385.0,0.10262961129232534,0.1806170869493605
33,0.660,0.8059448859764216,0.7461911311699756,2759612640359503.0,0.1432627433337194,0.05019355086125216
33,0.640,0.8062287015618149,0.7357551977782069,2638562707202695.5,0.16957872952108877,0.02370106937092137
33,0.620,0.7005223841656353,0.6362684789884909,2210478042255733.8,0.1431488237465137,0.1557937565211139
33,0.600,0.7638283737832362,0.7030580083507951,2363722651191114.5,0.11947206637949889,0.11588314162024933
33,0.580,0.8572052045429922,0.7992184605330636,2597452458793202.5,0.09767544597754418,0.04400695887431709
33,0.560,0.8137193232623131,0.7667539715460663,2406014100751916.5,0.06365261996138652,0.1214548854355032
33,0.540,0.9286831893898204,0.8774241555296817,2654956765791683.5,0.02738760677139615,0.04104087438292365
33,0.520,0.8911951708841216,0.8273592002095135,2410746535535800.0,0.0042452126831949615,0.09813904339071775
33,0.500,0.8587065887993209,0.7682959473100417,2152547053852011.5,0.005657546310371772,0.12965936061159403
33,0.480,0.8845943662191043,0.7655623057839626,2059092639965208.0,0.03485028245347915,0.07724335621215823
33,0.460,0.5757073094370537,0.48587612298187627,1252383958376458.8,0.07433044379314728,0.3492322480919217
33,0.440,0.8274444830903861,0.7135350077387576,1759227758539119.5,0.10989017638628883,0.062040331059082444
33,0.420,0.8126131548931621,0.6860503426715251,1614579310523534.5,0.1097773066680582,0.07710123580004637
33,0.400,0.6879613014697591,0.5540925140137201,1241927892789339.5,0.07527228138507852,0.2360922823284568
33,0.380,0.8630613300777445,0.6177528869593283,1315383795438871.2,0.12219889751918205,0.014676750165713147
33,0.360,0.7361522429873127,0.4241909366047744,855693026782839.8,0.1307652396142984,0.13399810571579338
33,0.340,0.7629400759697915,0.39690015533732725,756161032561064.8,0.1451701051382718,0.09331985098509334
33,0.320,0.8022992927399608,0.36698016021236557,658031481084765.8,0.12962551669590489,0.06962937290230609
33,0.300,0.8633734893124739,0.24713961643808624,415449011633982.0,0.06733078176943724,0.07175488722061059
34,1.200,0.45579569863743546,0.3533912650596397,2348951095583403.5,0.16280773162531215,0.38175556837698815
34,1.180,0.4042475338200352,0.31066338253714476,2030528044982570.8,0.14669008785892448,0.4493985008175998
34,1.160,0.3586635483515741,0.27304616577291,1754409579019791.0,0.13222918095031344,0.5094190966608634
34,1.140,0.3224902275130306,0.24307344668760297,1534897182213415.0,0.12079308244312008,0.5570069871621898
34,1.120,0.2968323869180613,0.22140911320139678,1373568850594576.8,0.11294787517229989,0.5904935378988732
34,1.100,0.28183796202070116,0.20795636236813356,1267073521774092.2,0.10892221424170904,0.609503248257961
34,1.080,0.2757239210273371,0.2026747728696003,1212440315209655.8,0.1099774190382352,0.6145705167643712
34,1.060,0.28106569755490696,0.20600022543520477,1209512829105244.8,0.11559636362701094,0.603630980827882
34,1.040,0.2994533853317902,0.2189723953394623,1261419750905749.8,0.1273333235452099,0.5735395076403439
34,1.020,0.33370360890989853,0.24353530614283464,1375938495448586.8,0.1469011657613723,0.5197693855497836
34,1.000,0.3865688660894839,0.2816809049668508,1560250482835093.0,0.17612728600357946,0.4377426545267136
34,0.980,0.5129354401021684,0.3875563402034516,2103767976957509.5,0.2199008624840221,0.2677083265643053
34,0.960,0.6484867178000717,0.5144151256272481,2735406542032950.0,0.24336092459439543,0.10871640696086768
34,0.940,0.7097847807184066,0.5910947311120812,3077668645461758.0,0.22151814288820298,0.06906787394008332
34,0.920,0.7079198738554765,0.6167778378006264,3143066037068325.0,0.17116071933540442,0.12090797352686079
34,0.900,0.7084042429267788,0.6410627949028705,3195803002171107.0,0.12128341857475301,0.16977789243693378
34,0.880,0.7240287985648207,0.67325860948685,3281719867275201.0,0.08017227082688463,0.19460415312421112
34,0.860,0.7353586631474797,0.6943625112711169,3307665890581846.5,0.051377699067080944,0.21138390656620878
34,0.840,0.7596819411497151,0.7220529314071317,3359581954602721.5,0.038660016451410414,0.19925896609934782
34,0.820,0.8244592868930788,0.7850287100229486,3565630292466664.0,0.04049290873212742,0.13242334755215424
34,0.800,0.9008017859742766,0.8572635812867188,3798754954374917.5,0.05409153958220181,0.04267060142758968
34,0.780,0.9221710493512391,0.8755018336232715,3782583998229095.0,0.07519966592113314,0.0007606635725180569
34,0.760,0.8732478973074405,0.8262807836643542,3478389114747600.0,0.09287817316737138,0.032570516823014366
34,0.740,0.7753500166277281,0.7316558604098884,2998993286782850.0,0.09414046648078615,0.12951232995564013
34,0.720,0.6902447663421241,0.6508392404991349,2595632147434840.0,0.08334615744532387,0.2254681246587781
34,0.700,0.6661723250898657,0.6273313715565981,2432383028728126.0,0.08086327531705455,0.2520578517427454
34,0.680,0.7021462364774349,0.6573752949920214,2476048856220444.5,0.09981562369257818,0.19729613367582988
34,0.660,0.7920388133157655,0.7335903122362627,2681849739665359.0,0.13968078052739116,0.06769653202397354
34,0.640,0.8157164918304459,0.744677533304473,2639885823499997.5,0.1704106259351305,0.013381947716802107
34,0.620,0.7098513165910967,0.6447722102894361,2214292142293075.2,0.14415901891616756,0.14544749436728788
34,0.600,0.7569362203594078,0.6965409991021726,2314913956183501.0,0.11753645593115611,0.12470809105368942
34,0.580,0.8554684435604931,0.7973221491434145,2561525835864044.0,0.09657297410754474,0.04682819092584682
34,0.560,0.815082127995171,0.7678171625604094,2381676440945694.0,0.06301008862630522,0.12070820664322973
34,0.540,0.9197142819882009,0.8688464326989701,2598805040743995.5,0.02671190168258969,0.050692434436931215
34,0.520,0.9000403507793591,0.8353891704815785,2406185486770179.5,0.004196074286572124,0.08926115376737469
34,0.500,0.8393817122412084,0.7506221093191167,2078874513396058.0,0.005368676613899661,0.14938647304720737
34,0.480,0.9075814514552255,0.7849340240677873,2086946473318805.8,0.034749650769992264,0.05425267825301261
34,0.460,0.5740427765046208,0.4837257177682336,1232519865009558.5,0.07272555768022856,0.35249414545150654
34,0.440,0.8070899306594099,0.6950243321739068,1693907160632704.5,0.10502169861068957,0.08725961050559612
34,0.420,0.8286410129058908,0.6990093432570907,1626182149228806.0,0.10967450276951238,0.06115574679930205
34,0.400,0.68724260316482,0.5536857222343743,1226761772235492.8,0.07380998468637547,0.23827817822116995
34,0.380,0.8516087300198948,0.610279347601413,1284544601314559.5,0.11875237004663869,0.02958420978990323
34,0.360,0.7431727631190086,0.42847845688748387,854414107182204.4,0.13047071840329844,0.12727048621426257
34,0.340,0.7516796771175821,0.3899443675952392,734376019854468.0,0.1412594074804257,0.108469159536203
34,0.320,0.8135636656172127,0.37269900208865486,660609974145788.1,0.13034128430011113,0.057662564671735674
34,0.300,0.8346602008288871,0.23780059514975024,395158301672454.44,0.06432285580323381,0.1033862311802195
35,1.200,0.46887446711359587,0.3637389211392014,2388901507999524.0,0.16592770148177813,0.36556429082246594
35,1.180,0.4158564430121106,0.31976670309283495,2065106581262998.2,0.14954708346975523,0.4349400636158402
35,1.160,0.36777137787336855,0.2801366221639147,1778505043680096.2,0.1344086797136166,0.4981380933368894
35,1.140,0.32884589252718205,0.2479981298447723,1547321219533411.0,0.12214043001128308,0.5493086148535998
35,1.120,0.30054494613141114,0.22429306001037658,1374868250117941.8,0.11343659316577738,0.5862950510141871
35,1.100,0.28307568353469936,0.20896775653840788,1258053729558406.0,0.10855111738379641,0.6086375550675616
35,1.080,0.2745497869937661,0.20189577688287752,1193378514208264.8,0.10869298953736209,0.6170280513581202
35,1.060,0.2773934619223884,0.20337979371634715,1179888292879120.8,0.11327539313569496,0.6096208601595815
35,1.040,0.2929893552795922,0.214301798898995,1219793683593129.0,0.12374749963864147,0.5835832813225114
35,1.020,0.32404173362659233,0.2365203720210846,1320370915712133.2,0.14175054387019861,0.5345726313689608
35,1.000,0.3736302938932663,0.27225967168974813,1490083276924028.8,0.16923975207374198,0.4575565360769755
35,0.980,0.49822528683605927,0.3763665919303588,2018665525910301.2,0.21246935206005532,0.28983855596936486
35,0.960,0.6420825008476042,0.5091373401619804,2675059255979607.0,0.23985492633909117,0.11862747725187771
35,0.940,0.7176053750718929,0.5973140025489184,3072966130833549.5,0.22311074435230624,0.05966654832498364
35,0.920,0.7202952166543508,0.6272483735150209,3158308836441257.0,0.17363022255884633,0.10607023353117237
35,0.900,0.7171029870232015,0.6486609935552096,3195122522559570.5,0.12247852285877489,0.1598827397241886
35,0.880,0.7275090907570538,0.676279269253538,3257136587963788.0,0.08037865623994349,0.19091391216216544
35,0.860,0.7335125830758218,0.6924532790854714,3259238573744212.5,0.05111311816210606,0.21349836131197236
35,0.840,0.7517598382911185,0.7143845644388672,3284267876954910.5,0.0381207890552742,0.20774163747850624
35,0.820,0.8119732425833325,0.7730163938918935,3469203540963635.0,0.0396928343836029,0.14574235148492815
35,0.800,0.8904760161093228,0.8473387182956805,3710003016418613.0,0.05316453381636153,0.05394104763606054
35,0.780,0.9209553917021622,0.8743016201833574,3732356422113657.0,0.07461380303672835,0.0025531910229726
35,0.760,0.8816462325398312,0.8342427504854776,3470030226642065.5,0.09313869955069157,0.023890215342431267
35,0.740,0.7874400009432458,0.743118769086922,3009658185316910.5,0.0949628786173977,0.11657954174460984
35,0.720,0.6963919684717297,0.6567017404193957,2587783193088814.5,0.0835002492200572,0.2191559923541423
35,0.700,0.662557118785607,0.6240199291667444,2390692527480876.5,0.07979529355119883,0.25674427586963733
35,0.680,0.6888593740001961,0.6451028379445318,2400850344198921.0,0.09710535173977478,0.21330767015974758
35,0.660,0.7761857060774286,0.7191833818328124,2597830452139349.5,0.13578069226545578,0.08746579921604156
35,0.640,0.8227622741973366,0.7513908237744762,2631922429622588.5,0.17068823121491297,0.006060940405932984
35,0.620,0.7209758295207076,0.6549195692647757,2222321465892134.8,0.14549676692407984,0.13297709323375495
35,0.600,0.7510959861902814,0.6909988827041348,2269111410662272.0,0.11577279420357696,0.13230844238174394
35,0.580,0.85249260040168,0.7942702655116337,2521294185576018.5,0.09533091833306737,0.0510298347263306
35,0.560,0.81709063099184,0.7694808034413776,2358375969541478.5,0.062411277164867544,0.11927071066337797
35,0.540,0.9095585157242719,0.8591437866496262,2539141113877714.0,0.02600875015948412,0.061561897897374165
35,0.520,0.9099175089556162,0.844368784954488,2403049614614127.5,0.0041499174636841435,0.07934012638765131
35,0.500,0.8208094716126315,0.7336322396126229,2007592833845787.0,0.0050927246870225065,0.16834343925238895
35,0.480,0.9276213295196694,0.8017339706911729,2106195823751973.8,0.03448030972344296,0.03438786822446528
35,0.460,0.5758621999788016,0.4845194703620393,1219821516711847.5,0.07154259481203809,0.35184595331142726
35,0.440,0.7836513641437438,0.6738556405348941,1622731881323665.8,0.09985366093887216,0.11586525437632875
35,0.420,0.8449049209854635,0.7120669203023875,1636806440819638.8,0.10948802487994369,0.04505624004283579
35,0.400,0.689201057229497,0.5554084127552993,1215905069705190.2,0.07260341953020386,0.23752812050581618
35,0.380,0.8362030595055117,0.5999579864892352,1247761725601711.5,0.11476217110267863,0.04898906630081342
35,0.360,0.7529404243584304,0.4344584694207144,856008333816811.1,0.13059691801444603,0.11737823971021984
35,0.340,0.7412493140727007,0.383369825107491,713385155378853.6,0.1375145131934494,0.12262385793792768
35,0.320,0.8245112947117179,0.37834283255846335,662617213034021.0,0.1309434127515143,0.04612513988206895
35,0.300,0.8039511476959272,0.22793094136532657,374241343105401.75,0.06119521372635319,0.13712774032107627
36,1.200,0.4825175487955885,0.3745316490917406,2429350164981166.0,0.16912105568758526,0.3487355440150603
36,1.180,0.42833667169994544,0.329546220405956,2101932143979534.8,0.1526058075762554,0.41940912741431585
36,1.160,0.37778018876023806,0.2879173847918386,1805286886550623.0,0.13682762886202565,0.4857173167112304
36,1.140,0.3359971682173479,0.25352434105437177,1562229603820478.2,0.12371607241913456,0.5405869734024646
36,1.120,0.30491846409810347,0.22766942405419008,1378297857105671.5,0.11412813979308664,0.5812333394856227
36,1.100,0.28486261144869696,0.2103816327435721,1250894997791305.5,0.1083619571728368,0.6070412042384922
36,1.080,0.273850640982995,0.20146153629453548,1176078325714860.2,0.10758376779816849,0.6188358349345259
36,1.060,0.2741643945860799,0.20107842540450988,1152104015646666.2,0.11113775910251082,0.6149846639315488
36,1.040,0.2869640849234609,0.20994527637912067,1180211375921777.2,0.12036490195512571,0.5929854879506976
36,1.020,0.3147909598060753,0.22979824489551562,1266972616807277.5,0.136813899716678,0.5487511509545512
36,1.000,0.36090346662814815,0.2629860348116992,1421520203092036.8,0.1624972869945682,0.477013661721955
36,0.980,0.4826960794007812,0.3645536588169152,1931113884661630.0,0.2047366728632343,0.31308786927268467
36,0.960,0.6332626978705949,0.5019366092337425,2604596513878900.5,0.2354544063443943,0.13184638347608976
36,0.940,0.7237792461138453,0.6021430896254418,3059482050473280.5,0.22416267284168995,0.05245191952105845
36,0.920,0.7329096511441305,0.6379034737985587,3172218867721986.5,0.17613434964407365,0.09095907096312258
36,0.900,0.7267448664677187,0.657094767468823,3196618935201719.5,0.12382729548291592,0.14889024707191992
36,0.880,0.7319832699095923,0.6802135750793181,3235551497153999.0,0.0806951407710157,0.18611806984968682
36,0.860,0.7325423226920846,0.6913657012516076,3213857606437764.0,0.05091258568816173,0.2146706512599135
36,0.840,0.7444444677769991,0.7072906909955646,3211423474407589.5,0.03761752880882178,0.21557962889296692
36,0.820,0.7994569804752659,0.7609739817656357,3372904229317952.0,0.03889997692885086,0.15908442071848047
36,0.800,0.8790469290635563,0.83636048182483,3616628001811740.5,0.052183265418275074,0.06637193265448504
36,0.780,0.9181194383433607,0.8715571516018059,3674606364668594.5,0.0739039487673086,0.006092836124843959
36,0.760,0.8890699010838885,0.8412774093876219,3455995503245397.5,0.09328947931325345,0.016295065119638456
36,0.740,0.8000726133418757,0.7550920689783555,3020313180096150.5,0.0958327746097551,0.10305530347169502
36,0.720,0.7038848793781016,0.6638328283646043,2583518474369211.5,0.08380417826715277,0.21134605782239893
36,0.700,0.6602327110223014,0.6219227527173552,2353178300392788.5,0.07888606175540429,0.2599790738422233
36,0.680,0.676354391916016,0.6335577917855567,2328710484631587.5,0.09452930815306472,0.22840194646549802
36,0.660,0.7587727266191142,0.7033261385512399,2509117750603161.0,0.13164046004118482,0.10903586590369085
36,0.640,0.8266916802013795,0.7552767525743003,2612801644111881.0,0.1702838279968922,0.002540448821973902
36,0.620,0.7337818659660769,0.666608384551969,2233998158340188.8,0.14713252230940393,0.11852627095017088
36,0.600,0.7465625617645019,0.6866660260377355,2226984325206016.2,0.11421747895566926,0.13839260989289548
36,0.580,0.8483490722965566,0.790131222851251,2477122971054445.0,0.09396222790001331,0.05652757991368713
36,0.560,0.8196683736756262,0.7716726292481179,2335831295085591.5,0.06184958094152983,0.1172255582939864
36,0.540,0.8983768485455008,0.8484688402758629,2476566573070285.0,0.025284899725634212,0.07348117299664228
36,0.520,0.9205497791469943,0.8540405572624201,2400502641839678.0,0.004105345576951281,0.0686561841000734
36,0.500,0.803524897361826,0.7178040590084813,1939975581731215.2,0.004832719712880863,0.1859884201584899
36,0.480,0.9431472563491653,0.8146144329118256,2113555649344477.0,0.03399736908130089,0.019266674915265066
36,0.460,0.58146101921812,0.4884965038522951,1214617798762625.2,0.07079255964134097,0.3469807117541801
36,0.440,0.7579742901430937,0.6507727426304718,1547755586529940.0,0.09452102686325006,0.14687643195296463
36,0.420,0.8606351346539236,0.7245675859453314,1644934242683440.5,0.10912084743519866,0.029669928061215593
36,0.400,0.6939652009888705,0.5593608407649789,1209406783193327.5,0.07165102329404265,0.2337149801368679
36,0.380,0.8176858815537398,0.5873744904155337,1206476945027431.0,0.11037163077007452,0.07190622246318959
36,0.360,0.7654293776150527,0.44213032128597446,860346012063850.9,0.13112072015964152,0.1043703138521618
36,0.340,0.7320765333502434,0.37740166928139335,693590415561106.2,0.1340133485455041,0.13527918482276496
36,0.320,0.8346974777493261,0.38369970104845175,663684673417778.9,0.13135963365882122,0.035533276963428825
36,0.300,0.7733498885823757,0.21814421558270905,353740923764849.9,0.05811537425758276,0.17071447512355095
37,1.200,0.49661584058427105,0.38568418811074173,2469587406357863.5,0.17234121656921267,0.33142491606082897
37,1.180,0.44168262872337966,0.339997541938075,2140765542773852.2,0.15585285120756948,0.4028246748030414
37,1.160,0.3887379665614501,0.29642506838128124,1834781021426147.8,0.13949224690013987,0.47210259264370263
37,1.140,0.3440051019662116,0.25969813839237854,1579737796385981.5,0.12553313607430389,0.5307679360949407
37,1.120,0.310007702287431,0.23157899338815796,1383975830639791.2,0.11503575018338125,0.5752404533764585
37,1.100,0.2872420881672709,0.21222982628886708,1245691282000852.2,0.10836574209030132,0.6046598847356746
37,1.080,0.2736596178349277,0.20139624197169573,1160610350057862.8,0.10665855612888438,0.6199519645430375
37,1.060,0.2714060573077697,0.19911616565358092,1126221222946762.5,0.109191287751809,0.6196870362647298
37,1.040,0.2814080294764506,0.20592496049620407,1142756372881931.5,0.11719558409275126,0.6017056571588536
37,1.020,0.3060029152565841,0.22340646652958995,1215926245515860.2,0.13211176819870749,0.5622328464037329
37,1.000,0.3484999692635682,0.2539411508635518,1355015941930408.0,0.15595030530721202,0.4959521639796915
37,0.980,0.4665865219934637,0.3522981095194263,1842246370963024.2,0.1968114457739983,0.33710917607295354
37,0.960,0.6220748518891003,0.492852463787393,2524640159554192.5,0.2301908820877212,0.14829402612387832
37,0.940,0.7279089196554022,0.6052523685818337,3035817586865172.0,0.2245575310370716,0.047937572757852875
37,0.920,0.7455082426012424,0.6485197509096908,3183628294583177.0,0.1786118591434631,0.07589065445198405
37,0.900,0.7372839764283883,0.6663206847881017,3199905302980606.0,0.12532136040218866,0.1368547401225935
37,0.880,0.7374861467478,0.6850925659277416,3216942129814292.5,0.08112541148913127,0.18017807282801268
37,0.860,0.7325155700329573,0.6911629167823875,3171686117325860.0,0.05078079146151291,0.2148282179817642
37,0.840,0.7378295080543982,0.7008599843077521,3141390108683254.0,0.03715503714219269,0.222674155997001
37,0.820,0.7870505797491932,0.7490348835849666,3277383157443744.5,0.038121619676794116,0.1723017548035407
37,0.800,0.866639393420812,0.824447995040284,3519367137695333.0,0.051157027007130505,0.0798288075014984
37,0.780,0.9136001734694877,0.8672084930489867,3609353728881739.5,0.07306901877741932,0.011443893244374514
37,0.760,0.8952604785656455,0.8471394957178194,3435420031582516.5,0.09330762963960035,0.010066772003962525
37,0.740,0.8130521787262374,0.7673904839414613,3030117366007244.5,0.09672746127678386,0.08915818523065665
37,0.720,0.7127376200489267,0.672245714962173,2582687498464832.5,0.08425767795489,0.2020243981859817
37,0.700,0.6592921563675258,0.6211276469130919,2320011949521461.5,0.07814427772736343,0.26166033586543874
37,0.680,0.6648318771980269,0.6229280855267161,2260258681636567.0,0.09211428239142723,0.24235136349250191
37,0.660,0.7402436101171341,0.6864273006878671,2417407164147807.5,0.12734567647580416,0.1318770334862346
37,0.640,0.8269123217960921,0.7557905532385728,2581028229360606.0,0.16909089908739924,0.0035196161516382334
37,0.620,0.7480511778975857,0.6796419483549431,2248449754796389.2,0.14901641804537819,0.10236333974776102
37,0.600,0.7435703436414127,0.6837577466647087,2189096120888866.5,0.11290248154152477,0.14269393837346483
37,0.580,0.8431783130357644,0.7850376540883428,2429572162522864.5,0.09248705838962389,0.06316074880780818
37,0.560,0.8227142407563475,0.774297267637581,2313700151431004.0,0.06131678105493964,0.11468222954330706
37,0.540,0.8863693911180641,0.8370111763311288,2411772495984659.0,0.02454784489056834,0.08624213214381303
37,0.520,0.9315573370707537,0.8640517324857597,2397476783335297.0,0.004060625102593877,0.057593618143382395
37,0.500,0.7880139032534936,0.703570346668888,1877106236551045.2,0.004590965632264317,0.20182970603545372
37,0.480,0.9526623427302685,0.8222913471071223,2106096560629244.0,0.03326579302674093,0.010427004104954707
37,0.460,0.591132464479932,0.4958932933748081,1217187231127151.8,0.07048252491528513,0.3375975952436697
37,0.440,0.7310542877571259,0.6266449461916466,1471246827141703.0,0.08916761302515244,0.17915318398687735
37,0.420,0.8747935093803402,0.735633480283147,1648625824215251.8,0.10845160954384368,0.016157002208599832
37,0.400,0.7016335333817201,0.5656181779725394,1207242931036782.8,0.07094663671717547,0.22674628122195015
37,0.380,0.7971111694236093,0.5732699295778414,1162395927430364.8,0.10574598517332189,0.09711626947453211
37,0.360,0.780375578576958,0.4513571718088156,867030089614378.8,0.13197801112659632,0.08857459013159284
37,0.340,0.724495073522255,0.37221470454219674,675279809115467.2,0.1308124137775299,0.14604543209374404
37,0.320,0.8435785115338624,0.3885080964749406,663378471747347.6,0.1315046906856244,0.026514985424256336
37,0.300,0.7448333624910646,0.20900623331752777,334573711836388.06,0.05523326940275392,0.20202524853274992
38,1.200,0.5110206744386594,0.39708020983638415,2508732394053736.0,0.17552926281518397,0.313839877049838
38,1.180,0.45586625020034166,0.3510987861645247,2181253716341201.5,0.15926659117051672,0.385236357778915
38,1.160,0.4006864380109786,0.3056914192414762,1866964613538171.8,0.14240541993420835,0.4572493323448484
38,1.140,0.3529325129758402,0.26656686039627525,1599947960706088.8,0.1276041716731992,0.5197761810494803
38,1.120,0.31587120311363676,0.23606533440778366,1392018760307635.0,0.1161730014340972,0.5682443229461941
38,1.100,0.29026053762141196,0.21454640651113357,1242535423532545.2,0.10857380385276587,0.6014358835964653
38,1.080,0.2740113259055099,0.2017251348471118,1147040147442504.2,0.10592606361728721,0.6203331585650401
38,1.060,0.26914548098551766,0.19751264644060504,1102289377585492.8,0.10744302083783935,0.6236939364071303
38,1.040,0.276348317919963,0.20226054036550714,1107488821669377.1,0.114247625491508,0.6097086159462137
38,1.020,0.29772128439243967,0.21737678799350502,1167369085159037.8,0.1276604476176635,0.5749577921761028
38,1.000,0.33651724813344774,0.24519589557290444,1290945907306371.0,0.14964150739778834,0.5142320154341508
38,0.980,0.45013786107360865,0.3397823882185948,1753160952275625.0,0.18880114892507358,0.3615539986297617
38,0.960,0.608656279753819,0.48199573455551714,2436179458197421.5,0.22412886617211294,0.1677686216662661
38,0.940,0.7296166105959411,0.6063294073755474,3000760502927480.0,0.2241870246506718,0.04660929494798065
38,0.920,0.7577780518178294,0.6588237431542798,3191184533673106.5,0.18098840007947364,0.061252254132291274
38,0.900,0.7486418864099467,0.6762658566423719,3204459740483449.5,0.12694691713941095,0.12386851634120387
38,0.880,0.7440397153728837,0.6909352330182722,3201215126751108.0,0.08167174806062684,0.1730696127434593
38,0.860,0.7334947777314196,0.6919030010043158,3132842158588200.0,0.050722038865074204,0.21390413736823305
38,0.840,0.7320041094761853,0.6951767104698412,3074463554117225.5,0.036737825978564516,0.22893126393654226
38,0.820,0.7748924591370184,0.7373308350784896,3183252565276835.5,0.037364811464511934,0.18524844884900815
38,0.800,0.8534014696158623,0.8117424255920128,3419031332988612.0,0.05009622831670727,0.09415284780350633
38,0.780,0.9073762440336629,0.8612353330564079,3536806422287203.5,0.07211129065229069,0.01862555602173864
38,0.760,0.8999662561385979,0.8515901008898343,3407524959530992.0,0.0931717237392925,0.0054788774107187585
38,0.740,0.8261368846272786,0.779785073411379,3038095954227677.0,0.09761958629249408,0.07515761847221811
38,0.720,0.7229395439457791,0.681930189181496,2585039969815266.0,0.08485763744108474,0.1912047314995632
38,0.700,0.6598190046708741,0.6217134852867756,2291306443898663.0,0.07757716127661556,0.26169714300529145
38,0.680,0.6544718837316001,0.6133826188059142,2196014619522635.8,0.08988315292000666,0.2549527871456563
38,0.660,0.721070128451528,0.6689221939137923,2324418856622129.0,0.12298415327497977,0.15542934139023154
38,0.640,0.8229863770302172,0.7525274241214716,2535695817675726.5,0.16703834507028284,0.009507486210337273
38,0.620,0.7634348816642522,0.6937049092811944,2264442547384105.5,0.15107374328347925,0.08491219122713344
38,0.600,0.7423268543288235,0.6824644942893819,2155887830975946.2,0.11185450085614124,0.14497793912919785
38,0.580,0.8371854946694607,0.7791822459584367,2379369503257914.0,0.09093191098928347,0.07069749275321799
38,0.560,0.8261050997889118,0.7772387669506639,2291592172031386.5,0.06080335476717141,0.11177357368608558
38,0.540,0.8737672599704164,0.824989606751873,2345508904689548.0,0.023805509597968174,0.09960509635280441
38,0.520,0.9424507185797608,0.8739482188227268,2392676004214543.0,0.004013707883255137,0.046647508744467034
38,0.500,0.774706312807851,0.6913128053230624,1819866182129749.0,0.004369061677871478,0.215432724225307
38,0.480,0.9549659937496229,0.8237393631775961,2081737214264433.0,0.032267600812053404,0.009092405751892229
38,0.460,0.6051559791689701,0.5069343008604873,1227734213667786.0,0.07061428412098844,0.3234148568545373
38,0.440,0.7039427209917939,0.6023846014880047,1395472836130748.8,0.08393260295997985,0.21150425063611542
38,0.420,0.8860865044978932,0.7441776141376804,1645586595464251.0,0.10734010632929292,0.005952162927478892
38,0.400,0.7122691251880146,0.5742259659905076,1209310064399641.0,0.07047932873171726,0.21656976806572714
38,0.380,0.7756154370142153,0.5584485510157736,1117278943362408.9,0.10105240949093644,0.12331534654383453
38,0.360,0.7971937984424745,0.46181663423084496,875320140647531.4,0.13305244043155756,0.07069203649654093
38,0.340,0.7187374862094584,0.36793010959754097,658626340938448.0,0.12794646200111107,0.15465563048923323
38,0.320,0.8504963211192426,0.39244928693520437,661193189532707.9,0.13127900360739372,0.0198267889335589
38,0.300,0.7200928078300676,0.200990671444493,317462187654212.7,0.05266974700238738,0.229252762395933
39,1.200,0.5255384360567313,0.40856806368582194,2545721917664306.5,0.17861288990162338,0.29624619735403224
39,1.180,0.47083035735079,0.36280540544659473,2222905782432034.2,0.16281528692627917,0.36673303850770117
39,1.160,0.4136573979557779,0.3157404732956742,1901750522008260.5,0.1455654721559558,0.44112743212806016
39,1.140,0.3628429047145527,0.27417827852557536,1622942734090978.2,0.12994068011520332,0.5075367519507286
39,1.120,0.32257138962690696,0.2411748460956368,1402540245263256.5,0.11755373870332739,0.5601687329673155
39,1.100,0.2939678988292378,0.21736797921386447,1241519520395662.8,0.10899787212348554,0.5973075780749021
39,1.080,0.274942304424798,0.2024748262838903,1135429280880559.0,0.10539503136454803,0.6199341745836454
39,1.060,0.2674096094792417,0.19628739648981872,1080347768479005.2,0.1058993801133241,0.6269720308889992
39,1.040,0.27180924081742724,0.1989696020909452,1074447921274265.1,0.11152736508206272,0.6169637676618963
39,1.020,0.2899822685622368,0.21173548760516608,1121396314432830.6,0.12347228889718873,0.5868774858051637
39,1.000,0.3250378352595558,0.23681027924962886,1229605647537760.5,0.14360568809353244,0.5317359943232127
39,0.980,0.4335833178159174,0.32718280555962254,1664875824785851.8,0.18080758510083933,0.38608756036427244
39,0.960,0.5932275815654272,0.4695432726022876,2340518912950855.0,0.2173626335269759,0.18995542476091182
39,0.940,0.7285727919757128,0.605102749752751,2953400059940643.5,0.22295961249637022,0.048887873559856965
39,0.920,0.7693486557912149,0.6684925523643473,3193373373412751.5,0.18317685140068915,0.04750137860916112
39,0.900,0.760701131106885,0.6868221261383903,3209608683570193.5,0.12868370385438793,0.1100693944820376
39,0.880,0.7516497638321038,0.6977453836423125,3188195491132902.0,0.08233467178677421,0.1647863719256023
39,0.860,0.7355359054314262,0.6936377770217985,3097394253238165.5,0.05074017044256212,0.21183845480351557
39,0.840,0.7270521515686398,0.6903200197547199,3010891140259040.5,0.0363700922199983,0.23426259791458764
39,0.820,0.7631165925696739,0.7259892404018792,3091073528397027.0,0.03663624187742238,0.19778341128420693
39,0.800,0.8394991110218223,0.7984019241269504,3316476017923706.5,0.04901204608020284,0.10916651534559463
39,0.780,0.8994707654912922,0.8536596428525925,3457360392365835.5,0.07103648751088615,0.027609019490024228
39,0.760,0.9029549776162548,0.8544087499073469,3371666250788319.5,0.09286302617227214,0.002782767709196852
39,0.740,0.8390388638607057,0.7920033060009968,3043154580746128.0,0.09847732373203082,0.06137363113678087
39,0.720,0.7344491791191028,0.6928468836328774,2590210524050071.0,0.08559752592985792,0.1789350592297751
39,0.700,0.6618862981010596,0.6237492489425535,2267114084338809.0,0.07719040706510373,0.26001061812172754
39,0.680,0.645433212982447,0.6050705598411958,2136388514594851.8,0.08785491734763018,0.26602823715552093
39,0.660,0.7017245427514882,0.651247291196703,2231799442262837.5,0.11864095442061709,0.17913510109684652
39,0.640,0.8146954945089255,0.7452821280107979,2476657662705673.0,0.1641024402573912,0.020746114165939564
39,0.620,0.779427908586763,0.7083399242033949,2280335295582670.5,0.1532008226860126,0.06678198254962528
39,0.600,0.7430060156302294,0.6829457227065977,2127662499101010.8,0.11109411373333655,0.14504987693710114
39,0.580,0.8306309600934945,0.7728087366505689,2327369378713568.5,0.08932824163621852,0.07884573610951393
39,0.560,0.8297002748872067,0.7803648462251598,2269086350708070.5,0.06029890213517699,0.10865090547031947
39,0.540,0.8608230469864079,0.8126431385926299,2278551935071256.0,0.023065917553000956,0.1133087209613604
39,0.520,0.9526330500446973,0.8831767959853104,2384604136993612.0,0.003962292526041855,0.036421430157939645
39,0.500,0.7639746314546955,0.6813610812338331,1768938063314386.8,0.004167963600779433,0.22642122119293084
39,0.480,0.9493773819080615,0.818383610303608,2039686680365892.0,0.031007354404002107,0.015942222962400547
39,0.460,0.6237704085215847,0.5218099819141833,1246337073114870.5,0.07118145327356673,0.30419957822315574
39,0.440,0.6776596668384025,0.5788715589150969,1322513725883908.5,0.07893951727452833,0.24278523620343873
39,0.420,0.8930426496226842,0.7489714886763398,1633352325754271.5,0.10564016041682328,0.0006742635702272232
39,0.400,0.7258885216116765,0.5851909923772997,1215410329982930.2,0.07023276645766005,0.20318514058465784
39,0.380,0.7542977974141213,0.5436918544427412,1072757902263929.2,0.09644304910041959,0.14925206643189648
39,0.360,0.8148986254658729,0.47295252187486814,884067337586110.2,0.1341660973029525,0.05188495866382616
39,0.340,0.7149390335397089,0.36461818892216386,643698572303806.5,0.12543036817786982,0.16095979004664307
39,0.320,0.8546884512116587,0.3951515137937277,656566813952099.4,0.13057147198384741,0.0163409537384087
39,0.300,0.7004770089997227,0.19446501544828287,302920061580182.44,0.05051355959041325,0.2509632314675119
40,1.200,0.5399265217085776,0.41995756493976344,2579308719244019.0,0.18150598365411763,0.27897241585102006
40,1.180,0.48648109660458777,0.3750442931040714,2265067976222899.0,0.16645503171034182,0.347452393077593
40,1.160,0.42766792519740987,0.3265848576311793,1938968282702385.0,0.1489646322590939,0.42372758751442235
40,1.140,0.3737988176251643,0.2825793208483291,1648776920911896.5,0.1325524579533064,0.49397735854296515
40,1.120,0.330174501028058,0.24695668743724786,1415648669460892.0,0.11919193335225857,0.5509335290370446
40,1.100,0.2984180524303967,0.2207339808263559,1242735063812494.2,0.10965013259755896,0.5922089514436598
40,1.080,0.2764915132363182,0.20367364009311312,1125836312206729.1,0.1050743576328093,0.6187071950022984
40,1.060,0.2662257824599229,0.19546017840965346,1060427123273520.6,0.10456633743885559,0.6294880410690328
40,1.040,0.2678128047234929,0.19606801733134394,1043654542830153.0,0.1090396545348164,0.6234442848871858
40,1.020,0.28281526133409607,0.20650384550092726,1078065099111159.0,0.11955607310977491,0.5979537956162339
40,1.000,0.3141293809939822,0.22883345090204948,1171213801190869.5,0.13786992476642643,0.5483694632222729
40,0.980,0.4171393656072923,0.31466292780587884,1578295529216919.2,0.17292327337326793,0.41040110654518164
40,0.960,0.5760788853345525,0.45572690750067646,2239198403351460.2,0.21001038389776328,0.21444631266539196
40,0.940,0.7245258214421689,0.601366496793066,2893235292178358.0,0.22080925652845662,0.055090740683145754
40,0.920,0.7797978398641103,0.6771589938507656,3188564082682903.0,0.1850788842579476,0.03515851803055827
40,0.900,0.7732985309386115,0.6978401289753697,3214512511929716.5,0.130503943377009,0.09564845127354571
40,0.880,0.7603018336705761,0.7055079091069392,3177614658737836.5,0.08311252661927716,0.1553444891160491
40,0.860,0.7386868911403186,0.6964113734895276,3065356413150741.0,0.05083847630893873,0.20857980929673559
40,0.840,0.7230516213632016,0.6863633537348243,2950869781755709.0,0.036055699863030116,0.23858604471235487
40,0.820,0.7518501707121398,0.7151309414572022,3001346195205024.0,0.035942143352195435,0.20977280757816386
40,0.800,0.8251102480395722,0.7845959771792269,3212571005537081.0,0.04791605394758427,0.12467985856661518
40,0.780,0.8899515842350898,0.8445459160816022,3371588316432339.0,0.06985365911536175,0.03831733269966354
40,0.760,0.9040271544019429,0.8554060270761176,3327381284702568.0,0.09236672578464222,0.00219310621156398
40,0.740,0.8514275751133112,0.8037322537398551,3044106118250683.5,0.09926492614201331,0.04817291450520477
40,0.720,0.7471872972213919,0.7049207145300234,2597702668778651.0,0.08646674333902563,0.1653052571362717
40,0.700,0.6655550734028288,0.6272925969996808,2247423271669131.2,0.07698808920319704,0.25653552059814977
40,0.680,0.6378537939196735,0.5981216695368073,2081685518206114.8,0.08604488577311037,0.27542431229973596
40,0.660,0.6826560905782305,0.6338184292663205,2141043394925535.5,0.11439436641152696,0.20246645430712207
40,0.640,0.8020836336888754,0.7340886165648725,2404612691030836.0,0.1603137117659381,0.03716083481439648
40,0.620,0.795350172076927,0.7229303491158708,2294060240252784.5,0.15526242908382262,0.048788566143248946
40,0.600,0.7457402054255231,0.6853226507857343,2104568218601575.2,0.11063479411447677,0.14276370655652446
40,0.580,0.8238165594063436,0.7661991074881294,2274501914188752.0,0.08771069741288211,0.0872686169695963
40,0.560,0.8333479378095056,0.783532940406202,2245752840458452.8,0.059792682413493926,0.105477070083948
40,0.540,0.8478008077474464,0.8002214912724732,2211671604314869.5,0.022336878861484277,0.12708034914250776
40,0.520,0.9614155946708308,0.8910996673358792,2371626511522986.5,0.0039039361955621995,0.02761169136464256
40,0.500,0.7561366278232053,0.673995192742784,1724818789746219.8,0.0039880667357481085,0.23447458705846738
40,0.480,0.9358906279687539,0.8062319182155578,1980696327434408.2,0.029513919460487002,0.030953995177912433
40,0.460,0.6471246705894798,0.5406361742514996,1272856967618843.2,0.07216449525232774,0.27982204718611825
40,0.440,0.6531290230088239,0.5568973708227052,1254135656096914.0,0.07428921914838903,0.2719705539994058
40,0.420,0.8941727775927207,0.7487817862386029,1609612120254757.5,0.10322065728759315,0.001944956260828967
40,0.400,0.7424427764708975,0.5984658731661814,1225225573325822.2,0.07018401397116204,0.18666423759096856
40,0.380,0.7341311456979941,0.5296942904995655,1030209522164860.2,0.09204369934139352,0.17382765899557434
40,0.360,0.8320599025258445,0.483945144342304,891692900412651.6,0.13507707537713284,0.033823965505935506
40,0.340,0.7131510562737224,0.3623060810012864,630479850832403.0,0.12326265619579153,0.16490803013136132
40,0.320,0.8553413646493941,0.39621461297826494,648928933946498.5,0.12926886500701015,0.01698290201620761
40,0.300,0.6870134770887733,0.18969903226580936,291274886324249.6,0.048824404361172725,0.2660722467298596
41,1.200,0.5538917052791357,0.43101866786564585,2608073906419618.0,0.18410913725229358,0.2624109564248016
41,1.180,0.5026797618076568,0.38770740808459847,2306899497034735.0,0.17012769395470442,0.32759114263790534
41,1.160,0.4427143034187393,0.33822109471877754,1978341438360382.2,0.15258716623318808,0.40506923495843844
41,1.140,0.38585944158791635,0.29181422963669756,1677466610729067.5,0.13544671409122505,0.4790316455404671
41,1.120,0.33875028442225735,0.25346251774261164,1431443909184888.5,0.12110144789795685,0.5404551606433114
41,1.100,0.3036692167193652,0.22468694632838745,1246272737264054.2,0.11054325887250231,0.586069165497933
41,1.080,0.27870084876244,0.20535197124090396,1118317701712540.9,0.10497321868425573,0.6166011907856022
41,1.060,0.2656222498586402,0.19505134733110796,1042551188133829.6,0.10344958570888108,0.6312080583136586
41,1.040,0.26437933097124755,0.19357036350537407,1015113895335134.1,0.10678811958569963,0.6291262499346933
41,1.020,0.27624367263200034,0.20169872676920034,1037399170022651.1,0.11591744379637758,0.6081577050048738
41,1.000,0.3038453370871804,0.22130417665706026,1115917730777711.4,0.13245405919017947,0.5640592043293287
41,0.980,0.40099931095841884,0.3023687111397252,1494188852954979.0,0.1652289287400339,0.4342208356672959
41,0.960,0.5575506029541442,0.44081806721294814,2133895692768075.2,0.20220654421601292,0.24076671233504446
41,0.940,0.7173286867983992,0.5950024004508956,2820259943735839.5,0.21770306195997924,0.06539760817456744
41,0.920,0.7886639168670363,0.6844225053096437,3175080031976658.0,0.18658806372606654,0.024791721566327887
41,0.900,0.7862189252523515,0.7091237554254858,3218156139452861.0,0.13237136933679836,0.08085726480775211
41,0.880,0.7699565018543969,0.7141844347366221,3169097644292076.0,0.08400098924925009,0.14478777480358096
41,0.860,0.742985767058796,0.7002584497643288,3036682432025116.0,0.051019579490566,0.20408743714243863
41,0.840,0.7200740631004603,0.6833739209122601,2894544661369850.5,0.03579816692514293,0.24182629783527912
41,0.820,0.7412117569140021,0.7048684598084465,2914502942146459.0,0.035288221394731964,0.22109197998666727
41,0.800,0.8104186842283703,0.7704995835840776,3108171422216615.0,0.04681985835741235,0.14049699595558082
41,0.780,0.8789288920023434,0.8339988899480938,3280217513217937.0,0.06857486394626643,0.0506281035672041
41,0.760,0.9030287460714722,0.8544356003955522,3274428375125717.5,0.09167304516882056,0.003874022639742325
41,0.740,0.8629373221916463,0.8146257027511099,3039711706938898.5,0.09994371876824969,0.03596030405161365
41,0.720,0.7610293488099317,0.7180337230597404,2606873191337288.0,0.08744992643462718,0.15045534592273313
41,0.700,0.6708721681240192,0.6323877788832841,2232153600036152.5,0.07697249674829146,0.2512226073040189
41,0.680,0.6318518027271915,0.5926473169179125,2032112760567264.2,0.08446497823587146,0.2830107710083913
41,0.660,0.6642734121413144,0.6170144768347897,2053439241243419.2,0.11031308730250616,0.22494576806499253
41,0.640,0.7854665824841546,0.7192293222550162,2321079022578682.0,0.1557567367613959,0.05835095643270373
41,0.620,0.8103430406738353,0.7366967742038844,2303154251648739.0,0.15709233422869703,0.031957462301053306
41,0.600,0.7506100990060955,0.6896689934070674,2086577496374629.5,0.11048166232186646,0.1380334974647979
41,0.580,0.8170694227958962,0.759658423296983,2221717925455722.8,0.08611517582910104,0.0956026746084972
41,0.560,0.8368932783041089,0.7865979055354866,2221178087561988.8,0.059274237913420146,0.1024176370584641
41,0.540,0.8349664259666432,0.7879759762580656,2145602687543345.5,0.021625716608753606,0.1406459497346039
41,0.520,0.9680505187586532,0.8970249505036584,2352071038222990.0,0.003836222891481303,0.02097417133486054
41,0.500,0.7514594890928467,0.6694493620845353,1687836226800211.8,0.0038292937133693806,0.23932359012882434
41,0.480,0.91520742261566,0.7879010511874571,1907021041680851.0,0.027837440415416272,0.05337366274070081
41,0.460,0.675197443103157,0.5633879188159353,1306796399455098.2,0.07352317472585639,0.2503437345261275
41,0.440,0.6311425830493956,0.537134887507299,1191732011979665.0,0.07005727831409621,0.29819203060150795
41,0.420,0.8882084225788914,0.7425712830949093,1572642500243211.5,0.09999253125384033,0.011123142837465627
41,0.400,0.7617881984163446,0.6139254352239072,1238278082032617.2,0.07030166039275235,0.1671821898044332
41,0.380,0.7159123980978269,0.517026539501616,990692786474139.0,0.0879487001745042,0.19615083551277468
41,0.360,0.8468395631768829,0.49372764447264567,896256901913477.5,0.13549097961593476,0.018639678590065836
41,0.340,0.7133617586493013,0.360989208450722,618893189911626.6,0.12143013629285877,0.1665251969336983
41,0.320,0.851698047851953,0.3952605338130265,637787493570356.5,0.12727291978788047,0.022606704829299478
41,0.300,0.6804686661740829,0.18688416136989283,282706841449301.56,0.04763870781821926,0.27377896767534193
42,1.200,0.5670921718816389,0.4414830123118618,2630458207371988.5,0.18631146714026836,0.24701428170545614
42,1.180,0.5192345741156238,0.4006453655056624,2347352399844711.0,0.17375907064394072,0.3074151151653013
42,1.160,0.4587645087728765,0.3506238038919657,2019461366264820.0,0.1564071704619938,0.38521026561644245
42,1.140,0.39907727007015564,0.30192198728627356,1708975181219687.0,0.13862690280163803,0.4626437027808023
42,1.120,0.348371336372111,0.2607459694729374,1450012645011506.8,0.1232956755290601,0.5286476995843524
42,1.100,0.3097842800674898,0.22927272575663152,1252221748462509.5,0.11169040559397865,0.5788122353546091
42,1.080,0.2816156782522069,0.20754265486184595,1112928557096831.4,0.10510118043886746,0.613561276133107
42,1.060,0.2656287116071813,0.19508222605775757,1026738224792944.9,0.1025547062741398,0.6320968374327408
42,1.040,0.2615280801084455,0.19149036174217368,988818132701588.2,0.10477541977070223,0.63398777134236
42,1.020,0.27028584211389406,0.19733322966147848,999393587552234.4,0.1125593646557537,0.6174679422459237
42,1.000,0.29422611885456734,0.21425166800337547,1063800951991682.6,0.12737138437178228,0.5787515712889955
42,0.980,0.3853292974661931,0.29042547140426933,1413178239986794.0,0.15779204328395774,0.4573133086588997
42,0.960,0.5380112488137352,0.42511009560411445,2026323657008332.2,0.1940932119782701,0.26840631978883744
42,0.940,0.7069585832170634,0.5859959083574774,2735007994683376.0,0.2136465327196714,0.07982565313473605
42,0.920,0.795465638527865,0.689866626340965,3151295475236473.5,0.18759468246138264,0.016991852089527314
42,0.900,0.7991901774975971,0.7204257908211108,3219347995426135.0,0.1342404740016658,0.06601366316827668
42,0.880,0.7805440226311102,0.723708389818669,3162149818858717.0,0.08499251212308317,0.1331936346845132
42,0.860,0.748458331065243,0.7052020056722645,3011259290980879.0,0.05128529198550595,0.19833365038194348
42,0.840,0.7181840370298536,0.6814121816859525,2842008301911811.5,0.03560065378197006,0.2439154121608784
42,0.820,0.7313099417167593,0.6953047147622703,2830904309836874.5,0.034679611938474846,0.23162684012824836
42,0.800,0.7956082103941834,0.7562876412563112,3004091478943660.0,0.04573476343041201,0.15642235230693208
42,0.780,0.866550369462891,0.8221589169776887,3184098814452723.5,0.06721467715521279,0.06437885375437193
42,0.760,0.8998618630679588,0.8514043704722366,3212814346286540.5,0.09077810037565627,0.007927531868908124
42,0.740,0.8731794783144823,0.8243157166212975,3028736301887385.0,0.10047357647725394,0.02516506625241026
42,0.720,0.7757977348770867,0.7320177630028047,2616918992034893.0,0.08852626315442633,0.13458391849583126
42,0.700,0.6778671306660318,0.639062699590393,2221148895499598.8,0.07714388056339547,0.24404197983351616
42,0.680,0.6275271497183175,0.5887418381098048,1987787590699642.2,0.08312406878333543,0.28867869784318606
42,0.660,0.6469335759638444,0.6011670819928813,1970041116875733.2,0.10645468420098302,0.24615815667922422
42,0.640,0.7654042660081133,0.7012104594678956,2228253115689632.5,0.1505624612169503,0.08362516263505891
42,0.620,0.8233916601210525,0.7487170025767607,2304865291702655.0,0.15849888301508014,0.01749593869743503
42,0.600,0.7576312924252331,0.6959987404885793,2073460980584097.8,0.11062983458110759,0.13084848039045183
42,0.580,0.8107248344858975,0.7534988751149112,2169935199675457.5,0.08457689992024997,0.10347692407955697
42,0.560,0.8401880283862,0.7894209790521642,2194991554762662.0,0.05873406443976114,0.09963068961091232
42,0.540,0.8225790508048328,0.7761513978578047,2081020539805605.8,0.020939049503338324,0.15373892421023072
42,0.520,0.9717827024653484,0.9002547661620518,2324368257318952.5,0.003756983719531515,0.01727191240738395
42,0.500,0.7501632323441332,0.6679151798044761,1658163996451366.2,0.0036911727523313135,0.24074686987256613
42,0.480,0.8886316087322471,0.7645241088359848,1822084801216108.0,0.02604210552676118,0.08182855591828217
42,0.460,0.7076786193109733,0.5898017933625078,1347100766830687.2,0.07518627415049886,0.2161462978636055
42,0.440,0.612352000344468,0.5201320728959278,1136324770604474.2,0.0662950031504161,0.3207459341010287
42,0.420,0.8743759127214817,0.7297273576119453,1521759710351879.8,0.095935462678878,0.02900395766138436
42,0.400,0.7836445753351001,0.6313331685923702,1253876493996596.2,0.07054323983952306,0.1450618168731313
42,0.380,0.7002483881716026,0.5061242140536003,954941736446859.0,0.08422102891614813,0.21555179256944576
42,0.360,0.8571610322478747,0.5010791524627264,895663750844957.4,0.13509316622445589,0.008721277821670391
42,0.340,0.7155219513023986,0.360645067855918,608828644514744.4,0.11991307696280921,0.1658799981272941
42,0.320,0.8432128757834993,0.39200682735309544,622844698497493.9,0.12452337005830277,0.03381746347140966
42,0.300,0.6814090183220198,0.18615285006307597,277285466608285.38,0.04697519427287986,0.2734997013842376
43,1.200,0.5791445017452129,0.4510493555605945,2644816108410971.0,0.1879940480895155,0.2332844808323684
43,1.180,0.535893351867656,0.41366171933121043,2385159951592702.0,0.17725757635043343,0.2872678825260318
43,1.160,0.4757492298988204,0.36373877554723316,2061758332199575.5,0.16038606147043363,0.3642585090619679
43,1.140,0.41349354354054746,0.31293281934113604,1743195647390906.8,0.1420912144229517,0.4447741274941525
43,1.120,0.35911195398598184,0.2688617478885821,1471421877567322.8,0.1257870135817975,0.5154245144933958
43,1.100,0.31683102337554214,0.2345406142235704,1260668530728275.8,0.11310514650158278,0.5703568692418176
43,1.080,0.28528538148804694,0.2102813369668344,1109723169774106.8,0.10546829507165151,0.6095280707810024
43,1.060,0.26627687725957166,0.19557549229550006,1013002380670914.5,0.10188732892323771,0.6321170777159629
43,1.040,0.25927788698836934,0.18984132131398565,964748819617132.5,0.10300349878099775,0.6380080991296816
43,1.020,0.2649559912811498,0.19341736189277858,964019449008844.4,0.10948257827993979,0.6258695706122176
43,1.000,0.2853005810952486,0.20769663948990294,1014891554205101.1,0.12262945357435467,0.5924102055130678
43,0.980,0.37026657165664595,0.2789365668695645,1335739274543615.0,0.15066646316298052,0.47948760275642793
43,0.960,0.5178350985011474,0.40890047765051374,1918134335756492.2,0.18581178518944358,0.2968497912254127
43,0.940,0.6935256455038153,0.574443124368024,2638548356490870.5,0.208685396758997,0.09821897291378394
43,0.920,0.7997296888668812,0.693083005576011,3115754608325601.0,0.18799228406501348,0.01233857110508337
43,0.900,0.8118806029539868,0.7314457709892694,3216731495720338.0,0.1360561656676684,0.05150463917698784
43,0.880,0.7919584664244419,0.7339796279507692,3156144268544148.0,0.08607571369938476,0.12067954962040246
43,0.860,0.7551152874309799,0.7112506957149181,2988899580502127.0,0.05163643543916673,0.19130688283018024
43,0.840,0.7174385148943994,0.6805312739729921,2793299751888431.5,0.035465949061785476,0.24479342458861278
43,0.820,0.7222424616230528,0.6865321845548934,2750837415351928.5,0.03412086305889751,0.2412747715565286
43,0.800,0.7808572773864685,0.7421298688312385,2901082416547346.5,0.04467148287806671,0.17226628816930561
43,0.780,0.8529942952197558,0.8091954028542533,3084169074756138.0,0.06578956744352253,0.07937454368781699
43,0.760,0.8944922210304372,0.8462795390452166,3142806203677893.0,0.08968439989492331,0.014385565458218135
43,0.740,0.8817594722587329,0.8324287065664241,3010016920479716.5,0.10081486499263773,0.016221952339185254
43,0.720,0.7912546787342963,0.7466477577313858,2626869089972496.5,0.08966889706902738,0.11795587682178556
43,0.700,0.686548050069427,0.6473249642150184,2214167973227681.2,0.07750009481795246,0.23498761918428998
43,0.680,0.624962974685798,0.5864839033234305,1948745737547699.0,0.08202832410774463,0.2923386670655099
43,0.660,0.6309373100370753,0.5865561501661732,1891662684863842.0,0.10286518502784586,0.26575665924578007
43,0.640,0.7426411690588737,0.6807080851369317,2128781324705243.8,0.14489450677731447,0.1120748274362522
43,0.620,0.8333830224557488,0.7579785131017162,2296353545850350.5,0.15927723395332358,0.006722649737698859
43,0.600,0.7667369020322018,0.704250243057473,2064754515473993.0,0.11106228096770605,0.12129261428028558
43,0.580,0.8051096406676416,0.7480243584528738,2119990440128626.8,0.08312866287574486,0.11053122918325074
43,0.560,0.8431006029394296,0.791879298157183,2166891595497616.8,0.058164269530955846,0.0972560067771605
43,0.540,0.8108840707599924,0.764979412834898,2018522877655490.8,0.020282638136522937,0.16610730988315459
43,0.520,0.9719184901718123,0.9001489405146786,2287219720739404.5,0.003664549159865864,0.01720560906825669
43,0.500,0.7524210527795525,0.6695420395081761,1635829454802371.8,0.0035728959231423147,0.23857053490664826
43,0.480,0.8578586593427137,0.7375679301471294,1729949522065905.5,0.024196763110058583,0.1145480633427955
43,0.460,0.7438124089373845,0.6192467405775215,1391911841815761.5,0.0770393092600789,0.17810099971886112
43,0.440,0.5972823721185087,0.5063244244447104,1088608504500803.1,0.06303292247403992,0.3390759143707986
43,0.420,0.8526266241431635,0.7102509419948586,1457643355955083.5,0.09111510556053516,0.055571049521311575
43,0.400,0.8075399020299505,0.6502970691826743,1271048014755982.8,0.07085205704337298,0.12083213173798675
43,0.380,0.6875677688551176,0.4972952785996588,923396238792455.4,0.08089584624619163,0.23156675421328593
43,0.360,0.8610347660505842,0.504810508979438,888016543678173.6,0.13360312495696608,0.006336917420396893
43,0.340,0.7195724049592044,0.36124755327818847,600169608800139.2,0.1186902436882748,0.1630526629618279
43,0.320,0.8297207448794492,0.38634786163875,604113665354019.1,0.12102133709531399,0.05077907641866482
43,0.300,0.6902306674898429,0.18758896994029298,274991153042261.12,0.04683800737369139,0.26483517898967057
44,1.200,0.5896366487488292,0.45939371540573765,2649494916237957.5,0.18903516242717286,0.22175505234783943
44,1.180,0.5523384117325769,0.42650898225381656,2418839120512803.5,0.18051389684842334,0.2675762036133064
44,1.160,0.4935515763965063,0.3774750408425416,2104471384582463.2,0.16446986675100286,0.3423847266477176
44,1.140,0.4291322081497656,0.3248635677649468,1779928904727745.0,0.14583066760628646,0.4254079686095135
44,1.120,0.3710463140151305,0.2778642211051556,1495710169219071.8,0.12858612087804652,0.5007008329432191
44,1.100,0.32488216824486477,0.24054334704385094,1271694607353540.2,0.11480133597010177,0.560616558941456
44,1.080,0.2897638847152134,0.21360683487483006,1108755265224351.0,0.10608517518802672,0.604437092517322
44,1.060,0.2676010405660188,0.19655557377935123,1001354891936717.1,0.1014532806730644,0.6312287002455379
44,1.040,0.25764779513783514,0.1886365818354114,942879193710655.4,0.10147381938929291,0.6411667562312382
44,1.020,0.2602651739888105,0.1899587153511014,931228353107369.9,0.1066860469872087,0.6333525980368181
44,1.000,0.2770876615523452,0.20165248925074755,969170936968358.1,0.11823094049159127,0.6050135340881737
44,0.980,0.35591965764219485,0.2679835262840966,1262208115066361.0,0.14389277909859038,0.500594745186743
44,0.960,0.49738214518488727,0.39247492277085305,1810839422065411.0,0.17749566800747565,0.32560406156852273
44,0.940,0.6772687512362483,0.5605469884249796,2532425465635743.5,0.20290347310851573,0.12025491971299272
44,0.920,0.8010243123273476,0.6937006417636842,3067303275925592.0,0.18768549782022861,0.011358879885155595
44,0.900,0.8239002144418385,0.7418313045991247,3208813384352085.5,0.1377540612264867,0.03778480940585193
44,0.880,0.8040516348537015,0.7448588598540582,3150311183267045.0,0.08723474516406757,0.10740980334296567
44,0.860,0.7629487831568023,0.7183955799772198,2969332950735030.5,0.052072621096626935,0.18301538282352128
44,0.840,0.7178861320342934,0.6807763036807704,2748403616869458.0,0.03539644890772882,0.24440912521171249
44,0.820,0.7140957177343055,0.6786324489460319,2674516422056860.0,0.03361593693581364,0.2499451110162825
44,0.800,0.7663344752925803,0.7281864977967643,2799815436862129.5,0.04363991058797854,0.18784986243380222
44,0.780,0.8384612494929155,0.7952989092375861,2981410552786521.5,0.06431719775085537,0.0953965825182973
44,0.760,0.8869523739246673,0.8390916744496452,3064924629426705.5,0.08840090801430704,0.023206665464094136
44,0.740,0.8882978643005992,0.8386053727854422,2982539163551403.0,0.10093074880126698,0.0095477890039108
44,0.720,0.8070967984413785,0.7616365675636185,2635585310955078.5,0.09084453603317555,0.10090826266987915
44,0.700,0.6968961616722715,0.6571567660666126,2210873115175589.2,0.07803612160294009,0.22408326359880226
44,0.680,0.6242268203620488,0.5859375823056759,1914948339470208.2,0.08118149194262132,0.2939192788014783
44,0.660,0.616529339792635,0.5734100489419225,1818888302677950.0,0.09957955840515569,0.28346141865642305
44,0.640,0.7180277294380977,0.6584965833673275,2025490892578871.8,0.13893233530859583,0.1426695078034642
44,0.620,0.8392043965855794,0.7634676757176325,2274988148815489.0,0.15922879127442205,0.0009496942347467563
44,0.600,0.7777558527396421,0.7142663408065701,2059720208770686.0,0.1117471823243382,0.10956897096632856
44,0.580,0.8005271409790573,0.7435164667980474,2072599455648569.5,0.08179933342102873,0.11643293133181686
44,0.560,0.8455258463037568,0.7938750252640688,2136667584717842.2,0.05755914702194283,0.09540472183299217
44,0.540,0.8001078306547498,0.7546735430698012,1958617721419067.2,0.019661294299814853,0.17751917246550705
44,0.520,0.9679039682808954,0.8961974259093748,2239772100737801.2,0.0035579962853582725,0.021334493613219246
44,0.500,0.7583542785386757,0.6744327804538693,1620710590241890.0,0.0034733499197646084,0.23267322116233125
44,0.480,0.8247252074307593,0.7086168710261286,1634743127198404.2,0.0223659883971224,0.1496239825766704
44,0.460,0.7822199941307961,0.6505782673891595,1438315557655600.2,0.07891281831570326,0.13775803098653566
44,0.440,0.5863591662117645,0.4960587258749821,1049017092974732.6,0.060285432772400796,0.3527414207898144
44,0.420,0.823734723738802,0.684832185617666,1382388932843060.2,0.08568258501889271,0.08989917224692556
44,0.400,0.8327439334122511,0.6702168865948781,1288463594705196.2,0.07115382964236257,0.09529821864480739
44,0.380,0.6781479831881583,0.4907384647158917,896252729537149.4,0.07798575546212425,0.24390573183710967
44,0.360,0.8569936632472903,0.5040181768778594,872058249305818.1,0.1308410799121215,0.013132152506454107
44,0.340,0.7254681158682932,0.36277940396415104,592813840752003.4,0.11774299546897038,0.15810662661860156
44,0.320,0.8115659939387804,0.3784180459449961,581994140143864.9,0.11684481645223754,0.07307004044035627
44,0.300,0.7071300373596886,0.19122202355355822,275712184498659.72,0.04721573397373445,0.24760086929581818
45,1.200,0.5981473572907522,0.4661845806226725,2642937285475638.0,0.18931732383373354,0.21296447813982877
45,1.180,0.5681854319498616,0.43888773159081024,2446713708555143.5,0.1834021178361941,0.24885003340722395
45,1.160,0.5119959365701587,0.39169629526259875,2146619944438779.0,0.16858652052947803,0.3198364502413546
45,1.140,0.44599212287682094,0.33771173419503864,1818857642635493.2,0.1498267608045324,0.4045648620111475
45,1.120,0.3842457503626815,0.28780532851879065,1522876061607540.0,0.13170089883722289,0.48439748062611354
45,1.100,0.33401516261807307,0.2473368938608278,1285373359667829.8,0.11679286622492284,0.5495000368803596
45,1.080,0.2951101650495627,0.21756147050206776,1110077878067793.8,0.10696303611684581,0.5982182110980249
45,1.060,0.2696386639312644,0.19804904690458633,991805081263776.6,0.10125871953984784,0.6293881303785832
45,1.040,0.2566576822497247,0.18788994678010756,923176178875012.2,0.10018757837897477,0.6434426988205828
45,1.020,0.2562221951054995,0.18696311679209687,900956490154142.0,0.10416736190969236,0.6399106503772132
45,1.000,0.26959807197064484,0.19612651471322778,926582338040201.0,0.11417449402543339,0.616552225626351
45,0.980,0.34236998984523903,0.2576272805394869,1192794510871580.0,0.13749931413351182,0.5205250932349132
45,0.960,0.4769820984315532,0.37609468609197894,1705752974350356.8,0.16926464896728094,0.3542199507220703
45,0.940,0.658538556011494,0.5446028542017717,2418552246677300.5,0.19641674686224742,0.1454669864538384
45,0.920,0.7989959435659718,0.6914176063656526,3005217911248681.5,0.18659842200681995,0.014482112747303287
45,0.900,0.8348072840480374,0.7511841997749448,3194012863735673.0,0.13926165320270112,0.02536867933656602
45,0.880,0.8166272182519567,0.7561623337372206,3143731302510745.5,0.08844868245483921,0.09360194194612487
45,0.860,0.7719282944415968,0.7266062708689299,2952196764019979.5,0.052591985438020954,0.1734916019102483
45,0.840,0.7195662109988656,0.682183419621347,2707248693188525.5,0.03539412519337535,0.2427210688211769
45,0.820,0.7069446089795934,0.6716760316973633,2602084588041986.0,0.0331682271261698,0.25755929885349865
45,0.800,0.7521949620441643,0.7146048708823451,2700869907387065.0,0.042648954964756756,0.20300857952436463
45,0.780,0.8231651403831377,0.7806726140685987,2876810493957671.0,0.06281570853766653,0.11221253501843849
45,0.760,0.8773402412233865,0.8299333141918025,2979919259628616.0,0.08694264961444761,0.03427784940820197
45,0.740,0.8924539844910725,0.8425230718759579,2945514935655198.5,0.10078968006883092,0.005515320628869336
45,0.720,0.822952805631886,0.776632816404318,2641775699475934.0,0.09201340829906364,0.0838526110850674
45,0.700,0.7088591621209815,0.6685085559118956,2210816600446433.2,0.07874347587933944,0.21138969912535627
45,0.680,0.6253711872055013,0.5871528295854959,1886287026746095.8,0.0805851019458023,0.2933664022091756
45,0.660,0.6039024043354845,0.5619092266095391,1752095627533496.0,0.09662279443846074,0.29905457909816224
45,0.640,0.6924386789755657,0.6353741414263496,1921132047579181.2,0.13285457959428673,0.17435531883322414
45,0.620,0.8398758354205307,0.7642901000918726,2238708924849581.5,0.15818624250046556,0.0013249694701341346
45,0.600,0.790387573931268,0.7257711881359122,2057304996323881.0,0.11263492342338187,0.09602808045440127
45,0.580,0.7972438161657005,0.7402222226676873,2028326289670402.8,0.08061264418301026,0.12089135849283335
45,0.560,0.847393216923791,0.795342984713872,2104215370892910.5,0.05691559352351875,0.0941507015889125
45,0.540,0.7904540593773673,0.7454258095902087,1901717016016861.0,0.019078846278319784,0.18776622721691508
45,0.520,0.959400165375403,0.8880897510863417,2181764689798587.2,0.0034373416647358267,0.030000365458531696
45,0.500,0.7680195664675027,0.6826324540091131,1612518267055156.2,0.0033911146053880823,0.22299899881201005
45,0.480,0.7909852243499252,0.6791802776711368,1540188975807958.5,0.02060361609400061,0.18524168255977552
45,0.460,0.8207523693455911,0.6820178638718621,1482181160437036.8,0.08057662876165791,0.09749963419555827
45,0.440,0.5799405458347942,0.4896212329955645,1017795735033909.1,0.0580555479430426,0.36138061056238036
45,0.420,0.7892112764563777,0.654771673191809,1299232512547214.5,0.07985385158251619,0.13026068609276056
45,0.400,0.8581993687703132,0.6902300354755625,1304372253780496.5,0.07135404852781657,0.06961277146390099
45,0.380,0.6721481872229297,0.4865661872918984,873520756307478.1,0.07548644139904613,0.25241395327626553
45,0.360,0.8445043233801345,0.4983299537947543,847553653701508.5,0.1267843786420441,0.029662691194094332
45,0.340,0.7331933571474403,0.3652397580566946,586684575598989.2,0.11705751066695821,0.1510712815686689
45,0.320,0.7896367069899878,0.36861088496010963,557270227108758.2,0.11214881591881369,0.09964904348836302
45,0.300,0.7319891997402915,0.19699855641789674,279210666538083.78,0.04807504211559336,0.22194768031837472
46,1.200,0.6042714712136416,0.4711027686063633,2623800923529502.0,0.1887356990450619,0.20742251067922643
46,1.180,0.5829882517091322,0.4504503398467021,2466964524188868.5,0.18578285619276136,0.23167459778706198
46,1.160,0.5308368843941318,0.406212373430137,2186981530415947.2,0.1726435003390211,0.2969514312343537
46,1.140,0.4640373088646499,0.3514480404965451,1859516154315087.8,0.15404867301609407,0.3823115728656274
46,1.120,0.39877484829151516,0.2987315972158142,1552863069450720.8,0.13513512718560408,0.4664461482649816
46,1.100,0.34431158433068043,0.25497996261570927,1301765376496128.8,0.1190932844255163,0.5369122551325788
46,1.080,0.3013886942966605,0.2221913526922651,1113742740903356.8,0.10811369397809086,0.5907952069479164
46,1.060,0.27243096669750705,0.20008503363270122,984361111267218.1,0.10131024905148024,0.6265475956949684
46,1.040,0.25632887128402254,0.18761610370549828,905602118643258.5,0.09914589805555946,0.644813514455866
46,1.020,0.25283447623358457,0.18443523870251194,873128273922064.2,0.10192311097490203,0.6455397387059776
46,1.000,0.2628359452422515,0.19112109646019976,887038778682506.2,0.11045554598946095,0.6270267371358884
46,0.980,0.3296745361439691,0.24791014354759602,1127598139231237.5,0.1315034936406283,0.5392043429059193
46,0.960,0.456923293128266,0.35998780828859694,1603958043619484.8,0.16122120953746616,0.38230693329248633
46,0.940,0.6377702212141306,0.5269755526464512,2299070556397983.0,0.1893645022377811,0.17328093399404806
46,0.920,0.7934041901857545,0.6860311940365996,2929312258383824.5,0.18468245942934386,0.021997127174777333
46,0.900,0.8441215568060318,0.7590725778297739,3170733855949543.0,0.14050056034387048,0.014815169032302844
46,0.880,0.8294358882768794,0.7676574065603559,3135336040117580.0,0.08969101613775779,0.07953219893920307
46,0.860,0.7819958673141919,0.7358264818220713,2937026350455834.5,0.053190881028206786,0.16279727593626683
46,0.840,0.7225074695523309,0.6847785907756432,2669706002670827.5,0.03546047817237594,0.23969891867299334
46,0.820,0.7008525826289836,0.6657224500534832,2533617401630760.0,0.03278058582671774,0.2640508015063049
46,0.800,0.7385778832171919,0.701516985963081,2604726665884568.5,0.04170643612932151,0.21759508012174392
46,0.780,0.8073242768848249,0.7655238181164237,2771323907700064.5,0.06130303844196495,0.12958574507110573
46,0.760,0.8658130367430242,0.8189532065691352,2888728046573392.5,0.08532989174308968,0.04742150380604366
46,0.740,0.8939497983060689,0.8439184009260896,2898452277284764.5,0.10036780570925923,0.004426903513744547
46,0.720,0.8383859811751511,0.7912232388590095,2644024705239098.0,0.09312972624901436,0.0672720134691588
46,0.700,0.7223432977435272,0.6812915534071188,2213426079369345.5,0.07960950172992906,0.1970133880191786
46,0.680,0.6284332059413186,0.5901651415427732,1862586473854770.8,0.08023854879660565,0.2906434198227824
46,0.660,0.59320349875683,0.5521919051009062,1691484215154187.8,0.09401131221189771,0.31237262954455175
46,0.640,0.6667024350425466,0.6120981256651445,1818172152018992.5,0.1268252831243614,0.20613933859057243
46,0.620,0.8346958922786057,0.7598032340565429,2186385836314358.0,0.15603995132034637,0.008659956692489446
46,0.600,0.8041754904007347,0.7383459650242753,2056104266427788.0,0.11365508975633835,0.08119747903632325
46,0.580,0.7954776734692623,0.7383433370360488,1987560383215687.0,0.07958622494842217,0.12367047063676247
46,0.560,0.8486722639324449,0.7962557390179125,2069543601150823.0,0.05623330236568114,0.09352485967527936
46,0.540,0.7821017839447799,0.7374047748448539,1848134963713913.5,0.018538148663020577,0.19666592502659483
46,0.520,0.946339746324368,0.8757672250995128,2113615619406989.2,0.0033036306893369093,0.04327035775455536
46,0.500,0.7813860131541096,0.6941081756191254,1610761134637348.2,0.0033244273371007766,0.20958047408141267
46,0.480,0.7581555315847719,0.6505601731329107,1449314669176907.2,0.018949543953404546,0.2198384135071259
46,0.460,0.8564661064086352,0.7111341283418898,1518250144902198.8,0.0817484063792772,0.06055584356305139
46,0.440,0.5783485042472755,0.4872646404662624,995065230448401.5,0.05633900149249625,0.36467509153006233
46,0.420,0.7510554627632186,0.6217666702099123,1212022567644718.0,0.07387468041676108,0.1744094518534358
46,0.400,0.8824697963959798,0.70917170860283,1316574293317199.5,0.07133761986598974,0.04532858267995474
46,0.380,0.6696419081223846,0.4848274936784197,855076192085525.2,0.07338185632920446,0.2570340114741562
46,0.360,0.8241794339245085,0.4880398366045426,815439512990087.9,0.12158778699121285,0.05516190109004036
46,0.340,0.7427604775779642,0.3686434586784823,581727275533957.9,0.11662420743726859,0.14194375667930076
46,0.320,0.7652799090178581,0.3575414311136,531019330060318.4,0.10714784175912037,0.12895710575458214
46,0.300,0.7641546617435492,0.20472562616025308,285054197717025.75,0.04934819712661376,0.18859505814518465
47,1.200,0.6076493061271667,0.47386450229536503,2591083791695812.5,0.18720715950458444,0.20557176861548931
47,1.180,0.5962514997136694,0.46081080589866574,2477711274731547.0,0.18750882186847326,0.21669221410095624
47,1.160,0.5497496028750046,0.4207719098442921,2224081837684421.0,0.17652629624451127,0.2741687419400893
47,1.140,0.48318518299783736,0.36600746873857676,1901257035565340.0,0.15845006388041943,0.3587769528480405
47,1.120,0.4146860239759034,0.3106800199425797,1585540654552286.8,0.13888667949396094,0.44679659210428596
47,1.100,0.35585600302127884,0.26353309490181953,1320911991041606.5,0.1217152242006359,0.5227560911633627
47,1.080,0.30866977807238494,0.22754657512060172,1119799047650644.0,0.10954950332593406,0.5820854949172848
47,1.060,0.27602350907437756,0.20269558978199967,979030450820902.1,0.10161500844540497,0.6226544526386384
47,1.040,0.25668472357546296,0.1878310278904711,890116208977067.5,0.09834999169278749,0.6452546642940588
47,1.020,0.2501088551550309,0.18237916011451857,847659469980897.1,0.09994920008815916,0.6502371396379517
47,1.000,0.2568003741770584,0.18663480286539386,850430186843861.9,0.10706704369359187,0.6364450443382376
47,0.980,0.3178689846658683,0.2388582189575636,1066626330809810.8,0.1259134076725801,0.5565887824243722
47,0.960,0.4374465534805432,0.34434430065174,1506295461018380.5,0.1534487155180173,0.4095410747187265
47,0.940,0.6154500009617863,0.5080714366999125,2176199312220998.2,0.18189884480280852,0.20305866396701358
47,0.920,0.7841497156743881,0.6774617729437122,2840002071611741.0,0.18192235030677692,0.03401839750285066
47,0.900,0.8513449043499827,0.7650496549427737,3137459787284983.5,0.14138997762083108,0.006703495243065448
47,0.880,0.8421722614833832,0.7790598724806655,3123917404551987.5,0.09092933712571777,0.065538850532641
47,0.860,0.7930607942277037,0.7459690575458663,2923245567888918.5,0.05386352707440615,0.15102911205066846
47,0.840,0.7267263279217548,0.6885760059287637,2635586087941233.5,0.03559646909131965,0.23532521243807272
47,0.820,0.6958718004141231,0.6608203743011669,2469126338295224.5,0.032455355782541974,0.26936491341813823
47,0.800,0.7256047384473869,0.6890379424693122,2511765896435986.5,0.04081904030098229,0.23148082572116488
47,0.780,0.7911531191025593,0.7500560972101374,2665841863031294.5,0.05979632671439604,0.1472841995970224
47,0.760,0.8525772861562013,0.8063468427721022,2792424998338608.0,0.08358699027378307,0.06240653040237512
47,0.740,0.8925911316670438,0.8426072842834631,2841207576580667.5,0.0996509870508397,0.006491229287772666
47,0.720,0.8529030749061473,0.8049411056878998,2640843332363731.5,0.09414280983177294,0.051711088211699056
47,0.700,0.7372044909126035,0.6953693516351374,2217990187200777.8,0.08061659108600826,0.18111613901707369
47,0.680,0.6334331963986739,0.5949941671502791,1843604061091337.2,0.08013903354158054,0.28573272881770895
47,0.660,0.5845410641303921,0.544360665176183,1637105647813587.5,0.09175446493451729,0.32329770163800475
47,0.640,0.6415503502714969,0.5893384642988753,1718663272189599.8,0.1209846019019309,0.2371496785150972
47,0.620,0.82336721395985,0.749730946669735,2118083915472438.0,0.1527593706809146,0.023282631426862602
47,0.600,0.8184841037119382,0.7514078663654875,2054343313395928.8,0.11471415202000662,0.06580697463216383
47,0.580,0.7953875555823934,0.7380263838448803,1950499828575443.8,0.07873080159576235,0.12460037568290623
47,0.560,0.8493744784877129,0.7966252512456196,2032769475369389.2,0.05551469351465553,0.09351336490560772
47,0.540,0.7752043726485717,0.7307546548865639,1798089833201275.5,0.018041123043175435,0.2040623752456431
47,0.520,0.9289513558044261,0.8594451164815582,2036420812626633.0,0.0031588906650870606,0.060912425550864575
47,0.500,0.798300228888961,0.7087183652470805,1614692122056799.0,0.0032711147377560315,0.19257405282559448
47,0.480,0.7274416122461944,0.6237882941241031,1364345909453324.0,0.017429480695365856,0.25217807019542404
47,0.460,0.8858401443558234,0.7350227893656103,1540652423390397.5,0.08212506525504092,0.03075598639196663
47,0.440,0.5818934398729119,0.4892292993660659,980869363891127.1,0.055127215337119354,0.36232236086406616
47,0.420,0.7114281271337596,0.5876352506565986,1124613171297908.8,0.06798271069280727,0.21994545833664847
47,0.400,0.9037362879816822,0.7255748549985632,1322477372991722.2,0.07097298912465261,0.02439786243185369
47,0.380,0.6706458113780422,0.485528408554228,840706252900636.4,0.07164853140040361,0.25777278036702195
47,0.360,0.797680315242575,0.4740636658707042,777651844516414.8,0.11555473095275863,0.08766689748408778
47,0.340,0.754185522955068,0.37300891861130653,577888654328104.1,0.11643359311764677,0.1307174036393138
47,0.320,0.7401204503312174,0.3459620532406731,504457379329059.94,0.10208555367208097,0.15912870157830888
47,0.300,0.8021109752299173,0.2139872264482448,292519713649275.75,0.05091536037886133,0.14917418697574064
48,1.200,0.6079969375607841,0.474245239962856,2544238537315712.0,0.18467884323912387,0.20774890568490217
48,1.180,0.6074523463659168,0.46956169676884013,2477126985852026.0,0.1884329754942573,0.20457239859778878
48,1.160,0.5683239280050241,0.4350578105157935,2256205008986069.0,0.18009835898165089,0.25203478049643313
48,1.140,0.5032929970726907,0.38127895747351337,1943216944655610.0,0.16296562136719792,0.33416894287713966
48,1.120,0.4320122234866464,0.3236725241018495,1620680688464814.0,0.14294524605752754,0.4254262060712129
48,1.100,0.36873409132655954,0.2730571981736772,1342826535614901.0,0.12466959519157694,0.5069350456494357
48,1.080,0.3170297282361827,0.23368128316340753,1128291416289730.5,0.11128321312920164,0.5720000962658781
48,1.060,0.2804667599569911,0.2059160750870163,975820004283769.2,0.1021807321950704,0.6176505599601596
48,1.040,0.2577512114431754,0.1885523668109667,876675616711386.5,0.09780130064410401,0.6447387741466408
48,1.020,0.24805231179291437,0.1807988715766922,824459805045056.6,0.09824112461375249,0.6540003987959424
48,1.000,0.2514868009165576,0.182663385207486,816629570595567.2,0.10400009084408646,0.6448206129221379
48,0.980,0.3069711414835236,0.23048396548191458,1009811687853723.0,0.12072941346325737,0.5726602951216814
48,0.960,0.41874343668438974,0.3293148103435646,1413370738650803.8,0.14601122373710773,0.43566697653829467
48,0.940,0.5920805317857041,0.488309447863279,2052090834827061.8,0.1741741005986955,0.23414350882704452
48,0.920,0.7712899458361298,0.6657659611536731,2738312534435853.5,0.17833926712063985,0.05046722303841155
48,0.900,0.8559892050106331,0.7686789643973587,3092866009888998.0,0.14185127525372354,0.0016006743249001394
48,0.880,0.8544748860813707,0.7900341114047253,3108151042143002.0,0.09212533881707724,0.052022226550467426
48,0.860,0.8049939208933504,0.7569106713748891,2910158742673524.0,0.05460163142914469,0.13832487514467365
48,0.840,0.7322247376764762,0.6935760231303146,2604635510355718.5,0.035802428564289834,0.22959763242622425
48,0.820,0.6920433202680298,0.6570078022273286,2408562827285535.0,0.03219440173404382,0.27345854379087114
48,0.800,0.7133785851059653,0.6772651856425641,2422268818033260.0,0.03999232238961027,0.24455689557808008
48,0.780,0.7748551796430051,0.7344625506377034,2561166774601882.5,0.05831142757419846,0.16508812776258444
48,0.760,0.8378760714514428,0.7923443588852442,2692161830611123.0,0.08174102711439325,0.07896248007602716
48,0.740,0.8882833407245317,0.8384998046729326,2774011680808274.0,0.09863613862570834,0.011806289631985937
48,0.720,0.86597090469462,0.817281933252967,2630740404180265.5,0.09499897547359043,0.03775747535564131
48,0.700,0.7532390524407382,0.7105491338098193,2223646536276220.5,0.08174138368724344,0.16392521210685637
48,0.680,0.6403719162335693,0.6016410869985147,1829026508731953.0,0.08028134531016472,0.2786387138011171
48,0.660,0.5779921115802318,0.5384889840175223,1588891928236470.8,0.08985597095169744,0.3317490080654143
48,0.640,0.6175884443115671,0.5676515057693824,1624184524565807.5,0.11544423989649469,0.26666832417482617
48,0.620,0.8060661161955284,0.734227417968346,2035147485259972.5,0.14840304370303592,0.044957850829567894
48,0.600,0.8324873880198679,0.7641994484100797,2049894783332581.2,0.11569488653649737,0.05080084714124636
48,0.580,0.7970625298296982,0.7393530650188348,1917138422049016.2,0.07804946500630672,0.12358869607223368
48,0.560,0.8495510130421319,0.7965006678583151,1994103846672355.0,0.0547645704387345,0.0940602624237618
48,0.540,0.769889275431735,0.7255950930620652,1751707933389323.0,0.01758881562620765,0.20982655233721864
48,0.520,0.9077442465332443,0.83959805254839,1951858661221342.8,0.003005945645457247,0.08241098315234682
48,0.500,0.8184385933984932,0.7261707264274028,1623238526505686.2,0.003228499503441698,0.17230814741288172
48,0.480,0.6997306705882012,0.5996209883772873,1286742552467002.5,0.01605668648651728,0.28135645282671723
48,0.460,0.9053113513245717,0.7507492565433596,1543925507883210.2,0.08143931096627814,0.01193580331207549
48,0.440,0.5908871011242515,0.49575449137432775,975198296357367.1,0.05440879541006859,0.35402135715773875
48,0.420,0.6723515298441894,0.5540655028277004,1040360851298470.2,0.06237763084597759,0.26464512800673545
48,0.400,0.9198839534941143,0.7377429516238779,1319285108200923.2,0.07012306826489773,0.009074711782359164
48,0.380,0.6751425916272189,0.48864820354267435,830144133306569.6,0.07025884844540489,0.25467524845316125
48,0.360,0.767344704898106,0.45773131018286534,736693301883937.4,0.10906999980524984,0.12445766400420191
48,0.340,0.7674351636639055,0.3783320956244263,575076608758017.8,0.11646813293124349,0.11744290995565655
48,0.320,0.715843255285565,0.3346593067211971,478769510389808.4,0.09720127223728102,0.18824261347483545
48,0.300,0.8431137069511814,0.22405101944108244,300498133640476.25,0.05258650889927807,0.10661208594904474
49,1.200,0.6051332887868899,0.47210102584390756,2483257820092341.0,0.1811349170411385,0.21415077619700337
49,1.180,0.616071426892853,0.4762982385301589,2463579629003672.5,0.18841900231610414,0.19597049246486584
49,1.160,0.586064685099248,0.4486875959843542,2281432765083227.5,0.1832032772891371,0.23120075914367588
49,1.140,0.524143159079473,0.39709427974914774,1984285249224788.2,0.16750764995646758,0.3087926525039329
49,1.120,0.45075737758448753,0.3377087655460618,1657929188693847.5,0.14728950862790588,0.40235238441614557
49,1.100,0.3830297175835703,0.2836113178312119,1367482775135049.2,0.1279644624257607,0.4893572680940812
49,1.080,0.3265507826089356,0.24065354556955604,1139256831967831.8,0.1133277134236836,0.5604439724893776
49,1.060,0.28581663139963387,0.2097854913181051,974735842789068.6,0.10301577063011454,0.611471724414213
49,1.040,0.2595574680020851,0.18979980294960816,865236273400466.1,0.09750160082824195,0.6432349789678963
49,1.020,0.24667261793807468,0.17969872170865103,803435063234694.8,0.09679419019181383,0.6568264611234219
49,1.000,0.24688823490187742,0.17920064674093486,785498200287332.5,0.10124448915934355,0.6521706403884208
49,0.980,0.29698427270514094,0.2227887189852883,957028549673995.8,0.11594566703318264,0.5874214889588611
49,0.960,0.4009579204551682,0.3150120165092341,1325573994712315.0,0.13895451819648427,0.4604950518175105
49,0.940,0.5681492463403965,0.4680948760810388,1928711910630084.0,0.16633740510198397,0.26590120787670607
49,0.920,0.7550392325995083,0.6511362647283806,2625822303193700.5,0.17399026015870964,0.07107212660807104
49,0.900,0.857609834584392,0.7695645283945091,3035939918450613.5,0.14181346712614068,2.2542697279438526e-05
49,0.880,0.8659305236769458,0.8001972262132624,3086635418996119.5,0.09323526864076133,0.03943997019843392
49,0.860,0.8176219287374624,0.7684865171642591,2896945501894524.0,0.05539400559226782,0.12486950592193875
49,0.840,0.7389874701907064,0.6997626114897143,2576532600959073.0,0.03607793710758774,0.2225318459691071
49,0.820,0.6893971998221883,0.6543121592766797,2351822088624458.5,0.03199913669673131,0.27630008705556197
49,0.800,0.701983928788355,0.6662784049317485,2336422317585984.0,0.03923074601922689,0.25673405761716833
49,0.780,0.7586173646308464,0.7189204196771027,2457995273675544.0,0.0568625512330254,0.1827960315561863
49,0.760,0.8219748832909539,0.7771971173968001,2589109361744388.5,0.07982037845605751,0.09679515115672105
49,0.740,0.8810390636508584,0.8316075423423642,2697464643147968.0,0.09733166758615618,0.020351167249091067
49,0.720,0.87704108233503,0.8277268802700658,2612312792149127.5,0.09564420280444329,0.026014413975599733
49,0.700,0.7701748940749163,0.7265733674367604,2229375049780655.0,0.08295404157642942,0.1457428492708101
49,0.680,0.649226349883941,0.6100846191804523,1818463592577181.8,0.0806574724246009,0.26939235205651524
49,0.660,0.5736085420722817,0.5346270383498106,1546680023185674.5,0.08831515417348042,0.3376752767093211
49,0.640,0.5952892815632204,0.5474722808579825,1535846211779679.8,0.11028692713636447,0.2941397762006886
49,0.620,0.7834323664321959,0.7138685894811982,1940061888926481.8,0.14311338651047287,0.07290281351392656
49,0.600,0.8451788841702399,0.7757978504806503,2040353625130513.0,0.11645887624146779,0.03732524190019132
49,0.580,0.8005104946987242,0.7423297621689593,1887254580988859.0,0.07753692438827124,0.12063273560449156
49,0.560,0.8492862753754368,0.7959622393470132,1953827031373778.2,0.05398953038297243,0.09507447531128894
49,0.540,0.7662580034621106,0.7220211625916777,1709028513087454.5,0.017181458880621177,0.21385625872485584
49,0.520,0.8834553817477279,0.8169107355207376,1862016686841495.2,0.002848125546306553,0.1070204587284178
49,0.500,0.8412485599447643,0.7459706646185813,1634923269479444.2,0.003193299489440919,0.14934243160808217
49,0.480,0.6756283670795238,0.5785715313963185,1217317651241658.0,0.014834662925846773,0.306761726571924
49,0.460,0.9120634048917112,0.7559990831287021,1524350094754297.2,0.07952930441069651,0.00707773923476643
49,0.440,0.6056377787930176,0.5070747647123265,977980726231020.1,0.05416922767708987,0.3394775838086292
49,0.420,0.6355081549651548,0.5224498928762888,961832741033148.1,0.05720543131560243,0.30667845587742326
49,0.400,0.9287144516362644,0.7439237455706602,1304349674901660.2,0.06866413864970965,0.0016835378162574808
49,0.380,0.6830965760815391,0.49415053333589143,823092201021205.9,0.06918321765969591,0.24780673503406256
49,0.360,0.7357010660900231,0.4405065190685424,695121085358722.6,0.10252178078047564,0.1626202190695589
49,0.340,0.782342354089327,0.38454554045252115,573102519729307.4,0.11669027293459601,0.10232447823944586
49,0.320,0.6940038796707961,0.3243627833222902,454974041084904.06,0.09270286752731785,0.21453815977685528
49,0.300,0.8829632660660977,0.23381287685884514,307464728476349.8,0.054094414805696295,0.06536415814600788
50,1.200,0.5989996893751103,0.4673839561422031,2408714061239849.5,0.17660030939762975,0.22481115287979136
50,1.180,0.6216311295077999,0.48064815092866936,2435787989786272.0,0.18735324031981768,0.1914774728483487
50,1.160,0.6024012499875787,0.4612208735375253,2297720213113566.0,0.1856699152380965,0.21240801465737622
50,1.140,0.5454287738511582,0.41321713254803116,2023081471265312.2,0.17196318423150042,0.2830676948536311
50,1.120,0.47088432202986924,0.3527570394317081,1696773658116702.0,0.15188375305212054,0.37764797881979595
50,1.100,0.39882068714434066,0.2952494056107606,1394799935672994.0,0.13160353648149417,0.4699413218727423
50,1.080,0.3373206542737114,0.24852494378755827,1152720299707978.8,0.11569563699102858,0.5473168742255502
50,1.060,0.2921349546045568,0.2143467689135679,975782461876545.4,0.10412906085664227,0.6040472546249557
50,1.040,0.2621363111097984,0.19159539180489976,855753334730000.9,0.09745307587541605,0.6407083265550388
50,1.020,0.24597891087147403,0.17908380484758968,784488689067575.0,0.09560368309466749,0.6587109277087708
50,1.000,0.2429962914235783,0.17623917951755308,756889819505888.1,0.09878917959045072,0.6585145775503758
50,0.980,0.2879002079374309,0.21576503278678535,908107663831347.1,0.1115515111387597,0.6008912082412132
50,0.960,0.3841904802991654,0.3015139162347107,1243107813436496.0,0.13230796221801452,0.48389559746266725
50,0.940,0.5441030893420504,0.4477984366919628,1807759399014331.2,0.15852138462863608,0.29775249099340323
50,0.920,0.7357528396232754,0.6338866965431028,2504549768986156.0,0.16896398915574715,0.09538914251257066
50,0.900,0.8558415780487868,0.7673830784818826,2966094129685608.5,0.1412190153077659,0.0023920200435353554
50,0.880,0.8760839287024752,0.8091282671584743,3057949065534603.5,0.09421095460274122,0.028296216516174966
50,0.860,0.8307221260227734,0.7804854989335976,2882660460786701.0,0.056226206570886145,0.11090070234207595
50,0.840,0.7469788295604701,0.707100253635479,2550882654140326.0,0.03642167532034826,0.21416495375860112
50,0.820,0.6879524370093576,0.6527502441344778,2298746583878941.5,0.03187053885839591,0.277869466216223
50,0.800,0.6914871312021292,0.6561399248766108,2254325652990238.5,0.03853774969888176,0.26794229441761
50,0.780,0.7426058601909582,0.7035871765418402,2356908484046644.0,0.05546203219576413,0.20022904091337534
50,0.760,0.8051474706860918,0.7611642859070734,2484403867626017.5,0.07785334674062187,0.11560212805420131
50,0.740,0.8709767874878585,0.8220422227346257,2612498478251803.5,0.0957569230223757,0.03198801329591187
50,0.720,0.8855819669796194,0.8357729798391427,2584348181515713.0,0.096027453463176,0.01706542753963841
50,0.700,0.7876645781575481,0.743113241209945,2234000373731130.0,0.08421772996507534,0.1269537604314347
50,0.680,0.6599439598324087,0.6202755782813641,1811439345136772.2,0.08125604115901071,0.2580575311716361
50,0.660,0.5714221610135017,0.532806304924805,1510231388878768.5,0.08712792313149331,0.34104875259555084
50,0.640,0.5749988899639961,0.5291205468934151,1454336158690982.5,0.10556876529962227,0.3191617752973498
50,0.620,0.7564791314175283,0.6895709615000386,1836119131110997.2,0.13709703231070214,0.10589685083173603
50,0.600,0.8554147015204268,0.7851541698078128,2023188712624283.8,0.11685345390329983,0.026678170522454737
50,0.580,0.8056454442798748,0.7468758540656313,1860401214509899.2,0.07717869675630315,0.11583305504837911
50,0.560,0.8486879124756816,0.7951118722093079,1912257912973256.5,0.05319718546524256,0.09644061407683348
50,0.540,0.7643858990761752,0.7201031746832709,1670008520454842.5,0.016818526189030802,0.21607630518487606
50,0.520,0.8569703059356798,0.7922044859095142,1769175198366631.5,0.0026889273190997885,0.13384533509192073
50,0.500,0.8658857520143319,0.7673661592155189,1647793740681005.5,0.003161550575318244,0.12453131958214093
50,0.480,0.655516152115338,0.5609599485664691,1156387247056747.8,0.013759983391861165,0.32801405344560824
50,0.460,0.9048044627686194,0.7497178021359859,1481105029009557.8,0.07639404522038994,0.01747671756342923
50,0.440,0.6264190936048624,0.5233943098028082,989035487654116.9,0.054388352623477854,0.3184368915546413
50,0.420,0.6021589090996252,0.4938204361846261,890735067939004.1,0.052556437684091434,0.344692897572556
50,0.400,0.9282874086638478,0.74258510973131,1275664381123178.8,0.06651090738514953,0.004252261783365918
50,0.380,0.6944603012132664,0.5019881554358828,819232679434734.5,0.06839111434299257,0.23724527449622496
50,0.360,0.7050506726919537,0.423740376546685,655137637839150.1,0.09624048669752433,0.19952529476895742
50,0.340,0.7984934659184775,0.39146394059161216,571611400657360.1,0.11702757195954205,0.08584738580955284
50,0.320,0.6759077739523672,0.3156856385462043,433845407830740.1,0.08875122121346367,0.23655127302912612
50,0.300,0.9162271638421459,0.24185865883851257,311611227086968.5,0.05511610664188255,0.031171034736621844
51,1.200,0.5896683697896867,0.4601489725814906,2321743355668435.5,0.17114057807619631,0.23959236591135977
51,1.180,0.6237372979150901,0.48230414871977145,2392971430489115.0,0.18515660451332855,0.19156635448052223
51,1.160,0.6167089061538898,0.4721759127062924,2303012665266984.0,0.18732101234416804,0.19645806874605298
51,1.140,0.5667415901138455,0.42933411366784696,2057949709566961.5,0.17619233625147812,0.25754188344928874
51,1.120,0.49230008644473205,0.3687432497617052,1736507287180482.2,0.15667398476244968,0.3514598818934299
51,1.100,0.41617273503873653,0.3080157955199408,1424623756347684.5,0.1355841883997957,0.4486241716558485
51,1.080,0.34943155198884096,0.2573597624270425,1168688878237180.8,0.11839877084654353,0.5325149087774851
51,1.060,0.29948986126197624,0.21964697452235146,978961470670980.6,0.10553003382911326,0.5952996733989939
51,1.040,0.26552473654840836,0.19396387056815617,848181293355780.8,0.09765835339857917,0.6371192488941005
51,1.020,0.2459821924628881,0.178960290344757,767522924803276.8,0.09466499082582067,0.6596474368382025
51,1.000,0.23980205246739358,0.17377096986099974,730653945285415.6,0.0966225863153139,0.6638729248002114
51,0.980,0.2797020940012873,0.2093987521541954,862848748736661.1,0.10753267878645095,0.613100579271661
51,0.960,0.3685035645169774,0.2888682107667164,1166018640004988.0,0.1260867903154779,0.5057910308282031
51,0.940,0.5203311157778417,0.4277419518499846,1690613019178488.8,0.15083933347080375,0.3291952883708299
51,0.920,0.7138971324013201,0.6144265116284418,2376798050646260.0,0.16337337053846093,0.12283898096748867
51,0.900,0.8504324317418628,0.7619142331217681,2883255337530496.5,0.14002922598807846,0.008999893281325168
51,0.880,0.884453973740826,0.8163833075487303,3020725744941412.0,0.09500149512513645,0.01912375171154829
51,0.860,0.8440184920931634,0.7926466187909657,2866240123664067.5,0.05708025348026267,0.0967131701747374
51,0.840,0.7561387972397959,0.715530317614456,2527212928383834.0,0.03683124297202009,0.20455953963397341
51,0.820,0.6877166745199653,0.65232795047252,2249128911644103.0,0.031809155406497654,0.2781584262645739
51,0.800,0.681937165308911,0.6468954262569859,2175998422566612.0,0.0379158283493671,0.2781299656444818
51,0.780,0.7269635147673367,0.688598036198261,2258368934511166.0,0.054120214205109235,0.21723365359997865
51,0.760,0.7876628815359021,0.744500545012857,2379102322419522.5,0.07586696285627323,0.13508695827574005
51,0.740,0.8583103733677123,0.8100058077060339,2520312312739370.5,0.09394071732957736,0.04647400662201638
51,0.720,0.8911153103795453,0.8409678066373409,2545929514658021.5,0.09610435359379557,0.011433944024805964
51,0.700,0.8052819559245318,0.7597655015863238,2236207596521406.2,0.0854884720411618,0.10802864290199582
51,0.680,0.6724354358720703,0.6321300210318125,1807381520833969.0,0.08206159380631367,0.24473903186385845
51,0.660,0.571448066163439,0.5330426557907842,1479246015882422.5,0.08628745126469214,0.3418611267371942
51,0.640,0.5569529295365961,0.5128153435992295,1379988583560127.2,0.10132320483302734,0.34146514228624414
51,0.620,0.7264477413598066,0.6624599974572569,1726974228758201.2,0.13059597379207163,0.1424556388138633
51,0.600,0.8619974791828419,0.7911703770517761,1995978124015416.8,0.11672391582604229,0.020213228505448128
51,0.580,0.8122734537055336,0.7528108566970754,1835897269289852.0,0.0769502493177632,0.10940837650643163
51,0.560,0.847874098114558,0.7940611776085524,1869719679309999.8,0.05239527225431093,0.09803260145862526
51,0.540,0.7643212801356305,0.719885900432337,1634526387304876.2,0.016498770818778614,0.21643933492027229
51,0.520,0.8292343114553049,0.7663549381653514,1675590203264872.5,0.0025316925061253494,0.16192996342334803
51,0.500,0.8911610635919122,0.7893016869521121,1659386467294578.5,0.0031286023406284984,0.09907730370471647
51,0.480,0.6396121219359706,0.5469656610030882,1103915440330850.9,0.012824782599655892,0.3449020210457113
51,0.460,0.8841713219379136,0.7324416618610334,1416659178255114.0,0.07220502648494133,0.04232368714397756
51,0.440,0.653400056525734,0.5448293999452027,1007970263354028.6,0.05503505734043926,0.290760822832165
51,0.420,0.5731589864028344,0.46886533033652356,828003017711320.0,0.04847287944918789,0.37778997512425483
51,0.400,0.9173312709489353,0.7327438909851481,1232385858835544.2,0.06364157975887359,0.018075974035114108
51,0.380,0.7091693789218836,0.5120992994866856,818224137564024.9,0.06785088366735362,0.2230869423218512
51,0.360,0.6772213002311764,0.4085213868056363,618374834225974.2,0.09046753503653311,0.23310563788940072
51,0.340,0.8150993662883169,0.3987220854597428,570011631493177.8,0.11735723083935036,0.06892219287971578
51,0.320,0.6625637700437388,0.3091000929260113,415894926643055.1,0.085456135119477,0.2531650421305556
51,0.300,0.9371958370431931,0.24671544423747316,311208965753854.7,0.0553361860807098,0.010042000045583888
52,1.200,0.5773381002197134,0.4505505603372448,2223972760705384.5,0.16485772090745554,0.25819384579428
52,1.180,0.6221185575156599,0.48105459816871615,2334968687878643.5,0.18179463520594702,0.19654284049856316
52,1.160,0.6283432816466555,0.48105629979916215,2295401066880586.5,0.1879852479243823,0.18416615376420578
52,1.140,0.587565472091586,0.44504996698856647,2086980100179675.5,0.1800287955249931,0.232897256378124
52,1.120,0.5148388302064939,0.38553816571174043,1776192708699630.8,0.16158374253754199,0.3240302633823077
52,1.100,0.43513132355760425,0.321939065712312,1456703111996865.0,0.13989490525020734,0.4253719233150343
52,1.080,0.3629784622812799,0.267223627908692,1187143707327461.2,0.12144722137199224,0.5159330916465158
52,1.060,0.30795601910734993,0.22573740102103598,984269594518383.5,0.10722843915797331,0.5851446579873055
52,1.040,0.2697643725065196,0.1969329306869977,842473728390902.9,0.09812049963048318,0.6324231138406189
52,1.020,0.24669575551140532,0.1793356942128462,752439512793125.2,0.0939736736086013,0.659627166866625
52,1.000,0.23729675745036957,0.17178787775105042,706638341269531.9,0.094732869127309,0.6682662899274509
52,0.980,0.2723667443006024,0.2036707818536131,821030876168218.4,0.10387229596801396,0.6240896607960177
52,0.960,0.35392764322564646,0.2770971377497344,1094228334264741.8,0.12029453644107493,0.5261474169090756
52,0.940,0.4971550513100767,0.40819067570297596,1578322024987912.8,0.14338283797218737,0.3598165358287136
52,0.920,0.6900107833408171,0.5932262832975338,2244982165968645.0,0.1573463089777051,0.1527550897868601
52,0.900,0.8412701461872553,0.7530640076825911,2787912147251743.0,0.138228401812749,0.019974109118944358
52,0.880,0.8905562615275888,0.8215164752275428,2973744372085728.0,0.09555562621998315,0.01245899836022034
52,0.860,0.8571799255563196,0.804657455282503,2846519571485082.5,0.0579344807006464,0.08266052755444338
52,0.840,0.7663786780258791,0.7249669662858507,2504968030573256.0,0.037302948950608934,0.19380825005091484
52,0.820,0.6886856081108346,0.6530397083726182,2202714067639677.2,0.03181509014427064,0.2771711410310693
52,0.800,0.6733665601674109,0.6385748474071042,2101389117116286.2,0.0373666205504922,0.2872627745286997
52,0.780,0.7118085531298028,0.674064734671589,2162722969494806.5,0.05284543361232728,0.2336830424149294
52,0.760,0.7697745563871411,0.7274457432987663,2274148826475386.5,0.07388602825022068,0.1549710342904311
52,0.740,0.8433310690617773,0.7957734766492872,2422288476499348.0,0.0919191227053745,0.06348156169854229
52,0.720,0.8932534776976929,0.8429446843237018,2496526936263148.0,0.09584080330358277,0.00954240896284529
52,0.700,0.8225244354417113,0.7760546192677942,2234575391763457.0,0.08671556679175019,0.08952150091903492
52,0.680,0.6865661521243301,0.6455211766099099,1805610577630014.5,0.08305373720304222,0.22959193510082934
52,0.660,0.573686208732324,0.535337758002797,1453371015400089.5,0.08578454298038908,0.34012160760151156
52,0.640,0.5412970285569331,0.49869342061242705,1312859635618388.2,0.09756562128211217,0.3608888505379678
52,0.620,0.6946458775055743,0.6337231626749886,1616203168830859.5,0.12385696201214189,0.18102373536621488
52,0.600,0.863800476614668,0.7928130232076943,1956711103218488.0,0.11593056186340704,0.0191983045896277
52,0.580,0.8200784228417581,0.7598413447485981,1812823815137726.2,0.07681620402523467,0.10171066815764247
52,0.560,0.8469592614953841,0.7929180883805768,1826505716467308.2,0.05159073419125699,0.09972888899853816
52,0.540,0.7660835921974767,0.7213868618916319,1602384265840398.2,0.016220243017178903,0.21492766550899817
52,0.520,0.8011702746280394,0.7402160371822584,1583312050666722.8,0.0023793527677626047,0.1903416014969573
52,0.500,0.9155210308121322,0.8104017500089856,1666767631934300.8,0.003089250436588046,0.07455064327110054
52,0.480,0.6280252399785287,0.5366742621166318,1059635961323104.2,0.012018703019439329,0.3573262686587299
52,0.460,0.8525412035190877,0.7061397717493175,1336143760730245.5,0.0672642174372518,0.07893608758510644
52,0.440,0.6865207046848631,0.5713062474899252,1034013796095820.5,0.05605858565606966,0.2565598398911748
52,0.420,0.5490321156569653,0.447993530924511,773972832595967.2,0.04496085751530517,0.40543904265509784
52,0.400,0.895597735048281,0.7142459739340853,1175201875444640.0,0.06011352959165532,0.043346425820343974
52,0.380,0.7271217689206566,0.52439294288515,819681472233490.5,0.06752817594798072,0.20546814211690623
52,0.360,0.6534969240897291,0.3956275595013036,585859830064345.4,0.08535168941302887,0.26192991799147597
52,0.340,0.8308797386844701,0.4057190533203989,567425702490966.8,0.11749442965863634,0.05301194390543396
52,0.320,0.6546911455080142,0.30493867668328645,401390577265614.8,0.08287999807061375,0.26359901111672823
52,0.300,0.9414917583363389,0.24726858406210456,305137005667402.3,0.054541664483185,0.006555416692925171
53,1.200,0.5623174656156426,0.4388297201249123,2117400486709922.2,0.1578824723945248,0.28017653642508894
53,1.180,0.6166566687864782,0.4768071879798229,2262301746748350.0,0.17728377024100114,0.20650871450978625
53,1.160,0.6366868124268854,0.48738684037998214,2273304008788197.5,0.18751200320700603,0.1763000224127369
53,1.140,0.6072792796974382,0.4598900514180181,2108067902754993.5,0.18328351548064695,0.20994351286600083
53,1.120,0.5382433263874178,0.40294366421834793,1814629988576052.8,0.16650999943264652,0.2957191698810722
53,1.100,0.45571078999534,0.3370239634045212,1490662054400739.8,0.1445121211996107,0.40019383578804407
53,1.080,0.37805642256236827,0.2781813990352527,1208029589675248.5,0.12484826531347976,0.49746922024428425
53,1.060,0.3176146506711463,0.2326734873063441,991695845855492.5,0.10923406395943497,0.5734913029444102
53,1.040,0.2749018830158779,0.20053344432054168,838582668209114.1,0.0988429660375447,0.6265698758600975
53,1.020,0.24813553816695166,0.1802190931801378,739139993024196.6,0.09352548690636339,0.6586384599263736
53,1.000,0.23547233423350017,0.1702819975016153,684690757889009.9,0.09310809087086934,0.6717146904562326
53,0.980,0.2658665700756878,0.19855853663720105,782420766678432.4,0.10055168439663,0.6339047121852188
53,0.960,0.34046721710877126,0.26620226272857084,1027563585263667.5,0.11492537957246166,0.5449661188210776
53,0.940,0.47482679193982275,0.389351389838866,1471618749949774.8,0.13622147912296373,0.38929496690876053
53,0.920,0.6646629768154361,0.5707815352227709,2111462984112941.0,0.1510159200713287,0.18443522203806464
53,0.900,0.8283968510984572,0.7408775014460496,2681110081333640.0,0.13582600762347938,0.03526297909992596
53,0.880,0.8939313132079202,0.8241060700499964,2916026824953937.0,0.0958246698559843,0.008810834500162314
53,0.860,0.8698217995203893,0.8161557640681809,2822261381089460.5,0.05876360010345138,0.06915368499558384
53,0.840,0.7775764033797656,0.7352927541032477,2483506505618002.0,0.03783157785899139,0.18203874098875883
53,0.820,0.6908420541015815,0.654867603699071,2159201078371934.2,0.03188797232648643,0.27492518088368717
53,0.800,0.6657923989584933,0.6311933357460571,2030383715330143.5,0.036890993385120224,0.295322683409302
53,0.780,0.697234388134499,0.660075351182517,2070207357764670.0,0.0516440790219496,0.249477186163088
53,0.760,0.7517119546458488,0.7102169540504077,2170352906757723.0,0.07193242755182366,0.17500266942701398
53,0.740,0.8263845659187244,0.7796719169873593,2319900406670547.0,0.08973284120610607,0.08262392707177688
53,0.720,0.8917321001454264,0.8414535668296995,2436062249532936.5,0.09521599208705409,0.011676563391301326
53,0.700,0.8388229209551007,0.7914422157029175,2227629608014746.0,0.08784275071088722,0.07205853891669792
53,0.680,0.7021467919742954,0.6602705961202981,1805330002123681.0,0.08420621993233607,0.2128319348427652
53,0.660,0.5781210032777206,0.5396786576977296,1432204087460100.0,0.08560768327110814,0.33585726193751503
53,0.640,0.5281075401508781,0.48682810530949316,1252798850947434.0,0.09429776503053941,0.3773548056921041
53,0.620,0.6623059400895601,0.6044810369574704,1506954363619157.8,0.11710585576956749,0.22014196503818648
53,0.600,0.8599168489107554,0.7892500531903887,1904108097197093.2,0.11436823814864483,0.02464656910900349
53,0.580,0.828609933076227,0.7675498314890364,1790029976505286.5,0.07672982915162385,0.09323782540003382
53,0.560,0.846039433550223,0.7917731490585288,1782848854588689.2,0.050788855495369226,0.10142800795587284
53,0.540,0.76966026705316,0.7245934096375815,1573308428172347.5,0.015980281647474445,0.21155645499706693
53,0.520,0.773614934805706,0.7145612006891988,1494061602300207.8,0.002234270486415872,0.21823478458857054
53,0.500,0.937091735714952,0.8290106503217389,1666693892469365.0,0.0030380691539668254,0.05284484628315039
53,0.480,0.620798215260075,0.5301144300475438,1023143602830831.8,0.011330276661057362,0.3652550612100128
53,0.460,0.8133492681011004,0.673649643478211,1245998861814946.2,0.06192753328550558,0.12351784266017209
53,0.440,0.7252983727741734,0.6024023966702413,1065773940968784.8,0.057376220065856416,0.21639964900474892
53,0.420,0.530066657512417,0.4314165466311805,728570895205191.2,0.04200270678554498,0.4273687737628541
53,0.400,0.8640134818692028,0.6878808192185725,1106366254468230.0,0.05606117059471954,0.07900218203186704
53,0.380,0.748136602761404,0.5387196383459096,823137019148467.1,0.0673828755239546,0.18460984333345962
53,0.360,0.6346674398175712,0.38554964078610215,558095516059589.1,0.08096245564455772,0.2851396743941966
53,0.340,0.8440139155972053,0.41159377018773247,562695496644325.3,0.11719162922356913,0.04018202271162958
53,0.320,0.6527491775810907,0.3034068431341851,390392153105506.75,0.08104448375520257,0.2673729918856678
53,0.300,0.9276369484983971,0.24316261052047497,293321421871306.8,0.052703742639357794,0.022213740072622494
54,1.200,0.5449984630638512,0.4252933105739887,2004246749342468.8,0.1503642460303504,0.3049993346708679
54,1.180,0.6074020993136012,0.4696010866219202,2176168354442452.2,0.171692417005293,0.22134520293304558
54,1.160,0.6412030523129642,0.49075546637649464,2235653660568965.8,0.18578714971318805,0.17350988929967462
54,1.140,0.625173236679619,0.4733131232216324,2119018690865113.2,0.18575252200846434,0.18959385040817095
54,1.120,0.5621468062450359,0.42067934423780023,1850336010681941.5,0.17131979620969845,0.26702603169418504
54,1.100,0.47788046344448487,0.3532411307332106,1525967701670091.2,0.14939640651719216,0.3731600031854056
54,1.080,0.394756445219726,0.2902940648080646,1231241661110913.8,0.12860480811585584,0.4770294880141933
54,1.060,0.3285532383167837,0.2405144967850285,1001217688177318.6,0.11155631572400636,0.5602428324131482
54,1.040,0.28098930198229904,0.20479963037218113,836457535235000.1,0.09982947948258741,0.6195038526003078
54,1.020,0.250320405359662,0.18162127987514204,727525623230247.2,0.09331635425808897,0.6566665682623668
54,1.000,0.23432178119226116,0.1692459075268183,664660034942184.4,0.0917363065678837,0.6742370830830682
54,0.980,0.26017110664994775,0.19403708502770656,746779190393574.4,0.09755097588068419,0.6425960545982107
54,0.960,0.3281063761298591,0.2561689063119487,965781845127831.6,0.10996626679696732,0.5622761207260144
54,0.940,0.45353121823057113,0.3713749019832862,1370950561817059.2,0.1294040827971268,0.41739704664706145
54,0.920,0.6384143277258252,0.5475788794693166,1978408212533507.0,0.14451155374648636,0.21718948752330622
54,0.900,0.8120087922063738,0.725538148032364,2564390454593404.5,0.1328563916562173,0.05463572664967475
54,0.880,0.8941761583093546,0.823783731718885,2846933175997995.0,0.09576583502493938,0.008625653095397694
54,0.860,0.8815119562723744,0.8267352560178771,2792198566435096.0,0.05953904783463092,0.05665448995915288
54,0.840,0.7895717604868537,0.746354167427083,2462099717330463.0,0.03841014417149188,0.16941871212973691
54,0.820,0.6941546495767522,0.6577801511454656,2118244106456642.0,0.03202690478209012,0.2714528698116134
54,0.800,0.6592172589745896,0.624752143779537,1962813932851698.8,0.03648911837530299,0.30230689637371577
54,0.780,0.6833102673569851,0.6466949240269672,1980958807948829.2,0.05052070422727426,0.2645421107163959
54,0.760,0.7336748318516919,0.6930030463266643,2068379029928894.0,0.07002470782103959,0.19496325261157968
54,0.740,0.8078461148901227,0.7620557768262725,2214623323686617.0,0.08742447772458442,0.103482826654427
54,0.720,0.886433004066205,0.8363827170914263,2364933518010386.0,0.0942243221631268,0.017960548090782617
54,0.700,0.8535609958544117,0.8053452345054497,2213917959200673.5,0.08881023006476195,0.05631692629804222
54,0.680,0.71892393374923,0.6761392699352384,1805620443038567.5,0.08548603132845303,0.19474566974763172
54,0.660,0.5847189114983821,0.5460354746921191,1415292432028100.5,0.08574277678118639,0.3291156941106465
54,0.640,0.5174103616140187,0.4772464437769175,1199510530473432.5,0.09151165557905214,0.39084512026024887
54,0.620,0.6304865687726652,0.5756974741383959,1401739796834489.0,0.11053077095886712,0.25856281483980115
54,0.600,0.8498042001226114,0.7799833245140423,1837883413436189.2,0.11198421440828644,0.037153854669413934
54,0.580,0.8372771100711804,0.7753892041628436,1766156295162304.2,0.07663316640090079,0.08463969978744758
54,0.560,0.8451782862812179,0.7906864851354248,1738896497588180.5,0.04999251132033518,0.10306331207214844
54,0.540,0.7750020737750208,0.729458387097778,1546947845515518.2,0.01577547959358602,0.2063784077507601
54,0.520,0.747278837563696,0.6900464365594378,1409168904439107.8,0.002098175882069688,0.2448917632985305
54,0.500,0.9538145338590653,0.8433132861563489,1655923757432859.8,0.002969974799293419,0.036039396739753066
54,0.480,0.617937688003441,0.5272838690953148,993955892876569.6,0.010747811843392348,0.36869309868545247
54,0.460,0.7702498595465671,0.6379853174842557,1152523808816272.5,0.056528359608930975,0.17207582573485714
54,0.440,0.7685625323373447,0.6371305286243671,1100937035741820.4,0.058858337507229797,0.1715816963917921
54,0.420,0.516408960638899,0.41922702333675926,691480520041154.9,0.03956749051193522,0.44346324672876275
54,0.400,0.8245453591355503,0.6552653357641715,1029339349659377.2,0.05167415706917111,0.1228852728883307
54,0.380,0.7718877246229637,0.5548246771599429,827981733707811.8,0.06736449251016878,0.16088863347628696
54,0.360,0.6211314390808925,0.37854700255123735,535184716387392.3,0.0773097143333517,0.30232701725997013
54,0.340,0.8522331949432578,0.4152675305274012,554483059771276.94,0.11615790161727467,0.032988732523482354
54,0.320,0.6569598453247142,0.30459329226258647,382782172968194.75,0.07993628395682818,0.264278675485408
54,0.300,0.8976126393978334,0.2349372277241198,276792605984146.38,0.0499929773645698,0.05487028792914279
55,1.200,0.5258246045329256,0.41028903862186944,1886796954608094.8,0.1424602135100019,0.3320618853455775
55,1.180,0.5945714502658284,0.4596049616573838,2078359744005203.2,0.16513632428579125,0.240720170038425
55,1.160,0.6414915004194915,0.49085548015524555,2182054730521473.0,0.18274741676870285,0.17625927495769073
55,1.140,0.6404819855670765,0.48473683225405484,2117702151774829.8,0.1872293420628788,0.17281950796083836
55,1.120,0.5860581480335445,0.43837177389639337,1881545008778738.5,0.17584854669579106,0.2386061560807809
55,1.100,0.5015475851540123,0.3705145364399918,1561895388584475.8,0.15448808841539158,0.34442279850164614
55,1.080,0.41315968121582425,0.30361435614043475,1256608706922158.0,0.13271336405803438,0.45453633553943945
55,1.060,0.34086478575834334,0.24932286035805584,1012795987537108.2,0.11420363187770052,0.5452979288321476
55,1.040,0.28808427155648236,0.20976914019474233,836043632533662.4,0.10108386506591761,0.6111636643948809
55,1.020,0.2532723533540038,0.1835548559251273,717496944781667.8,0.09334228858698541,0.6536935289150457
55,1.000,0.23383940972663003,0.1686728161308272,646396657483625.2,0.0906055801591466,0.6758511049148387
55,0.980,0.2552481633476453,0.19008000870425754,713865715871368.5,0.09484955592183773,0.6502164788705368
55,0.960,0.31681367202315086,0.24697002161325013,908593193178302.8,0.10539873933785324,0.578127333647485
55,0.940,0.4333925466339738,0.35436146115546074,1276522116183708.8,0.12296096001444522,0.4439683811466381
55,0.920,0.6117848057482766,0.5240683541845728,1847692811395855.5,0.13795157303164243,0.2503796423825967
55,0.900,0.7924407646745046,0.7073532258970437,2439679933208214.5,0.1293760253996275,0.07770082773919387
55,0.880,0.8909759429781344,0.8202635142291588,2766241373649567.0,0.09534551661879227,0.01225240553947981
55,0.860,0.8917820997489884,0.8359564394910141,2755091995191545.0,0.06022968108265562,0.0456636095611117
55,0.840,0.8021619518462038,0.7579574930564615,2439934359683285.5,0.03902965125717821,0.15616060489604489
55,0.820,0.6985761810092992,0.6617307179303636,2079453215460521.0,0.03223039015132139,0.2668030374013842
55,0.800,0.653630008789253,0.6192393890964711,1898464876444334.0,0.036160533558400224,0.3082269989822574
55,0.780,0.6700824951577221,0.6339666134826809,1895025228505021.2,0.049478172908301477,0.27882852161015015
55,0.760,0.715829999309606,0.6759616105625668,1968745735769015.0,0.06817789489003995,0.2146706801687245
55,0.740,0.7880965704284508,0.74328499472516,2107856742451090.5,0.08503601268985052,0.12563497447149527
55,0.720,0.8773934800865408,0.8277674608536156,2283993444487346.5,0.09287588725500186,0.028347129841591795
55,0.700,0.8661038477005771,0.8171633259899879,2192102783710591.0,0.08955759955234079,0.04299291732053955
55,0.680,0.7365717896018075,0.6928198388869744,1805440722993088.8,0.08685265599599319,0.1756997463893121
55,0.660,0.5934239714412791,0.5543571775079581,1402127853062440.0,0.08617258908362932,0.3199700798201858
55,0.640,0.5091965965375396,0.4699434860547834,1152602651443831.2,0.08919272358438833,0.401383300181126
55,0.620,0.6000231891204104,0.5481342563601043,1302364771991180.8,0.10427463037073757,0.29530736534893987
55,0.600,0.8333864623496461,0.7649420465190465,1758870196327599.5,0.10878944794776554,0.05678537857729833
55,0.580,0.845353806107927,0.7826876216492211,1739684384088088.2,0.07645824035449973,0.0767117052326502
55,0.560,0.8443947743970968,0.7896762989841204,1694693394259914.5,0.04920158248962821,0.10461595235202045
55,0.540,0.7820168722494781,0.735894298775861,1522871307818517.5,0.015601625393583833,0.19949010818655863
55,0.520,0.7227291946695241,0.6671946823421492,1329566077533204.0,0.001972183340847591,0.26973977471384103
55,0.500,0.9636830598760991,0.851544989922729,1631667294734813.5,0.0028809736074251304,0.026160231114766064
55,0.480,0.6194319386748578,0.528164515954753,971548451387135.6,0.010259884366039427,0.3676632466404078
55,0.460,0.7264533670546358,0.6017914476709657,1060859449862465.4,0.05132765235616408,0.2211338915868657
55,0.440,0.814153455793343,0.6736943117711858,1135977064739456.5,0.06031459573392931,0.12445878117798488
55,0.420,0.5081416086663076,0.41146403170939655,662270139116351.9,0.03761880783082173,0.4536758279288915
55,0.400,0.7798177812051895,0.618530872649935,948146352927999.9,0.047162826441177384,0.17215865789491985
55,0.380,0.7978094368978138,0.5722821858892098,833389127075039.9,0.06740627958568655,0.13493683338547235
55,0.360,0.6130025163112686,0.3747070717977354,516949829549063.75,0.07436234977960021,0.31340979758905513
55,0.340,0.8531238596694423,0.41558666874797323,541495099863208.75,0.1141051073788763,0.034130644535743965
55,0.320,0.667301733070738,0.3084678750537109,378280475442853.6,0.07950931500254997,0.25438351210228355
55,0.300,0.8560199192397424,0.223801776213326,257299409712207.6,0.04671426441727686,0.0996313985319606
56,1.200,0.5052581613556959,0.3941797387023205,1767257768469709.8,0.13432499112313348,0.3607476280942589
56,1.180,0.5785268903125422,0.44710097703698476,1971115088092133.0,0.15776888353684448,0.2641183639500386
56,1.160,0.6373335987529486,0.487520921800974,2112883751647548.0,0.17839058362899798,0.18476884727111434
56,1.140,0.6524351542014925,0.49357650582940854,2102246734639740.2,0.18752170256519327,0.16058254060153626
56,1.120,0.6093546555856156,0.4555495668495771,1906241924092181.0,0.17990121873873044,0.2112767612554694
56,1.100,0.5265373020660579,0.38870684785345594,1597493989811761.0,0.1597025299998726,0.314241583173847
56,1.080,0.4333293511944861,0.31818073901821,1283872799227793.5,0.13716147426756017,0.4299390940511135
56,1.060,0.3546464655667543,0.2591630614479256,1026368519221651.0,0.11718267073813508,0.5285528936689231
56,1.040,0.29625014850620224,0.21548303602128008,837280123066769.9,0.10260978795562431,0.6014823866881501
56,1.020,0.2570166298896856,0.18603425726063813,708953012941623.2,0.09359925882258333,0.6496981774400217
56,1.000,0.23402095388132796,0.16855660849567317,629752848221699.2,0.08970393362452227,0.6765730150752974
56,0.980,0.2510646328282336,0.18666000534586055,683442065211449.5,0.09242635652702078,0.6568201444139058
56,0.960,0.30654620094539786,0.2385694420115212,855678074377621.9,0.10120043552459769,0.5925850136235573
56,0.940,0.41448260273622417,0.3383677436061329,1188341228819366.8,0.1169066445344635,0.4689227098385261
56,0.920,0.5852309756241525,0.5006439230233286,1720842535573240.5,0.1314383714040679,0.2834468242782416
56,0.900,0.7701375753078186,0.6867277930826277,2309146516151570.0,0.12545867085603074,0.10393940220327497
56,0.880,0.8841313816401293,0.8133670074229714,2674198127549807.0,0.09454215473841013,0.019912247968631665
56,0.860,0.9001450960397279,0.8433629881345891,2709800664584993.5,0.06080286235494628,0.03670210214216688
56,0.840,0.8150980414063659,0.7698655417367729,2416120130003045.5,0.03967887990823934,0.14252538183839153
56,0.820,0.704041564624916,0.6666556214654064,2042395072617584.8,0.0324962350261733,0.2610431425552728
56,0.800,0.6490064033417084,0.6146306222684539,1837081979436101.5,0.03590418813346722,0.31310831809770184
56,0.780,0.6575759964780041,0.6219131895954142,1812377768347407.5,0.048517816438350285,0.29231008098325506
56,0.760,0.6983102062394144,0.659217897624387,1871832304724703.0,0.0664035018430767,0.23398046980236084
56,0.740,0.7675016134371754,0.7237051372923172,2000864741566728.0,0.08260669281398822,0.14867499007454288
56,0.720,0.8648002186290372,0.8157844343299271,2194483233023275.8,0.09119539682953612,0.0426248374816446
56,0.700,0.8758357636179348,0.8263143325207395,2161064264124025.5,0.0900274995349602,0.03276064588246489
56,0.680,0.7546867066933525,0.7099314185034481,1803639199006213.0,0.08825765793682516,0.15614666885543235
56,0.660,0.6041513123938199,0.5645654736985729,1392139021068209.8,0.0868759124276003,0.30852649181533687
56,0.640,0.5034346300763534,0.46489330980918275,1111623262321387.4,0.0873221583241353,0.4090198152986901
56,0.620,0.5715203782120626,0.5223437804129045,1209964068267921.8,0.0984353792506679,0.3296727062238704
56,0.600,0.8110810964834893,0.7445077958016802,1668955880568999.5,0.10485941285661299,0.08304767451098254
56,0.580,0.8520010889557892,0.7886693981417464,1709020764277706.5,0.0761298137495991,0.07036953931614982
56,0.560,0.8436531349153761,0.7887095934798575,1650173112250430.5,0.04841256906924921,0.10612529179035136
56,0.540,0.7905618589296637,0.7437660687066248,1500563842342408.8,0.01545362749052453,0.1910398861473515
56,0.520,0.7003910340323131,0.6463970548058557,1255819055622541.0,0.001856860918260305,0.29234983162545986
56,0.500,0.9650530548791859,0.8522649190822458,1592094979311526.8,0.0027689402297624444,0.024866771604467888
56,0.480,0.6252566804051329,0.5327275401669883,955368113985028.5,0.009855528755684063,0.3622005319595821
56,0.460,0.6843872613419811,0.5670651602751149,974574746009253.8,0.046497225034676855,0.26808907645516267
56,0.440,0.85869133665155,0.7093043000061611,1166029734196672.2,0.06148936499946284,0.07867089487663029
56,0.420,0.5053426458803704,0.4081620558944273,640481036029494.4,0.03611996022903221,0.45796472684907563
56,0.400,0.7326259935856704,0.5799303443791118,866682806215363.6,0.042723029712504634,0.223828587336146
56,0.380,0.824978680507007,0.590413709099997,838232288465117.1,0.06741892350261249,0.107766596595074
56,0.360,0.6101929107372606,0.3739924999832806,503025208591956.6,0.07206256021731539,0.3185337298873012
56,0.340,0.8446438477190342,0.4115674978494147,522810550998668.8,0.11081766163127854,0.04586298603690388
56,0.320,0.6834623633312256,0.31486141690272934,376438279548707.3,0.07968235916187096,0.2380806471578969
56,0.300,0.80842057277177,0.21120223394356247,236724996243902.25,0.04320349238063984,0.15061445016447053
57,1.200,0.4837506186629497,0.3773201413885404,1647641430612248.2,0.12610208275862855,0.39046188108119073
57,1.180,0.5597412857071647,0.43245763991635294,1856936490387257.2,0.14976797785063514,0.29088940981272216
57,1.160,0.6287207720652375,0.48074802956389057,2029303346146350.2,0.1727791666043169,0.19898471138204052
57,1.140,0.6603223748259802,0.4992948244393994,2071254118634568.2,0.18647096367753527,0.15375141800099218
57,1.120,0.6312876445778335,0.4716481904429728,1922240240418176.8,0.18325770672860855,0.1860060215767093
57,1.100,0.5525707406386083,0.40760352905408,1631556395735138.5,0.1649255204488801,0.2830092230147691
57,1.080,0.4552999459664713,0.33400944466753385,1312665201232903.8,0.14192449658017522,0.40322798493845613
57,1.060,0.3699974336919631,0.2700999074581717,1041841781165386.4,0.12049723061514175,0.5099049121545765
57,1.040,0.30555592966110284,0.22198562651658826,840097444527482.8,0.10441039739337409,0.5903879810697417
57,1.020,0.26158175789409466,0.1890757029171422,701790305777713.9,0.09408299724476478,0.6446563172566143
57,1.000,0.23486355008914797,0.168891797659508,614582270664417.8,0.08901923185980393,0.6764178302871054
57,0.980,0.2475869966900712,0.18374926388296353,655274326919182.6,0.09026001827359288,0.6624619122588326
57,0.960,0.2972528846797679,0.23092449237581347,806701194548100.9,0.09734627745658266,0.6057252969817284
57,0.940,0.3968297305366778,0.3234143421469105,1106263537398280.6,0.1112427455648139,0.49223014766676104
57,0.920,0.5591329306196491,0.47763242010790036,1599017049092453.2,0.12505566473368315,0.3159273207539142
57,0.900,0.7456170344801584,0.6641311425983076,2175042886415979.8,0.12118922879438782,0.132748398073156
57,0.880,0.8735778491322299,0.8030406397670831,2571530418076210.5,0.09334821462600845,0.031677439718371024
57,0.860,0.9061179417231908,0.848503387802171,2655360565361327.0,0.0612259208776903,0.030286928686472182
57,0.840,0.8280829901228124,0.7817958906825001,2389704155525392.0,0.040344238485584376,0.12882465000682494
57,0.820,0.710465536164016,0.6724719570031814,2006593957651041.5,0.03282143302760249,0.2542617101001232
57,0.800,0.6453094411913987,0.6108891690280712,1778377199264467.2,0.0357184672760005,0.316989540091772
57,0.780,0.6457960271253115,0.6105386593575355,1732922899874687.5,0.0476395896790678,0.304981539620445
57,0.760,0.6812146886710272,0.6428653392784802,1777890759169515.5,0.0647096786547652,0.25278506403516154
57,0.740,0.7463955403095347,0.7036320576889066,1894736436892683.8,0.08017145953256694,0.17223320561442249
57,0.720,0.848968968983087,0.8007323281594426,2097931619315620.8,0.08921971243719809,0.060440784188568714
57,0.700,0.8822029947412566,0.8322748425577272,2120002029412007.0,0.09016967333320615,0.026225138488149388
57,0.680,0.7727863769552223,0.7270188734717474,1798978890987721.2,0.08964479785159578,0.13662552226071265
57,0.660,0.616778813201787,0.5765469612089222,1384682145689571.8,0.08782649404369151,0.29493332188341537
57,0.640,0.5000786573761525,0.4620568076237846,1076085592089203.1,0.08587850538231726,0.413821968726456
57,0.620,0.5453726625567354,0.4986876592898997,1125101697728911.0,0.0930711499288675,0.3612059508713273
57,0.600,0.7837401631774199,0.7194605920490378,1570831966179281.2,0.10032362236288249,0.11495807247872261
57,0.580,0.8563120719017095,0.7924965104586523,1672618213268535.5,0.07557001587805084,0.0665996473635178
57,0.560,0.8428559125328328,0.7876957401032473,1605158759763665.2,0.04761842809422088,0.10769606482084977
57,0.540,0.8004346522348286,0.7528827175789388,1479423650668394.8,0.015325432355336356,0.18123685412248577
57,0.520,0.6805604876973944,0.627925299369331,1188181522453007.0,0.0017523268985975714,0.31242325244273267
57,0.500,0.9569514984669851,0.8446278718906844,1536762952868623.8,0.0026341856069030923,0.03313982168774357
57,0.480,0.6353691524355575,0.5409283760425505,944827381948580.1,0.009524207921217108,0.3523581091568928
57,0.460,0.6456467938875291,0.5351166488934083,895731328958448.4,0.04212758921229518,0.31125315239078577
57,0.440,0.8976120982904836,0.7402144680511462,1185172907964978.8,0.062078596886665394,0.03909258072913767
57,0.420,0.5081260228641846,0.4093841303473951,625679265622172.2,0.035036880566579255,0.4562495812320746
57,0.400,0.6855093678335533,0.5414972368100652,788184165173404.9,0.0385109631862038,0.27519691878615593
57,0.380,0.8519917133460818,0.6082047234777832,841017155138602.5,0.06728563438629034,0.08089811063877651
57,0.360,0.6124661222095529,0.3762707238463728,492917683737440.06,0.07033525525809715,0.3180104142910163
57,0.340,0.8257254981779198,0.40268376362835623,498212368993645.0,0.10622573859790553,0.06932255319906748
57,0.320,0.7047475725945233,0.3234272873704974,376615427243378.06,0.08033269374555646,0.21618574444489558
57,0.300,0.7598299802532975,0.19843272286290015,216623723143262.66,0.03974318485527266,0.20253520236920172
58,1.200,0.46171914456255775,0.3600383437347578,1529686429107066.2,0.11791774191275213,0.4206614958414493
58,1.180,0.5387551879162642,0.41609629644335,1738394223276619.8,0.14132154485118584,0.32030522722559074
58,1.160,0.6158582914645816,0.47069802150938017,1933182141935577.0,0.16603644858546168,0.218578515144609
58,1.140,0.6635650058245866,0.5014564249302184,2023999794146749.0,0.18397150823829728,0.153009968593843
58,1.120,0.6510061290904081,0.4860284282171438,1927312364063850.0,0.1856835036664333,0.1638787277416713
58,1.100,0.5792432642553316,0.4268972623718367,1662602646496784.8,0.17000953036874997,0.2512775549818669
58,1.080,0.4790632450364488,0.35108423573603303,1342478989257417.2,0.1469617464447163,0.37445194684601385
58,1.060,0.3870155372201175,0.28219599533486306,1059080871614798.8,0.12414683717596886,0.4892567553623549
58,1.040,0.31607593214043955,0.22932411346096634,844414097243460.0,0.10648785277358931,0.5778040892363594
58,1.020,0.2669994454556991,0.19269705514897723,695901322794457.1,0.09478874149464675,0.6385410679687417
58,1.000,0.23636558570295788,0.16967337948485953,600739408489994.4,0.08853900525044277,0.6753996538154882
58,0.980,0.24478156143250582,0.18131963933815853,629134258715448.0,0.08832894032672918,0.6671970594748078
58,0.960,0.2888769962550501,0.2239880025397621,761322039677621.6,0.09380936783262746,0.6176317803900069
58,0.940,0.38042742794588547,0.3094930069285587,1030032923784630.4,0.10596065325050333,0.5139058486589961
58,0.920,0.5337898335780547,0.45528996250837056,1483024465659724.5,0.11886776484952176,0.3474577497305569
58,0.900,0.7194300080926247,0.6400607732159275,2039558346277449.8,0.11665717706375249,0.16348712606769894
58,0.880,0.8593928258880716,0.7893621615129194,2459412574321317.0,0.09177094382563541,0.04746312984755111
58,0.860,0.9092491591848465,0.8509566766485724,2591065035858723.5,0.061467915813947914,0.026901723252429312
58,0.840,0.8407720947629579,0.7934214117625747,2359693602304803.5,0.04100971302202192,0.11542027332727545
58,0.820,0.7177401496277093,0.679075251072889,1971533531237419.5,0.033202029453597265,0.24657097775398945
58,0.800,0.6424894693730149,0.6079662333258397,1722034541889443.5,0.03560119567159483,0.31992260351491253
58,0.780,0.6347298786798341,0.5998298891160828,1656514027264999.8,0.04684221325553244,0.31685688779742804
58,0.760,0.664610912037012,0.6269672016803975,1687061160318467.5,0.06310145325395516,0.27101184650104804
58,0.740,0.7250701253383933,0.6833413556482241,1790366063586698.5,0.0777599403440293,0.19598783085687949
58,0.720,0.8303134177369738,0.7830024367457765,1996034404041418.0,0.0869943963947313,0.08133527638631084
58,0.700,0.8847568868773726,0.8346209836218307,2068520131299319.8,0.08994491690580446,0.02387516278405024
58,0.680,0.7903158149899091,0.7435584858985993,1790179005803815.5,0.09095089041564304,0.11775514069855078
58,0.660,0.6311372528409065,0.590143866611038,1379031688781455.2,0.08899179041959965,0.27939238685021806
58,0.640,0.49907393164234726,0.46138647199037497,1045483644815657.5,0.08483859774926188,0.4158677151369434
58,0.620,0.5218000865085645,0.47736883757766463,1047895962660437.6,0.0882077628376457,0.3896611353719081
58,0.600,0.7525206601353213,0.690860124005118,1467620566658870.5,0.09534651247368671,0.15119364358384027
58,0.580,0.8573807105176389,0.793332211512787,1629129074093859.8,0.07470482529044638,0.06638381809079001
58,0.560,0.8418406680781145,0.7864834968625899,1559373155594742.5,0.04680865685898222,0.10950160057015373
58,0.540,0.8113639182168673,0.762988618313384,1458761295534775.2,0.015209953597974467,0.17036039601764413
58,0.520,0.6634243334173999,0.6119499887135191,1126656916882895.2,0.0016583524405500314,0.3297718809306977
58,0.500,0.939285966158466,0.8285671635145869,1466797411636399.2,0.00247957799320947,0.051070397549832426
58,0.480,0.6496901361963054,0.5526915172281234,939282971492944.1,0.009255620846636432,0.33822551984543464
58,0.460,0.6111181054680866,0.5066715468986706,825195328230601.4,0.038247346854480384,0.3497099596055512
58,0.440,0.9256994501930879,0.7621654658272519,1187337968402432.2,0.06177879133942333,0.011251240598778075
58,0.420,0.5166642620779646,0.415240200845378,617477440631390.6,0.03433925981133328,0.44838763965140127
58,0.400,0.6404871934890896,0.5048373613321466,714963534647779.2,0.03463237209131839,0.32413643222910365
58,0.380,0.8768757003605547,0.6242481764673771,839872365009764.8,0.06686173888179975,0.05644839109801285
58,0.360,0.619460576700698,0.3813268596940555,486040333602138.0,0.06909336564622928,0.3122883585766843
58,0.340,0.7967139491638696,0.38907798339149313,468368830897130.9,0.10044873860596454,0.10404635594444234
58,0.320,0.7299635894979336,0.3335924784816606,377953734514099.94,0.0812882216144647,0.19006255043577852
58,0.300,0.713928121208268,0.18643549110634186,198026019736512.34,0.03652501089997197,0.2515320960539426
59,1.200,0.43953037452826077,0.3426230132940689,1414815526398688.8,0.10987741399127074,0.45087462202255696
59,1.180,0.5161326084680109,0.39845667604739227,1617950221756187.5,0.13261400143345045,0.3516177992788886
59,1.160,0.5991437217283531,0.4576802748462412,1826931338698513.5,0.1583353245752937,0.24298013635305296
59,1.140,0.6617827988045568,0.49977843996617627,1960579283142731.2,0.17998647909575527,0.1587750257859511
59,1.120,0.6676023563562133,0.4980112158744121,1919372142717276.2,0.18694608749222133,0.14603440256013717
59,1.100,0.6060064417221849,0.4461753334524454,1688885794903091.5,0.17477192955038381,0.21977718303812727
59,1.080,0.5045508788906795,0.369343747981395,1372639676998214.8,0.15221205516494576,0.3437404979203112
59,1.060,0.40579258458647943,0.2955081419576252,1077897233666061.1,0.12812493612109196,0.4665233129636625
59,1.040,0.327889145821976,0.237547991487182,850132741924448.1,0.10884270849705166,0.5636512956210944
59,1.020,0.27330435863665775,0.1969175747603212,691172882948387.9,0.09571090380405854,0.6313234234966959
59,1.000,0.23852641011488776,0.17089658856220877,588078679104125.2,0.08825021053603821,0.6735322033654269
59,0.980,0.24261445383402966,0.1793426510326658,604799887518947.8,0.08661123511279917,0.6710813292242155
59,0.960,0.28135800681387657,0.21770978643993713,719202561772572.5,0.09056163345453484,0.6283930323704994
59,0.940,0.3652421440903797,0.29657317424666113,959316159051908.4,0.1010439415231836,0.5339998102312645
59,0.920,0.5094221509855866,0.43380414433711456,1373357377762386.0,0.11292036379115161,0.3777720377648591
59,0.900,0.6921228028313388,0.6150086109950552,1904696338124869.2,0.11195045381963693,0.1955210130688208
59,0.880,0.8417901649380871,0.7725349433133287,2339391165768614.0,0.08983174750782541,0.06703372437645379
59,0.860,0.9091482858852188,0.8503600714135823,2516537183800295.0,0.061501554032241945,0.026965308608572346
59,0.840,0.8527766753111223,0.8043738788426527,2325087416960955.0,0.04165695860498239,0.10272058432356984
59,0.820,0.7257322339638006,0.6863370832436205,1936659889810928.8,0.033632972129982446,0.23810959936788786
59,0.800,0.64048404025553,0.6058007659801885,1667715042202675.2,0.035549619083625264,0.3219728625241424
59,0.780,0.6243484688524312,0.589758118727151,1582962299765763.5,0.04612329411004879,0.3279676425476987
59,0.760,0.6485370724430004,0.6115589595980667,1599388489946914.8,0.06158102024770893,0.288620350484559
59,0.740,0.7037683393865958,0.6630624341123447,1688449921298840.2,0.07539595478130252,0.2196717412853567
59,0.720,0.8093082834808811,0.7630437414435779,1890531734578743.5,0.0845698025965775,0.1047826762659129
59,0.700,0.8831910372503118,0.8330635506591954,2006680423653882.8,0.08932832548634739,0.02604275668626396
59,0.680,0.8066618808856882,0.7589716932076118,1775973708488670.5,0.09210756789288284,0.10021781330915291
59,0.660,0.6469995850240834,0.6051439625340979,1374373210128347.8,0.09033164774052899,0.2621709863748168
59,0.640,0.5003590655490305,0.46282847515122133,1019300143961403.9,0.08417791158836423,0.41524300276488024
59,0.620,0.5008878973550754,0.4584675300927124,978142914975530.8,0.08384661432781083,0.4149516128784971
59,0.600,0.7187198545066154,0.6598948580638458,1362473410649250.5,0.09010478954787057,0.19027873229547088
59,0.580,0.854390136631496,0.7904226367997379,1577572778804247.2,0.07347184111405458,0.07060291281912627
59,0.560,0.840381058611423,0.7848621092609473,1512458374802624.0,0.04596964146566469,0.11178239931610377
59,0.540,0.8230006872188779,0.7737554116100769,1437803379741487.0,0.015099035711564134,0.15876892865789569
59,0.520,0.6490811382898437,0.5985601691363303,1071058514553020.2,0.0015744563001491962,0.34429669648961103
59,0.500,0.9128744876505188,0.8048186644470664,1384745889570785.2,0.0023101140293453927,0.07782995353271477
59,0.480,0.6680730483077453,0.5678844114426653,938000836294403.6,0.009039394908928869,0.3199600505028402
59,0.460,0.5811626359594704,0.48202344205065223,763006138872017.5,0.03484413913575816,0.38310978391299566
59,0.440,0.9381942668906752,0.7712969244396172,1167821097826196.8,0.06036496656443032,0.00013824335085486445
59,0.420,0.5311927268969837,0.4258904805456142,615530055964040.5,0.034000167432761075,0.4341698660908875
59,0.400,0.5989718422140363,0.47106357476622285,648397834393861.5,0.031144244500180912,0.36917611385928367
59,0.380,0.8971020703570518,0.6367621388836153,832650736107089.4,0.065982940647256,0.037109667260764166
59,0.360,0.6306916359078922,0.38886415867847546,481728630020013.8,0.0682404429631192,0.30194833516991276
59,0.340,0.7594008927736656,0.37158176293243905,434745753647866.4,0.09378204241919472,0.14795094678225748
59,0.320,0.7573130523814784,0.34451740756221644,379370179212329.75,0.08232309167159733,0.16173104814711695
59,0.300,0.6729606197285583,0.17577940308413378,181464334746155.3,0.033652190968553895,0.2952624958345542
60,1.200,0.41749146659158615,0.32531630054208577,1304126680683441.0,0.10206452086774498,0.4807108640695565
60,1.180,0.4924215975706894,0.37996617347604,1497820090884557.2,0.12381517846955192,0.38410963253378716
60,1.160,0.5791241879586153,0.44211920253020476,1713286829457894.8,0.14988198229811597,0.2714367007928117
60,1.140,0.6548422801995832,0.49416690491975473,1881963590897822.0,0.17455632378115155,0.17113953737326668
60,1.120,0.6801792604447175,0.5069287702757069,1896695752798895.2,0.18683619758961859,0.13357862583231883
60,1.100,0.6321588006616574,0.464913736513571,1708432295206738.8,0.17899656682050513,0.18942513400917915
60,1.080,0.5316135444081708,0.38866653902656995,1402276376344940.0,0.15758895708939957,0.311329312129782
60,1.060,0.4264077967928578,0.31008251944829757,1098034178124890.5,0.132416632245116,0.44164039655666476
60,1.040,0.3410781545385159,0.24670812924783217,857135551061565.2,0.1114731316181064,0.547848988053056
60,1.020,0.2805337267957523,0.20175755127433234,687484132908823.2,0.0968426588046783,0.6229730589447042
60,1.000,0.24134589697778497,0.17255654878515128,576453333833321.0,0.08813892943432666,0.6708295499240902
60,0.980,0.24105139867148428,0.1777893237929145,582055587916534.5,0.08508460224044996,0.6741712789436275
60,0.960,0.27463284291462214,0.21203766023539178,680012577450028.1,0.08757425538923849,0.6381009071542451
60,0.940,0.35121995099016196,0.28460755059576653,893731325633884.2,0.09647039667951074,0.5525881769839894
60,0.920,0.4861784193475125,0.413300124806227,1270240843224818.0,0.10724231486693765,0.4066928705402546
60,0.900,0.6642058839240249,0.589433049063595,1772187632035780.2,0.10715042365651713,0.22825793529982405
60,0.880,0.8211018474009493,0.7528707593943283,2213277205550663.8,0.08756425326298574,0.0900230951454344
60,0.860,0.9055141985716058,0.8464354128213281,2431783936143404.0,0.06130505276569386,0.03080143414403238
60,0.840,0.8636717579878735,0.8142513514476073,2284917286054035.5,0.042265570669220875,0.09117240680640712
60,0.820,0.7342810116321197,0.6941028706384034,1901386482449848.2,0.03410795547067611,0.2290451927925556
60,0.800,0.6392175419646294,0.604319120007339,1615061376134459.2,0.03556036388843226,0.3232194995380134
60,0.780,0.6146077467012563,0.5802803007357523,1512046472255676.8,0.0454794189259181,0.3383613475269296
60,0.760,0.6330049915901972,0.5966510455218961,1514839801376642.0,0.060148041877140714,0.30559906070563625
60,0.740,0.6826822230724452,0.642976488944036,1589496301333620.0,0.07309744123705851,0.24307468532501963
60,0.720,0.7864518982961727,0.7413275140565652,1783098458813605.2,0.0819972422013034,0.13023270724167074
60,0.700,0.8773664182992599,0.8274717402893003,1935013146070590.0,0.08831128411400334,0.03287606043858073
60,0.680,0.8211772977936536,0.7726477900112365,1755186171404762.5,0.0930440186330975,0.08473250751416728
60,0.660,0.6640703457897008,0.6212706116614343,1369800924771241.5,0.09179705647032962,0.2436137550282903
60,0.640,0.5038656986934682,0.4663223230399813,997008564298972.9,0.08387043041238613,0.41204224247979426
60,0.620,0.4826235923780978,0.4419748260202541,915423236663938.4,0.07997177626508423,0.437105877826677
60,0.600,0.6836163053408684,0.6277363252102575,1258233431243274.0,0.08476663709881711,0.23076493326843278
60,0.580,0.8467085404075552,0.783185312457342,1517487900524246.2,0.07182815676196208,0.07993292490628985
60,0.560,0.8381929729731822,0.7825671220500137,1464004238568904.2,0.04508528596242449,0.11483936062485546
60,0.540,0.8349120275554411,0.7847761451134734,1415703358163848.5,0.014983482327298469,0.14690623343376502
60,0.520,0.6375608495109927,0.5877815426575823,1021061725865383.4,0.001499984079024507,0.35596800186127764
60,0.500,0.8792800323170551,0.7747726700109112,1294127321550734.0,0.0021320466730201213,0.11183792376800082
60,0.480,0.6902593557885387,0.5862798753533487,940110565037179.6,0.00886470633488742,0.29783190546452326
60,0.460,0.5557937678391406,0.4611796842296279,708697186153343.1,0.03188203633136241,0.41147506592453137
60,0.440,0.9321872854528863,0.7652836586123275,1124884222326351.9,0.0577701318090338,0.00873470604171059
60,0.420,0.551991527690986,0.4415308930616082,619502545552887.4,0.03399425050280139,0.41334085581922597
60,0.400,0.5618136615965583,0.4408355789030028,589073300132773.6,0.028063964941032797,0.4094471113930166
60,0.380,0.9097821919268948,0.6437369068998329,817193144557364.9,0.06448597688569312,0.025933099649937303
60,0.360,0.6455417836870398,0.39849795400679444,479249099862541.6,0.06767203078936439,0.2877117702114964
60,0.340,0.716604938499814,0.3515203108339877,399265743408614.06,0.0866281146130453,0.19782013538456386
60,0.320,0.7843760847015885,0.35509641568369815,379602423148591.8,0.08316409558768895,0.13387992595937673
60,0.300,0.6380194158077395,0.16673529861422443,167101949066336.28,0.031161204499640487,0.3326010504037868
61,1.200,0.3958474354925499,0.3083116879801418,1198409295303746.2,0.094541106514121,0.5098633019378326
61,1.180,0.4681236198347187,0.36101598205462615,1379883334807010.2,0.11507265997275291,0.41713202253648185
61,1.160,0.5564408378391071,0.4245113113903725,1595075299834521.0,0.14089738539883784,0.30308659393894605
61,1.140,0.6428759818587084,0.48473081656855455,1789943884698524.2,0.1677978019305497,0.18985434011724112
61,1.120,0.6879342833984784,0.512187695154264,1858151401628881.0,0.1851915645292343,0.1274755523195705
61,1.100,0.6568516369282901,0.48248259285369244,1719128215872503.8,0.1824402240992907,0.16131259579965382
61,1.080,0.5599976591409515,0.408854479550029,1430297731287437.2,0.1629759344850142,0.277588295689834
61,1.060,0.4489190289921459,0.32594822242175187,1119150301606759.9,0.1369959323497549,0.41457626618754184
61,1.040,0.3557274994742646,0.2568554460342952,865278776642270.6,0.11437392479621383,0.5303179702956446
61,1.020,0.2887267424519672,0.20723778300491483,684704281081757.1,0.09817544046555977,0.6134594335688192
61,1.000,0.24482384040072572,0.17464780904707664,565714194234318.5,0.0881900037185233,0.6673070859480382
61,0.980,0.24005729528601888,0.17662988754261225,560691796553224.25,0.08372613442018874,0.6765248973978399
61,0.960,0.2686366438613441,0.2069180732270851,643433387676569.0,0.08481792526741992,0.6468495318597647
61,0.940,0.3382920016121275,0.2735366847823937,832870282801417.8,0.09221365909666451,0.5697661444107203
61,0.920,0.46414455278231626,0.3938488796073666,1173684517254629.8,0.1018479474055955,0.4341200695575168
61,0.900,0.6361311485178532,0.5637387642607951,1643441851748817.8,0.10232827070250827,0.2611745631023915
61,0.880,0.7977499607232136,0.7307636267327143,2083020425535614.5,0.085011353128862,0.11596560392857781
61,0.860,0.8981585530258086,0.8390109440058662,2337222243722149.5,0.06086370435496808,0.03861370800673585
61,0.840,0.8730082269668133,0.8226297697057372,2238296635289101.2,0.04281356411028208,0.08124838664964089
61,0.820,0.7431961393706905,0.7021900626138583,1865101474009168.8,0.03461926739045394,0.21957646147929524
61,0.800,0.6386006396793263,0.6034345287404945,1563702310666043.0,0.035629375028108874,0.3237561492696126
61,0.780,0.6054498748738624,0.5713402290988291,1443521780773751.0,0.04490621721629415,0.34810032662219614
61,0.760,0.6180031230153233,0.5822317063163621,1433320716813648.8,0.05879993466701608,0.3219621176710796
61,0.740,0.6619539739277899,0.6232175421708731,1493844260646131.5,0.07087669212344337,0.2660419647039888
61,0.720,0.7622327200065454,0.7183156444551054,1675258212071177.5,0.07932565276570376,0.15714732294469447
61,0.700,0.8673201059775206,0.817881368810097,1854480576894400.2,0.08690183337613082,0.044330191451825866
61,0.680,0.8332137005278463,0.7839751531028484,1726812346692962.5,0.09369061240503952,0.07201816015562293
61,0.660,0.681976647377156,0.6381743029114806,1364322941838330.2,0.09332918228406832,0.22415265207693852
61,0.640,0.5095157882588279,0.47179831283630574,978070795504962.1,0.08388808899909889,0.4063715753154248
61,0.620,0.4669279485177858,0.42782086632490995,859186780263126.6,0.07655577047548756,0.45623073829841654
61,0.600,0.6483472512018387,0.5954267087307911,1157213511900748.8,0.0794765533565936,0.27136902603010893
61,0.580,0.8339742549094938,0.7712876150261856,1449033030200247.2,0.06975670416604578,0.09475338113489516
61,0.560,0.8349462624872385,0.7792913943578462,1413584717480595.8,0.04413792489795251,0.11902111854074353
61,0.540,0.8465792379556646,0.7955636626272893,1391562228941285.0,0.014853182980508018,0.1353031534072527
61,0.520,0.628841008570474,0.5795915064722068,976246050873221.8,0.001434169327764325,0.3648090291432253
61,0.500,0.8405083101678782,0.7402059675487287,1198827013015632.0,0.0019518441323582794,0.15106720001563956
61,0.480,0.7158207686836989,0.6075074796476536,944554019792063.5,0.008719882162608694,0.27228268695882424
61,0.460,0.534816369393146,0.443976418635824,661533237187961.5,0.029313943769449187,0.435048246393418
61,0.440,0.9076308467518954,0.7441510002166339,1060590371789922.9,0.0541226387860923,0.036960789004356585
61,0.420,0.5793363585174952,0.46235394511388966,629010350568305.0,0.034294373906994316,0.3856514205244277
61,0.400,0.5294142369642414,0.4144534124184248,536994261842134.75,0.025380937884373397,0.44455776872213587
61,0.380,0.9120965641952428,0.643244261333121,791759806051586.1,0.06224178658113808,0.02586653199260099
61,0.360,0.663250084267551,0.40974992838155067,477810094848679.6,0.06727716994363996,0.2704497223095415
61,0.340,0.6714948554346247,0.3303929316080374,363867777762336.4,0.0794031720466444,0.25007397368820233
61,0.320,0.8082627595156417,0.3640362531136637,377336266353989.44,0.08351515795173407,0.10968987472462546
61,0.300,0.6094204429165188,0.15937502354976513,154872907115990.88,0.02904628830619941,0.36323853265651024
62,1.200,0.37478328440509556,0.2917556169268308,1098177313579683.4,0.08734977332399456,0.5381044264263622
62,1.180,0.44367337153595876,0.3419453615402868,1265641538540899.0,0.10650766745197751,0.45012934040785596
62,1.160,0.5317704523598119,0.4053801278754957,1475001426473062.0,0.13159961853464894,0.337035461584944
62,1.140,0.6262676966937294,0.47177026983920844,1686970219683137.0,0.15989319424060036,0.2143536812639326
62,1.120,0.6902477506395104,0.5133350744454185,1803395399986202.5,0.1819191432773974,0.12843737614557313
62,1.100,0.6791162399056666,0.498167471362873,1718858187131295.0,0.18484517650819202,0.13666515214813174
62,1.080,0.5893212784924249,0.42961588339211976,1455378921228232.2,0.16822243903137987,0.2430496221347018
62,1.060,0.4733513685214314,0.34310901647244735,1140801259344523.2,0.14182248547685408,0.3853462799346333
62,1.040,0.37192133465866445,0.2680390839349063,874386532810575.2,0.11753532769845446,0.5109840032086821
62,1.020,0.2979237094744128,0.21337887742151745,682690081933027.0,0.09969833850586442,0.6027532456402834
62,1.000,0.2489591620137697,0.17716375120663838,555708273969004.44,0.08838660515934484,0.6629827475419297
62,0.980,0.2395956033526453,0.17583334674481055,540504499713082.56,0.08251206684619737,0.6782024687785059
62,0.960,0.2633031022732327,0.2022964205853217,609160069088613.9,0.08226296465010428,0.6547348469054954
62,0.940,0.3263788156996019,0.26329256799328854,776315843738798.8,0.08824450289504783,0.5856423962425604
62,0.920,0.4433540950776087,0.37547623402845787,1083533333577757.8,0.09673955135284593,0.46001785534351314
62,0.900,0.6082782298768503,0.5382646961328051,1519533927624825.5,0.0975428780490821,0.2938321828624515
62,0.880,0.7722130367482387,0.7066585509553197,1950582333275022.2,0.08222165726347835,0.14433336378459807
62,0.860,0.8870208642109699,0.8280351798721748,2233671153462340.5,0.06017091252704274,0.05046943841271293
62,0.840,0.8803294455572361,0.8290787467250172,2184474925591506.0,0.043278067928154106,0.0734296218284734
62,0.820,0.752256482057736,0.7103870402516863,1827178086406459.8,0.03515765136525579,0.20993456548812867
62,0.800,0.6385295797178521,0.60304645676597,1513257213533121.5,0.035751833283763336,0.3236916811821985
62,0.780,0.5968041775492673,0.562869447278559,1377127890844532.0,0.04439839250488078,0.3572607042584988
62,0.760,0.6034994690694777,0.5682697777081849,1354690694500380.2,0.05753212348040096,0.3377461438026021
62,0.740,0.6416792690573964,0.6038755933267711,1401687475100267.8,0.06874078679565597,0.2884706781232472
62,0.720,0.7371027162197109,0.6944354738434242,1568326172060078.8,0.07659903502729531,0.1850299294331373
62,0.700,0.8532561338611673,0.8044861815545954,1766398244771458.5,0.08512332970640729,0.060177726053477744
62,0.680,0.8421614007093186,0.7923788012742701,1690105272839202.5,0.09398312860561339,0.06274963627345444
62,0.660,0.7002626516040088,0.6554274595063585,1356877258678993.8,0.0948589258355249,0.20431294164474448
62,0.640,0.5172167288906784,0.4791729779231799,961931814356120.2,0.08419985841199688,0.3983546710314646
62,0.620,0.4536790010700784,0.41589663671613253,808814807488864.4,0.0735639067338069,0.47248298176136905
62,0.600,0.6138357182107806,0.5638119859907371,1061103019474365.8,0.0743471720776321,0.31105414201608694
62,0.580,0.8161499803254638,0.7546966661920499,1373005954955970.5,0.06726944507528568,0.1150898102108214
62,0.560,0.8302822235773123,0.774701453497521,1360800291222455.8,0.04310949716594503,0.12470534800412561
62,0.540,0.8574030434812495,0.8055555695273833,1364461419013798.2,0.014697371697476012,0.12457212725053918
62,0.520,0.6228587553846607,0.5739302874824701,936126378995992.0,0.0013761769743824892,0.3708838042224672
62,0.500,0.798669744944247,0.702983321652136,1102521383871182.2,0.0017752830130048699,0.19338562877039694
62,0.480,0.7440916827227981,0.6309969077978402,950036878647380.9,0.008592061175778744,0.2439936187025541
62,0.460,0.5179244806572244,0.43015901494479325,620667287555049.5,0.02708951033295009,0.45418602683310955
62,0.440,0.8673620657455883,0.7102769181059917,980285037460881.5,0.04971356484324073,0.08168490151424705
62,0.420,0.6134039769558299,0.4884740041432868,643521027447230.4,0.03486638905640221,0.350958464330554
62,0.400,0.5018562817846058,0.39196312940906214,491787180210118.3,0.02306735799842937,0.47445285415523625
62,0.380,0.9019116730730085,0.6338719189506041,755539379175322.9,0.05919404929531365,0.039099256859762906
62,0.360,0.6829120593992966,0.422049606755664,476582396143413.1,0.06694111044101449,0.2511802496248966
62,0.340,0.6269550151909264,0.30957132645568924,330150257882457.5,0.07245878332980539,0.30148078951608015
62,0.320,0.8259912799911808,0.3700334975152804,371418057817190.5,0.08310211436374897,0.09241129997003167
62,0.300,0.5870284646003457,0.15365581044488272,144591325188255.4,0.02727894543526314,0.3873383750876276
63,1.200,0.3544293532377418,0.2757516522264408,1003711358751935.0,0.08051636629244759,0.5652781118235917
63,1.180,0.41942866986689215,0.3230337543467131,1156217083193740.8,0.09821405882397795,0.48265014003927204
63,1.160,0.5057730457451789,0.38523580543476077,1355483091051275.8,0.12218948052041766,0.37242297885092035
63,1.140,0.6056067783439577,0.45574108485440046,1575913960383183.2,0.1510717353847631,0.24381944838192887
63,1.120,0.6867594328927163,0.5101152236884394,1732988883816587.0,0.17701116856270402,0.1368317772400168
63,1.100,0.6979169776053822,0.5112097041455241,1705694480502755.5,0.18595822641242593,0.11677070656297492
63,1.080,0.619052498688412,0.450550783083535,1475968109426780.2,0.1731417456965188,0.20843145028991766
63,1.060,0.4996828140358221,0.361533100407654,1162420874921723.0,0.14683787860295938,0.3540309032307952
63,1.040,0.38974020298854906,0.2803039641908392,884243851637099.9,0.1209415741364331,0.4897824685650894
63,1.020,0.30816488475738885,0.22020033763272176,681283109470755.0,0.10139738533666078,0.5908283029009348
63,1.000,0.2537488994953285,0.18009585420273092,546277338890230.75,0.08870973911875235,0.6578785211876518
63,0.980,0.23962754271833286,0.1753669278679466,521294615730983.25,0.0814174809884738,0.6792676680171303
63,0.960,0.2585644616273283,0.19811709969766614,576902823171464.5,0.079879341178045,0.6618545922542793
63,0.940,0.31539350881971323,0.2538013627129942,723654509565153.1,0.08453179911461085,0.6003349144193691
63,0.920,0.4237982815461285,0.3581717011691905,999513275166349.6,0.09190977948066226,0.48440238379397416
63,0.900,0.5809489598734385,0.5132793683752962,1401218255878969.5,0.09284003682820689,0.32588302615483344
63,0.880,0.7449913240552292,0.6810194129788959,1817823166365648.5,0.07924583914786794,0.17457467613300212
63,0.860,0.8721727685350554,0.813580592476936,2122308439462660.0,0.059228532644223446,0.06629501671595259
63,0.840,0.8851916984185789,0.8331809304124431,2122892863556162.2,0.043636213904667015,0.0681842634817121
63,0.820,0.7612099649001262,0.7184530468859646,1786988316041330.8,0.03571219820190859,0.200383380813475
63,0.800,0.6388854217423772,0.6030398864798285,1463340845414628.8,0.035922053185007775,0.3231510735367064
63,0.780,0.5885878633689444,0.5547879452644,1312596035642665.0,0.04394972115512928,0.36593168356532685
63,0.760,0.5894442807192268,0.5547172559532914,1278776768614174.5,0.0563382516636236,0.35300733081419283
63,0.740,0.6219119417916553,0.585001055253553,1313100113457308.5,0.06669212661681821,0.31030450647053265
63,0.720,0.7114588907958463,0.6700623348501934,1463380192569869.8,0.07385474925808283,0.2134455952242525
63,0.700,0.8355202796409473,0.787613969207804,1672325915293395.0,0.08301163200073844,0.08003674956147704
63,0.680,0.8474916499327088,0.797360304622927,1644648122226833.2,0.09386711162276856,0.05751105387088447
63,0.660,0.7183897246148477,0.672524589343878,1346361155600857.8,0.09630729291854209,0.18471267763906155
63,0.640,0.5268544899107942,0.48834268905391104,948012653191034.5,0.08477053106708052,0.3881408106325551
63,0.620,0.4427292947993019,0.4060696559123105,763662907461534.2,0.07095730742468027,0.48604908710582323
63,0.600,0.580764854155682,0.5335183504679232,970979546529626.6,0.06945736033863009,0.3490573673923448
63,0.580,0.7935312536123313,0.733686938683879,1290768180788414.2,0.06440638811925972,0.1406062244067059
63,0.560,0.823836313336222,0.7684586936673593,1305323103443706.2,0.04198292073923423,0.13227462234503223
63,0.540,0.8667182123502428,0.8141280333655336,1333508962090826.8,0.014505041998374716,0.11539210722814777
63,0.520,0.6195184291627162,0.5707080010985129,900174641675566.1,0.0013251312530476807,0.3742894628283716
63,0.500,0.755697950004213,0.6648096844844184,1008269920805025.0,0.0016068726291005426,0.2368402880743887
63,0.480,0.7741007715949514,0.6559208662537425,954997322533774.9,0.008467026899819815,0.2139544615354312
63,0.460,0.504763400385073,0.4194331105211989,585234624401859.4,0.025159662179621234,0.4692926562451986
63,0.440,0.816111964888215,0.6675682862877158,890959253743350.9,0.04490915224410348,0.137803397181383
63,0.420,0.6541134178108096,0.5198024004871381,662211991522211.6,0.03566170214666763,0.30939141727475244
63,0.400,0.47901960702524293,0.3732504329470292,452866067689496.94,0.021086617778511188,0.4992890752560185
63,0.380,0.8783979546665475,0.6151483006462826,709043524134743.9,0.0553882683400274,0.06641513132822123
63,0.360,0.703499150197828,0.4347486988219928,474733917661454.4,0.0665498115442158,0.23104443712408912
63,0.340,0.5851988966395941,0.29011421690818123,299197112837831.9,0.0660411835374005,0.3495838914596241
63,0.320,0.8350463592023721,0.3720259770335573,361104344806351.6,0.08172896488316371,0.08475070695410968
63,0.300,0.5704851055367014,0.14947910142764342,136022641013727.75,0.025820860884606996,0.40529634471149595
64,1.200,0.3348684655483092,0.2603660712130577,915103680842657.2,0.07405295806719553,0.5912894898512193
64,1.180,0.3956687201589825,0.30449943135761304,1052381390039611.8,0.09025969511793587,0.5143475251956456
64,1.160,0.4790513509445767,0.3645439463312713,1238547155460784.2,0.11284062132428123,0.40847319940537047
64,1.140,0.5816213455293333,0.4372035270717038,1459799378946926.8,0.14158695394031773,0.2772705717749128
64,1.120,0.6774165862022679,0.5025046287626352,1648400568195431.0,0.1705509827222905,0.1526280940867965
64,1.100,0.7122301497332558,0.5208653751250149,1678119329442724.5,0.18555508025392134,0.10287631909262926
64,1.080,0.64849517359502,0.47114189447674437,1490322113951021.2,0.17751200465960976,0.17465113603118226
64,1.060,0.5278269686577667,0.3811408922471031,1183303306050909.5,0.15196164906194978,0.32079698339642576
64,1.040,0.40925674614655255,0.2936876106931241,894589160572598.5,0.12456919164889405,0.4666643551450209
64,1.020,0.31948894985722726,0.2277193966624094,680306879260544.1,0.10325472657136057,0.5776638789828312
64,1.000,0.25918694052466024,0.1834327950171186,537256464604348.75,0.08913768181553391,0.6520222709646993
64,0.980,0.24011110763009552,0.175195410613649,502867382978948.44,0.08041597418306544,0.6797888755764644
64,0.960,0.25435123444079705,0.19432336433685074,546387707583806.2,0.07763661223995914,0.668308645125932
64,0.940,0.3052441145967288,0.24498538957396715,674485634990998.8,0.08104321718043082,0.6139679569815282
64,0.920,0.4054352042400377,0.34189652186061836,921270524455344.2,0.08734381620219309,0.5073304128601123
64,0.900,0.5543683220346344,0.4889820283375319,1288961879459188.5,0.08825270394682656,0.357069056062505
64,0.880,0.7165750595552114,0.6542997405592246,1686413563763205.8,0.07613329861407571,0.20614914590767433
64,0.860,0.853810631900687,0.7958363671020622,2004596181067357.5,0.058046452085849604,0.08588374499762635
64,0.840,0.8871870625527589,0.8345536059243853,2053232785511000.2,0.04386616289493563,0.06594354106513939
64,0.820,0.7697748541249394,0.7261194793905473,1743920192459987.2,0.036270283406158184,0.19121827960271318
64,0.800,0.6395332761892146,0.6032846142840118,1413568643448641.2,0.03613336324877339,0.3222763000008889
64,0.780,0.5807065481374463,0.5470046699807117,1249655494640497.8,0.04355301912871482,0.37421505731381755
64,0.760,0.5757724720697432,0.5415116029288632,1205385673110032.5,0.05521034145614292,0.3678188624171026
64,0.740,0.6026692984266714,0.5666097994158485,1228062492510062.5,0.0647289975045878,0.331527829101664
64,0.720,0.6856327942507655,0.6455096477867345,1361256292627415.0,0.0711226224844517,0.2420324556338427
64,0.700,0.8145633341677211,0.7676918008430011,1573945204028078.8,0.08061129367482991,0.10341144036186445
64,0.680,0.8487957860366229,0.7985347410492823,1590403761900358.5,0.0933017497945087,0.056752699828417096
64,0.660,0.735744475943648,0.6888898496082972,1331675432110006.0,0.09758684175564522,0.1660532211855939
64,0.640,0.5382849960532503,0.49917561740810146,935702961600833.2,0.08555927352017786,0.37591495897909744
64,0.620,0.4339173556268947,0.39819441090561647,723088601867548.4,0.06869484095502879,0.49713181180557986
64,0.600,0.5495876071110731,0.5049610328259941,887388471294031.9,0.06485477540725895,0.38487749623739936
64,0.580,0.7667054817216707,0.7088022159591675,1204086609029529.5,0.06123046423225761,0.17065127366279337
64,0.560,0.8152646488257986,0.7602440611140737,1246940496243268.8,0.04074356089220447,0.14208838137685262
64,0.540,0.8738193141066926,0.8206200207264542,1297897913958430.2,0.014265523487265163,0.10848212724914348
64,0.520,0.6186949365117227,0.5698077986801802,867833476369652.6,0.0012801310321866155,0.37515284410298116
64,0.500,0.7131739752175348,0.6270762178871787,918322025862634.8,0.0014496505307000926,0.2798348406036267
64,0.480,0.8045183947532769,0.6811516432463142,957612292634947.8,0.00832936150626855,0.18351623012783502
64,0.460,0.4949653040248912,0.4114938260058461,554403318921578.44,0.023478872482124203,0.48078199026622687
64,0.440,0.7590862486170855,0.6202958134536978,799385364618801.6,0.04005527794258767,0.19975732786076375
64,0.420,0.7008852192720225,0.5558588405055572,683783274879017.5,0.03660767911796073,0.2616029382089977
64,0.400,0.4606708217116314,0.3581126899720691,419550621199205.9,0.019399102621981024,0.5193394944585683
64,0.380,0.8423757855657128,0.5877663592539151,654173562254938.6,0.05097533126895124,0.10684311860276088
64,0.360,0.7239020995739807,0.4471507813358303,471477705200591.56,0.065996122262921,0.21125687002683624
64,0.340,0.5476635181032887,0.2727149836678302,271576747795587.34,0.06028769473959361,0.3928106797695139
64,0.320,0.8339404076497007,0.3694357356715956,346253001883384.56,0.07932518509818243,0.08826325088165721
64,0.300,0.5593480384282562,0.14672618527979742,128923933521728.9,0.02463133147310521,0.41759430762024446
65,1.200,0.3161437519141224,0.2456339943446017,832301506546914.4,0.0679608091743986,0.6160941720459945
65,1.180,0.37259847846558564,0.2865028893301124,954601203597581.0,0.08268934683540964,0.5449718854994805
65,1.160,0.45212458018323387,0.3437054615086422,1125784815381443.0,0.10369441628745064,0.44452590337171427
65,1.140,0.5551037682112017,0.4167653571567579,1341551741588034.2,0.13169409705981,0.31366005514701506
65,1.120,0.6624818559291298,0.4907165380146095,1551885522342618.2,0.16270667094646196,0.17539579221910606
65,1.100,0.7211416536040319,0.5264775778803149,1635247632839319.5,0.18346704381245,0.09606393012185764
65,1.080,0.6767881844756527,0.49075577824231087,1496580704151993.5,0.18108200443934036,0.14282019181791328
65,1.060,0.5576130934200069,0.4017911582440425,1202588938775150.2,0.15708732425298935,0.2859216325937501
65,1.040,0.4305301594722655,0.3082161281434456,905106458695204.6,0.12838504716067833,0.44160375208822966
65,1.020,0.33193104075295815,0.23594955781985175,679563905727074.8,0.10524767184310271,0.5632476307568566
65,1.000,0.26526245914456065,0.18715936412515727,528472660924379.9,0.08964535361248936,0.645449926831782
65,0.980,0.24099989233851435,0.1752803472510964,485031857815247.94,0.07947930797606861,0.6798407017431066
65,0.960,0.25059169571359174,0.19085702406342214,517357018394430.4,0.07550382472090796,0.6741996260254007
65,0.940,0.29583515898832724,0.23676450817795072,628427842871095.5,0.07774572142702472,0.6266699883123114
65,0.920,0.38819771861900976,0.3265906019599504,848403545485613.5,0.08302124222787,0.5288895320595527
65,0.900,0.5286899519603017,0.4655078437819336,1182988374806020.8,0.08380198814016307,0.38721547547386576
65,0.880,0.6874186323069514,0.6269190127396883,1557776246718095.5,0.07292944624359725,0.23855627376694516
65,0.860,0.8322375190339819,0.7750912213133941,1882184677251421.5,0.05664146758585223,0.10891503361585066
65,0.840,0.8859666200546266,0.8328705586830806,1975457818125134.8,0.04394817798094165,0.06707739623102145
65,0.820,0.7776427776336676,0.7330928319587637,1697398404643139.5,0.036817565761722966,0.18276310292913586
65,0.800,0.6403216332651265,0.6036346392496486,1363562675141661.8,0.03637797056337502,0.32122714019429405
65,0.780,0.5730546133516105,0.5394178844838007,1188039576618374.0,0.04320007737568518,0.38222491480703574
65,0.760,0.5624057277973926,0.5285777650202599,1134314403457676.5,0.0541389029165374,0.3822686959937305
65,0.740,0.5839375491880457,0.5486883138685286,1146485046081831.8,0.06284610712907468,0.3521597506394251
65,0.720,0.6598868893730011,0.6210255049073508,1262562532643532.8,0.06842472790340352,0.2705055797002797
65,0.700,0.7908988883110614,0.7452060860715276,1472941156638758.5,0.07797135824750243,0.1297385463977983
65,0.680,0.8458153187960193,0.7956590892611408,1527731049301576.8,0.09226266658552912,0.060758100213976235
65,0.660,0.7516563877241933,0.7038936306107239,1311782808902674.2,0.09860439252721524,0.14909889703998752
65,0.640,0.5513240898058335,0.5115023707047812,924354562298149.9,0.08651803696714723,0.3619093993608251
65,0.620,0.4270745001115381,0.3921185479018768,686467592434963.1,0.06673420439887094,0.5059422955252415
65,0.600,0.5205573247403168,0.4783723052386343,810453763541108.0,0.06056086920505752,0.4182393879538547
65,0.580,0.7364709586651011,0.6807806460162652,1114926295506958.8,0.05781939554892869,0.20434750183750974
65,0.560,0.8042718188489382,0.7497839192466464,1185591598228888.8,0.039380639638259225,0.15445363931127323
65,0.540,0.8779978458120541,0.824368167233506,1256972965878815.8,0.013969194605192458,0.10456331714855248
65,0.520,0.6202332420002831,0.5710854374618641,838523799885228.5,0.001240255604554519,0.3736310011858931
65,0.500,0.6722587700026618,0.5908018914547369,834109073611330.2,0.0013052699251562814,0.3211975585361082
65,0.480,0.8336448427559795,0.705252383973321,955865450534204.1,0.008163080475196153,0.15440241090513068
65,0.460,0.4881667017924793,0.4060400172040173,527396973669149.56,0.02200603647527627,0.4890591323623705
65,0.440,0.7008073168122688,0.5721510378965303,710844047044718.2,0.03541493097202521,0.26275467684510406
65,0.420,0.7523180094417614,0.5955191747282159,706246005033734.8,0.0375970397638266,0.2091033921465954
65,0.400,0.4465256586641493,0.3463087184731153,391141935768521.25,0.017965754549158146,0.5349275748506316
65,0.380,0.7961928060388733,0.5534746583534091,593871250803582.6,0.046183396201227814,0.1578080488690151
65,0.360,0.7429952257526575,0.4585540703935734,466126740282979.6,0.06518678010979446,0.19303444842216358
65,0.340,0.5150991763311495,0.25774242027476757,247443348219367.16,0.055246047125388914,0.4303638198196827
65,0.320,0.8225369533310462,0.36229727405272605,327360299149137.0,0.0759617064343053,0.10301397150722229
65,0.300,0.5531644590898145,0.14527679491686787,123063275095775.89,0.02367090936788582,0.42472331271530406
66,1.200,0.2982663553073924,0.23156543166375745,755146091182825.0,0.06223309475581449,0.6396878232227609
66,1.180,0.35035681958982606,0.2691532156968162,863092981311511.4,0.07552839422601267,0.5743590352774454
66,1.160,0.4254158610191026,0.32304698762256573,1018356147885360.4,0.09485894775122337,0.48005017247567416
66,1.140,0.526841258891612,0.3950289747926787,1223798193329695.5,0.12163113018141522,0.351963330807807
66,1.120,0.6424987899016258,0.47517376478276707,1446260356284117.5,0.15371347342990643,0.20435651168065008
66,1.100,0.7239490201668077,0.5275510825529631,1577005501675941.0,0.17960532688137923,0.09712411088849829
66,1.080,0.7029250246237387,0.5086589892626956,1492885446045459.2,0.18358295430135216,0.11421293113348989
66,1.060,0.5887645155760945,0.4232662766625432,1219257786658260.8,0.16207899503075993,0.24981721895066858
66,1.040,0.45359922192552576,0.3238992433101895,915417640981051.4,0.13234416921116313,0.4146069885251873
66,1.020,0.3455202564090637,0.24489879725483135,678832815980319.9,0.10734762855509522,0.5475791531456909
66,1.000,0.2719580041555851,0.19125517016829469,519743646296933.9,0.09020363438518085,0.6382080781720304
66,0.980,0.2422417232145669,0.17557917424153463,467600624603890.1,0.07857705104939594,0.6795057094110608
66,0.960,0.24721119922248155,0.1876580310593987,489569544522820.4,0.07344939834587666,0.6796336980026417
66,0.940,0.2870686394843794,0.22905702258899185,585123404005388.6,0.07460591750994776,0.6385723540855789
66,0.920,0.3719999781394771,0.3121782574133468,780488456375180.6,0.0789175814915357,0.549190081776664
66,0.900,0.5040043487096675,0.44293550176706786,1083325597442318.0,0.07949856626622577,0.4162210929659714
66,0.880,0.6579221017791688,0.5992458175600669,1433057737764984.5,0.06967376314179402,0.2713559068648104
66,0.860,0.807837159619465,0.7517087917245181,1756807131005615.0,0.055035623947877636,0.1349821622142863
66,0.840,0.8812614604308193,0.8278817865545333,1889833829732060.2,0.043865628387538706,0.07187240234692881
66,0.820,0.7844837022327151,0.7390594930098686,1646907687877040.5,0.03733806018729725,0.17536509547129156
66,0.800,0.6410818751913028,0.6039277322212352,1312958395292730.8,0.03664681195866958,0.3201818199499552
66,0.780,0.5655154445570916,0.5319154192030744,1127491268439018.8,0.04288156677909246,0.39008749972401624
66,0.760,0.5492543155911039,0.5158299186236905,1065359358020735.0,0.05311299251186444,0.39645769001698894
66,0.740,0.5656770034175441,0.5311986436339008,1068229782146133.1,0.061035063515690255,0.3722484220840232
66,0.720,0.6344161645013361,0.5967942219594548,1167704922229231.2,0.06577565889716182,0.29865508667163176
66,0.700,0.7650616681406981,0.7206631717243827,1370901884670857.2,0.07514133226710633,0.15843314047786733
66,0.680,0.8384580621181966,0.7886474417921547,1457363258424855.2,0.0907431513036026,0.06962661853312346
66,0.660,0.7654256121385635,0.7168787037885659,1285776900812694.5,0.09926502259222238,0.13464518544847665
66,0.640,0.5657366104501258,0.5251057982962429,913277572141538.0,0.08758995223857773,0.3464162679917629
66,0.620,0.4220280290138453,0.38768576554128287,653202066108712.8,0.06503237473131335,0.5126964136504853
66,0.600,0.4937668593103948,0.45383729079333995,739992696045469.0,0.056576701950389094,0.4490489983593186
66,0.580,0.7037349075132292,0.6504604991996622,1025238546861913.8,0.054256390649533824,0.24070279683532494
66,0.560,0.7906367017099085,0.7368740150955667,1121391535679403.4,0.0378884067732224,0.16959792675753912
66,0.540,0.8785887029757454,0.8247503668670271,1210297906168091.8,0.013608268043451242,0.10431145654510013
66,0.520,0.6239444339428905,0.5743656955510111,811648222311864.6,0.0012045639222421696,0.3699151699758425
66,0.500,0.6337069342455668,0.5566466309025511,756354846223540.1,0.001174253672065679,0.36016726549881856
66,0.480,0.8594689472386513,0.7265278184516972,947696965471121.8,0.007952856450167516,0.12864890185932787
66,0.460,0.4840141010444031,0.4027788140703948,503501136592909.44,0.020704555861529264,0.49451467952057204
66,0.440,0.6445475510543799,0.5257908205792114,628697424159586.2,0.031149793188886797,0.3233564093855043
66,0.420,0.8058298340544174,0.6367373141384237,726750930177793.9,0.03847962884516423,0.1546282728338466
66,0.400,0.4362879724310519,0.33758978930727146,366965552654662.8,0.016749978259220765,0.5463862337983542
66,0.380,0.7431643733824496,0.514667063608184,531478838938801.5,0.04126825157143201,0.21573966173384648
66,0.360,0.7597107986822071,0.468300105427219,458144799385291.25,0.06404881587565088,0.17751573188501366
66,0.340,0.4877432037779189,0.24532200767464515,226668636403357.3,0.05090134481633316,0.4620208414886022
66,0.320,0.8019842571058371,0.35120916972677607,305416031286099.2,0.0718264383253853,0.12766858231533587
66,0.300,0.5515005893763609,0.14501635264718585,118226337878145.69,0.02290269697340074,0.42715287570317817
67,1.200,0.2812225209107402,0.21815085222572986,683406140126125.6,0.05685728598303881,0.6620966951546113
67,1.180,0.3290265671967324,0.2525159062522743,777877954944629.1,0.06878674162761918,0.6024162771274159
67,1.160,0.39925084098269603,0.3028199134414212,917029140847532.5,0.08641103038410933,0.5146437609457328
67,1.140,0.49756071839752747,0.37254958262702154,1108739829285743.9,0.11160537436431625,0.3912467344047287
67,1.120,0.6182229885565549,0.45645596534376487,1334619992610991.2,0.1438486468827044,0.23847799954691284
67,1.100,0.7202482129225868,0.5238149037210258,1504219632210894.5,0.17397758941514382,0.10645279881522726
67,1.080,0.7257992039932952,0.524052970216391,1477541401048336.8,0.18474684449268744,0.09020274055626351
67,1.060,0.6208772872833315,0.4452580699672138,1232135246485019.0,0.16676915645349868,0.21305483839757589
67,1.040,0.4784737824735327,0.3407243622608497,925075636267464.0,0.13638741636624965,0.38572346821305453
67,1.020,0.3602765605367458,0.2545673840363932,677865682478996.2,0.10951892973659738,0.5306742456444116
67,1.000,0.2792471813330209,0.19569310582230504,510876872337139.6,0.09077863245426784,0.6303570191874467
67,0.980,0.2437770925088604,0.17604422162305142,450389821035016.6,0.07767623691770455,0.6788763199863864
67,0.960,0.244131359836955,0.1846639933364194,462800876068030.0,0.07144102037159507,0.6847214882375341
67,0.940,0.2788445489092036,0.22178023087074855,544241182152621.4,0.07159029992388381,0.6498085100798842
67,0.920,0.356742644499799,0.2985728162064093,717098490506727.5,0.07500555362304204,0.5683586912448514
67,0.900,0.480348285570332,0.4212958536261557,989852332366342.9,0.07534428851402854,0.4440473000540507
67,0.880,0.628420211721828,0.5715879640208024,1313126191573129.5,0.0663986523687892,0.3041803905451747
67,0.860,0.7810435505871046,0.7260990219753091,1630177968629840.0,0.05325424755491033,0.16362472211070678
67,0.840,0.872898851954102,0.8194285951953255,1796929827898937.8,0.043605799981200975,0.08051472344701795
67,0.820,0.7899529265520496,0.7436924457573253,1592017872268258.8,0.037814292623552244,0.16938773480528632
67,0.800,0.6416280631321891,0.6039852732554368,1261412275273972.2,0.036929394065503655,0.31933738724601535
67,0.780,0.5579615988871794,0.5243748639857627,1067768696650148.8,0.04258691369401446,0.39794116842888383
67,0.760,0.5362186392716851,0.5031729778125544,998324245571397.9,0.05212022453912441,0.4104980383576451
67,0.740,0.5478268256975497,0.5140829223470269,993128884364006.8,0.05928477774433657,0.3918658771880169
67,0.720,0.6093533093549284,0.5729412634007509,1076919681985577.1,0.06318312098456068,0.32634037600058974
67,0.700,0.7375712225895165,0.6945550163437764,1269244846655884.8,0.07216777394538872,0.1889284036673938
67,0.680,0.8267977199830726,0.7775705948449095,1380350757149078.5,0.08875362035888638,0.08327438948277441
67,0.660,0.7763597807244399,0.7271948479666481,1252954918598442.5,0.09947713797830754,0.12347681459545878
67,0.640,0.5812254060628426,0.5397107244607535,901740837835137.8,0.08870788569201182,0.32979999540624805
67,0.620,0.4186016816848979,0.3847362044988419,622723796845340.5,0.06354561331842007,0.5176143186202395
67,0.600,0.46918761015721494,0.43132972335520703,675618220952070.6,0.05288849482699661,0.4773487340177448
67,0.580,0.6694122140571047,0.6186866430594694,936783968879279.5,0.05062154863914561,0.27872044455634504
67,0.560,0.7742326582525498,0.7213981735163604,1054638889737032.1,0.03626689828706735,0.18764828124165597
67,0.540,0.87502133633085,0.8212336984662881,1157713874724293.5,0.013177548628935502,0.10830484508757222
67,0.520,0.6295989031624722,0.5794361315350552,786592195080233.1,0.0011720901416183251,0.36423765156466775
67,0.500,0.5979265836712537,0.5249648702142786,685237249046139.5,0.0010563023749049062,0.3963327439258391
67,0.480,0.8798203655485546,0.7431537742045601,931237897386308.4,0.007685792313106748,0.10844928352610761
67,0.460,0.48216233234394934,0.40142412271031663,482061019663543.8,0.01954202235582731,0.4975267166806407
67,0.440,0.592286416197319,0.4828098800125709,554586816817326.0,0.0273331221569248,0.37950664399327017
67,0.420,0.8574005243320704,0.6763485200475754,741584341121930.6,0.03906310833016887,0.10239554135206966
67,0.400,0.42967078337833137,0.3317162781610104,346391711610103.4,0.015718428293539727,0.5540359878248827
67,0.380,0.6868266750990152,0.473852323661165,470075187252516.56,0.03646275329600627,0.2768698610864908
67,0.360,0.7731080019163538,0.4758182540803468,447182002414723.6,0.06253389244769021,0.16568777894913078
67,0.340,0.4654971454352357,0.2354193403858363,208959332376721.7,0.047200820913751516,0.4879325019278169
67,0.320,0.7743044883028769,0.33713669327290613,281641544700289.4,0.06717078951664053,0.1599570561716091
67,0.300,0.5539428704931717,0.1458359265481244,114215881621726.19,0.022292290045504853,0.4253298462908882
68,1.200,0.2649798095196049,0.20536606963773377,616805246930621.4,0.0518171456308509,0.6833694217336631
68,1.180,0.3086449353004523,0.23662100486908022,698833030052729.6,0.06246255119057466,0.6291082346330057
68,1.160,0.373864177175574,0.28320547411065006,822238399016424.5,0.0784001310936429,0.5480226923337513
68,1.140,0.46789205470968215,0.34980752138411414,998095543420671.1,0.10178628362224766,0.43071138128196107
68,1.120,0.5905342694504189,0.43523309271912747,1220051192749851.5,0.13340391309907074,0.27658942495001726
68,1.100,0.7099857407644605,0.5152585978048074,1418587257111246.2,0.1666923605301356,0.12399481766220556
68,1.080,0.7442771933067053,0.5361285801010163,1449208380124296.8,0.18433056739879186,0.0721650800188191
68,1.060,0.6534020871179893,0.46735640143113033,1239915767502840.8,0.170958767583961,0.17638232609871426
68,1.040,0.5051246791980961,0.3586496718880602,933559277073527.5,0.1404391142671161,0.3550581001693945
68,1.020,0.37620698589279816,0.2649452738187577,676385782859747.1,0.11171757876884021,0.5125699582281291
68,1.000,0.287091862819604,0.2004375441709318,501668918761361.6,0.09133092607839352,0.6219742936232683
68,0.980,0.245537391181412,0.17662162862865322,433219585651458.94,0.07674106262549299,0.6780568786998245
68,0.960,0.24126914357008605,0.18180965215610478,436843915220596.3,0.06944558093246571,0.6895790609455645
68,0.940,0.27106106809605723,0.2148507248089154,505478628669397.7,0.0686654479923997,0.660513633281892
68,0.920,0.3423169137043486,0.28568020520168963,657818523111663.1,0.07125607635596472,0.5865332505951016
68,0.900,0.4577143117134819,0.40058061679580753,902340732432852.9,0.07133379971599606,0.4707069416989278
68,0.880,0.5991780637985618,0.5441887525975372,1198589187156970.5,0.06312899693631835,0.33673934322292126
68,0.860,0.75231004309025,0.6986891668636159,1503905621538532.2,0.05132392599792135,0.19436163017716915
68,0.840,0.8608113815934496,0.8074520173283427,1697595173671906.8,0.04316040261537718,0.09308043068837032
68,0.820,0.7936999326273347,0.7466597180403265,1532409007926501.8,0.0382275365007804,0.16520161312658957
68,0.800,0.6417570825908225,0.6036124383181277,1208610295179935.8,0.03721362439064942,0.31890973760812846
68,0.780,0.5502549545235561,0.5166637534903437,1008650525858596.9,0.04230414723419846,0.40593639474686927
68,0.760,0.5231905837505746,0.49050391489274187,933026958268771.8,0.05114674002364692,0.4245119556226883
68,0.740,0.5303092616496313,0.497267410374978,921000443285959.6,0.0575817855204456,0.4111034807902275
68,0.720,0.5847759524505508,0.5495401223038426,990307400147931.5,0.06064869072932911,0.3534821248888713
68,0.700,0.7089038899397418,0.6673327082149798,1169172450691978.2,0.06909174718050809,0.22070625492728133
68,0.680,0.8110572977291051,0.7626403711866293,1297976489183419.0,0.08631942088846158,0.10145310704731034
68,0.660,0.7838165922200261,0.7342389147454901,1212884527385667.0,0.0991581479606834,0.11631946143592993
68,0.640,0.59742143782051,0.5549746903533797,888978532244069.5,0.08979338920987505,0.31250826158838946
68,0.620,0.416614040620005,0.3831049582725298,594494148338665.9,0.062229174390013166,0.5209223284301833
68,0.600,0.4467037264567334,0.4107432771705926,616821972946181.8,0.04947237343634249,0.5032784614477388
68,0.580,0.6343422494016492,0.5862337856059506,851014498995250.0,0.04698533727105465,0.31748899008107573
68,0.560,0.7550389018026848,0.7033387547574883,985804274771494.2,0.03452215415996909,0.2086196215253283
68,0.540,0.8668686310321936,0.8134201541871744,1099377414078484.1,0.012675041031361028,0.11697460320291764
68,0.520,0.6369172996188894,0.5860388037544993,762724749042630.1,0.0011418382930249793,0.3568809356237525
68,0.500,0.5650557690640409,0.49587342677364793,620553117633197.5,0.000950582829206252,0.429555467588316
68,0.480,0.8926159608641875,0.7533853860915772,905099970841052.8,0.007353462667716711,0.09590526301549056
68,0.460,0.48226852296417055,0.40169154832189125,462475411758036.4,0.018489739189180735,0.4984673328785073
68,0.440,0.5449539577718139,0.4439451460174077,488900082156617.8,0.023975273345906017,0.43026334485431483
68,0.420,0.9016561797847549,0.7101423967205334,746505228435362.0,0.039131292162793395,0.05800274473396145
68,0.400,0.4264041984135469,0.32846391853260076,328840865704972.2,0.014841098717808794,0.55817693291609
68,0.380,0.6302980501256141,0.43321088097867966,412022634576583.8,0.031943035078272675,0.33790501574015563
68,0.360,0.7824220273397733,0.48065678281731333,433087548694125.1,0.06061963660805926,0.15833584617511828
68,0.340,0.4480683092321029,0.22790693260240633,193943207975966.2,0.04407235308461994,0.5084629386159907
68,0.320,0.7418414035662027,0.3211602013359199,257223013374736.66,0.0622509842194197,0.19728363017492562
68,0.300,0.5600807492669215,0.14762744939797695,110847650661428.86,0.021806999275773516,0.4196963526202066
69,1.200,0.24949234407872842,0.1931763709248239,555043620877174.6,0.04709434438972542,0.7035701594829536
69,1.180,0.28921342363682306,0.22147081860674944,625734909579221.1,0.05654556614754098,0.6544436409573179
69,1.160,0.3494107101251164,0.26432344060663227,734151236472781.0,0.07085318046779768,0.5800052836021701
69,1.140,0.43834976059618513,0.32719455095880484,893105533843078.8,0.09230364904650072,0.46971337151638454
69,1.120,0.5603472957428711,0.41219816570894763,1105391050489924.0,0.12266045432150077,0.3174956816093566
69,1.100,0.6934633448336563,0.5021332677228754,1322523955354242.5,0.15794960371171446,0.14924863676334207
69,1.080,0.757294282426938,0.5441364817960671,1407095150899641.8,0.18214315510471107,0.061354478104283225
69,1.060,0.6856334669195268,0.48904347523931396,1241209814126059.2,0.17442061625623856,0.14073162356568245
69,1.040,0.5334722161775473,0.37759642617832834,940271085249927.6,0.14440484979916757,0.32278501164874357
69,1.020,0.39330104586427056,0.2760090338000647,674086043052303.6,0.11388994857445589,0.4933304740547975
69,1.000,0.2954388477790261,0.2054422322108099,491905401876474.2,0.09181480654793797,0.6131587854944306
69,0.980,0.2474429434784687,0.1772501790766786,415915039670537.56,0.07573266256995347,0.6771658424685357
69,0.960,0.23853590880011333,0.1790263625802044,411509710191858.5,0.06742918113554737,0.694328866090042
69,0.940,0.2636145370703807,0.20818453321390956,468563204608161.3,0.0657982143735058,0.6708244616495433
69,0.920,0.3286075413667437,0.2734016861032752,602255649399626.9,0.06763907238585944,0.6038590789942206
69,0.900,0.43605962306375723,0.3807504941738462,820492946129784.5,0.06745606912100678,0.49625390972256633
69,0.880,0.570392060510299,0.5172281043879815,1089824717709150.9,0.05988228246051952,0.3688185890147935
69,0.860,0.7220812416784594,0.6698975257900339,1379426902446392.2,0.049270655281338206,0.22672115643805224
69,0.840,0.8450377386350031,0.7919933314776497,1592915277456479.2,0.04252570128878029,0.10953457930271647
69,0.820,0.7953786826257407,0.7476341849438956,1467894590123589.0,0.038558119724731374,0.16317379727624304
69,0.800,0.6412492143507718,0.6025988008550258,1154277198470883.0,0.037485635045985274,0.3191332200194287
69,0.780,0.5422468967265464,0.508639801074086,949941388344939.0,0.04201971968195102,0.41423576507098636
69,0.760,0.5100547125092852,0.4777129542324895,869305599707818.8,0.050177139000190205,0.43863054686454583
69,0.740,0.5130333209194045,0.48066602959964816,851661502586350.1,0.055910491120027016,0.43006799818530855
69,0.720,0.5607147706820245,0.5266200311138244,907865969828008.4,0.0581686273453328,0.3800533588384934
69,0.700,0.6794740427962306,0.6393887698385715,1071654793071014.4,0.06594720648682689,0.2533177588489945
69,0.680,0.7915795054599741,0.7441816708479949,1211657147370415.2,0.08347737688829443,0.1237830983277215
69,0.660,0.7872470379737705,0.7374954993988136,1165454106648632.8,0.09824004510547128,0.11379090303279006
69,0.640,0.6138764867858507,0.5704811138648089,874204649538745.5,0.09075633030620184,0.29507966771755983
69,0.620,0.4158754101076329,0.3826191803186368,568002560007412.6,0.06103684174627273,0.5228565136859724
69,0.600,0.42613956167349026,0.3919167146408876,563036957716786.0,0.04629813014197484,0.5270442542520801
69,0.580,0.5992330475780784,0.5537550189828716,769019824644115.4,0.043404733807078495,0.3562420318939628
69,0.560,0.733141071869643,0.6827770563823266,915500977917736.4,0.03266585014625715,0.23241453050741304
69,0.540,0.8538854591577602,0.8010826282464112,1035769075760958.9,0.012102288898945695,0.13056560459549954
69,0.520,0.6455601345168358,0.5938607491437178,739400656854980.2,0.0011127789310674833,0.3481881875058291
69,0.500,0.5350364133026855,0.46931696149933905,561860008211180.75,0.0008559618212848969,0.45989487841086535
69,0.480,0.8961628158064506,0.7558120061985447,868654133245181.0,0.0069536926184105815,0.09272044429620487
69,0.460,0.4839836967237034,0.40329136881728384,444189845143401.56,0.017522221265261363,0.4977115364717863
69,0.440,0.5027512580261267,0.4093405206893031,431250171464485.9,0.02104880861009633,0.475452326855055
69,0.420,0.9325588886477174,0.7334093419334252,737543423007989.8,0.03848575617739115,0.027694773992962197
69,0.400,0.426233853192971,0.327622627492904,313780352766714.56,0.014091012899063832,0.5590906147010138
69,0.380,0.5759190924515428,0.39435381281081533,358807495908654.4,0.027817367960042885,0.3963969006015792
69,0.360,0.7870857045718532,0.48249574976676457,415898984010747.06,0.05830793599107098,0.15602355081853997
69,0.340,0.43506624276526457,0.2226096880455328,181223638098284.8,0.041436428132856314,0.5240813674709554
69,0.320,0.7067829692417927,0.3042652240915721,233127852201636.4,0.05728461799084378,0.23724674339744922
69,0.300,0.5694769968244007,0.15027572184397592,107944854206147.67,0.021414742358117567,0.4107205076613613
70,1.200,0.2347051099437532,0.18153990343791157,497814721570818.7,0.04266973183239468,0.7227730189747873
70,1.180,0.27070662420449065,0.2070467847481663,558296477103979.06,0.05101992079523247,0.6784637285638347
70,1.160,0.3259786939526897,0.24624237706533106,652732404581146.5,0.0637795254014024,0.6104939728465673
70,1.140,0.4093296038919322,0.3050116323015809,794576366065451.6,0.08324985075374826,0.5077648461374534
70,1.120,0.528535082766263,0.38801010757042015,993059913229310.8,0.11186992569381404,0.36007280540417
70,1.100,0.6712939969498792,0.48491681475556575,1218917517150813.8,0.14801914757437354,0.18133190993235548
70,1.080,0.7639610813098516,0.5474641140326445,1351119623302802.0,0.1780717268638473,0.05877218992684601
70,1.060,0.7167113198488376,0.5096972474882586,1234617825296250.5,0.1769070180494151,0.10720960207232887
70,1.040,0.563373529514152,0.3974407071417285,944539393583467.9,0.14816968604668806,0.2891619485339912
70,1.020,0.4115252517518038,0.28771825764368725,670628464410368.5,0.11597149079875668,0.4730538747332204
70,1.000,0.3042158880065501,0.21064784523578592,481361564958499.56,0.09217756499608794,0.6040353997611236
70,0.980,0.24940085500920148,0.1778600776542008,398307920609800.94,0.07460900146679687,0.6763380344849823
70,0.960,0.23583644713679602,0.17624161926633136,386628706803363.06,0.06535724982792986,0.699100579527034
70,0.940,0.25639930208374556,0.2016971911181291,433253513361789.94,0.06295594763907726,0.6808792236818665
70,0.920,0.3154950618439794,0.2616359132445761,550046712830894.0,0.0641241383505465,0.6204860365830445
70,0.900,0.4153139013089268,0.36174236048220043,743971445341519.4,0.06369577501669933,0.5207739139554779
70,0.880,0.5421945519038393,0.49082709557153326,987019177688816.4,0.05666912582936459,0.40027497470692974
70,0.860,0.6907700390019844,0.640112068128994,1257965862436942.5,0.047118313926278924,0.26026547643617826
70,0.840,0.8257149818140398,0.7731865595179896,1484150598252750.0,0.04170225047625553,0.12973922804826732
70,0.820,0.794658683822743,0.7463040805579436,1398440709398863.0,0.03878577928807786,0.1636563691613491
70,0.800,0.6398691712761191,0.600719389387364,1098186312051736.1,0.03772959993606143,0.3202597820620367
70,0.780,0.5337785959475142,0.5001512382360725,891477405512195.0,0.04171830187343978,0.42301390631657965
70,0.760,0.4966893835735117,0.4646847056001082,807023832622998.8,0.04919438346102453,0.45299278831341944
70,0.740,0.49589795525379693,0.4641834333044197,784938707008888.6,0.05425334341145858,0.44887823793040293
70,0.720,0.5371616195168097,0.5041736994899637,829520403223410.5,0.055734660714930516,0.4060705243932635
70,0.700,0.649624068512922,0.6110477328958669,977434280655959.6,0.06276023791510758,0.28639392899893784
70,0.680,0.7687891965565883,0.7225970143184395,1122844109299955.9,0.08027165812063523,0.1497950548917854
70,0.660,0.786233023533673,0.736572347877904,1110896850953516.5,0.09667408966079742,0.11635866630991165
70,0.640,0.6300602382884825,0.5857365256303081,856636687651388.2,0.09149551967980372,0.2781460308176876
70,0.620,0.41618356476961893,0.38309414677077264,542764701162531.25,0.05992040122204697,0.5236674795259499
70,0.600,0.40728027240641324,0.37465275217739424,513682259324098.6,0.04333205835168397,0.5488949325718487
70,0.580,0.5646338773565981,0.521756597453823,691528896286917.8,0.03992191019860093,0.39438702452835006
70,0.560,0.7087208192215827,0.6598834995066766,844441727130294.1,0.030714398745469006,0.25883458580873814
70,0.540,0.8360296862007103,0.7841844149218665,967667947662028.4,0.011464363919508424,0.14911537296680571
70,0.520,0.6551171820147259,0.6025242831535504,715965816790656.6,0.0010838507042026627,0.3385739327972293
70,0.500,0.5076763984899232,0.4451228301396958,508585838784549.06,0.0007711774765374222,0.4875456581562269
70,0.480,0.8894424814124429,0.7495950923975252,822209255697549.0,0.0064914393758098154,0.09991380425537817
70,0.460,0.4869433637474449,0.4059206826685661,426690920223937.6,0.016616754189285775,0.49564712344007855
70,0.440,0.4654328172952,0.3787786916728059,380848812294686.6,0.018507626768383134,0.5153653459302359
70,0.420,0.9447553924509163,0.7419984209897275,712142100026297.8,0.03700403762958368,0.016955132897961356
70,0.400,0.42891231947244923,0.32898989844129406,300716282555802.56,0.013443710884166668,0.5570491452107009
70,0.380,0.5251751924781906,0.3582808783747977,311115476942755.7,0.02413280438711489,0.4508134893694836
70,0.360,0.7867254977440736,0.48114305266117446,395813961989090.7,0.05562104105599201,0.15910081758497388
70,0.340,0.42605928624208533,0.21933129703494117,170409543618922.22,0.03921285118664258,0.535298895183328
70,0.320,0.6708750149855324,0.28722232734573583,210030595968217.53,0.052430204630499085,0.27794529115444544
70,0.300,0.5816294863782042,0.15364820656469663,105332681303617.11,0.021082873799700006,0.398935694404182
71,1.200,0.22055739355130566,0.17041038513859272,444817563052570.5,0.03852430880597297,0.741057655794158
71,1.180,0.2530797048825728,0.19331530680631012,496195558803539.94,0.04586642114009313,0.7012324701107147
71,1.160,0.3036031983852462,0.22899001428055765,577802153108509.8,0.05717553794044616,0.6394573187592599
71,1.140,0.3811160240342531,0.28347482312934086,702949241697743.9,0.0746846242394887,0.5445218308159206
71,1.120,0.4958737863341516,0.3632528326132655,884976329351404.9,0.10124292919823638,0.4033346659920996
71,1.100,0.6443199212052367,0.46425175841184896,1110838350691123.8,0.13721163559440908,0.21909243717938132
71,1.080,0.7636620593108607,0.5457055705930108,1281996280169079.0,0.1721008126049606,0.0650484380282086
71,1.060,0.7456393782992293,0.5286071927903349,1218831180705795.8,0.17816251311998074,0.07706687628547358
71,1.040,0.594609428349482,0.41800512793015027,945626362922236.9,0.1515971367897217,0.2545444389631213
71,1.020,0.43081662145369376,0.30001142605890485,665644870299880.2,0.1178855309700735,0.4518798261268298
71,1.000,0.3133269804001919,0.21597916259183894,469803746096533.44,0.09235888175738577,0.594760371935755
71,0.980,0.25130270017591416,0.17837169890324145,380238989307952.8,0.07332494241028802,0.6757268836896332
71,0.960,0.2330680808246044,0.17337867477120736,362052486574877.75,0.06319480947924094,0.7040317372848336
71,0.940,0.24930752645557208,0.19530380811006146,399340343769176.7,0.060106788784319916,0.6908175300271691
71,0.920,0.3028573879690225,0.25028047788078805,500863547660844.5,0.06068113278009473,0.6365663365818688
71,0.900,0.3953859579469073,0.3434753786582033,672423283265762.5,0.060034531154194146,0.544376607261504
71,0.880,0.5146607184669756,0.4650545414171706,890207367720473.5,0.053494063492780346,0.4310286873206877
71,0.860,0.6587409377385849,0.6096750109181662,1140516226243555.5,0.04488754929941337,0.29460850806591327
71,0.840,0.8030633262410104,0.7512439514452461,1372666063911885.2,0.04069426781134873,0.15346932576962544
71,0.820,0.7912359198887953,0.7423833659699685,1324179033724114.8,0.03889002944472156,0.1669750857880222
71,0.800,0.6373676045120427,0.5977362089433437,1040169641438304.6,0.03792754506626678,0.3225576510468275
71,0.780,0.5246814338057575,0.4910373184583532,833131825102488.8,0.04138255634805489,0.4324572880312751
71,0.760,0.48296785232327333,0.45129930657953854,746075675755413.8,0.04817968010439273,0.4677445415558846
71,0.740,0.4787947974104107,0.4477176766714117,720676869868288.2,0.05259095826819607,0.46766218799292725
71,0.720,0.5140771347863478,0.48216456211819836,755148573852338.0,0.05333471324576958,0.43158515661162333
71,0.700,0.6196215732476699,0.5825635522532169,887045653536321.8,0.05954899953204592,0.31964859649427946
71,0.680,0.7431534568167921,0.6983288815610229,1032936298237476.4,0.07674959033542254,0.17897418081582706
71,0.660,0.7805133750051424,0.7312248455689593,1049782907724313.6,0.09443387519680824,0.12431091702402806
71,0.640,0.6453635677858545,0.6001735869703969,835528897756851.2,0.09190064113533805,0.26242717098857
71,0.620,0.4173186748296609,0.384328553640494,518321189324646.7,0.0588291493650464,0.5236259348003616
71,0.600,0.389886390228857,0.3587314024434666,468193379457352.8,0.04053902030846491,0.5691054036302055
71,0.580,0.5309314901723728,0.4905945727544122,618949698159209.6,0.03656490100810644,0.4315083768020883
71,0.560,0.6820360905426288,0.6348991871015004,773387984433789.2,0.028687666487484657,0.2876013997355151
71,0.540,0.8134612646626794,0.7628781489909536,896093976249763.2,0.010769487157992974,0.1724553484242839
71,0.520,0.6650981797933707,0.6115784974613947,691767530531951.0,0.0010539697904752223,0.32853342498332416
71,0.500,0.48269708747444817,0.423042991607106,460107308112167.94,0.0006949549882554374,0.5127897277140144
71,0.480,0.8722873591991712,0.7346142370561246,767017372668386.6,0.0059783245808224614,0.11764285583772303
71,0.460,0.4907581310491739,0.4092555816698534,409502978959470.25,0.015753056246778637,0.4926844219988676
71,0.440,0.43251323658659224,0.3518500265859328,336755647031164.4,0.016299434733423997,0.5505406446174614
71,0.420,0.9351770446596962,0.7335638347402429,670180558341830.8,0.03469022310743216,0.028853108296871842
71,0.400,0.4341849670012005,0.3323599826260399,289183387909278.2,0.012876662098342513,0.5523299478029117
71,0.380,0.47880591932995675,0.3254670211469871,269026590777116.2,0.020890624410193733,0.5004141533297952
71,0.360,0.7811411560674173,0.4765196928302786,373153892596866.3,0.052596745425745606,0.16772905809779595
71,0.340,0.4206007922749567,0.2178659820979387,161128722441685.0,0.03732382024037305,0.542639252586319
71,0.320,0.6353276657531162,0.2705536557487901,188325013528979.9,0.04778618186856515,0.31807299404472156
71,0.300,0.5959281164052553,0.1575835710158008,102834020325935.25,0.020777178499809486,0.3849845278380395
72,1.200,0.2069854744243416,0.15973922759504908,395765465545946.5,0.03463995122942485,0.7585058562450918
72,1.180,0.23627454226050199,0.1802325372881133,439096800758279.3,0.04106433242266383,0.7228286622071685
72,1.160,0.2822785034962202,0.2125628326955344,509085101068707.7,0.05102862018053787,0.6669136103152159
72,1.140,0.3538958665976906,0.2627259464311962,618376369802768.4,0.06664099680679204,0.5797645761781551
72,1.120,0.4630108393647362,0.3384119872672597,782544115118073.5,0.0909445928207729,0.4464692239972321
72,1.100,0.6135112757771728,0.4408696162909521,1001262436282772.8,0.12584797764587266,0.2612399449732254
72,1.080,0.7561256092320046,0.5387096303270783,1201222791454013.0,0.16432031162725616,0.08036446997309477
72,1.060,0.7713241017249808,0.5450045109018095,1192754410124218.0,0.17794147119884848,0.05164134292655781
72,1.040,0.6268715680896634,0.4390511266940133,942743407580652.9,0.15452929857024184,0.21939846573431349
72,1.020,0.451075037819505,0.3128011561021308,658739324567266.9,0.11954224752192796,0.42999822812622285
72,1.000,0.32264681494909053,0.22134182160784904,456991948650049.06,0.09229039822311046,0.5855272376816895
72,0.980,0.2530220955437971,0.17869435528292257,361561332691223.0,0.07183255982997717,0.675506532726649
72,0.960,0.23011988533556604,0.17035630441874777,337656031731368.25,0.060906936279350364,0.7092680502829304
72,0.940,0.24222904661059522,0.18891920176365837,366647750130493.25,0.0572200802806475,0.7007801071748979
72,0.920,0.29057096043741876,0.23923308699760948,454416550425413.06,0.057280737054000275,0.6522528344565415
72,0.900,0.3761691797241556,0.3258560517672873,605498915186197.8,0.056451969966874675,0.5671890529992358
72,0.880,0.48781647428377584,0.4399345119493207,799310970794681.0,0.05035648184184384,0.46105440759506405
72,0.860,0.6262997469657399,0.5788734124948341,1027843806079753.4,0.04259509381162338,0.3294269275000554
72,0.840,0.7773654467188814,0.7264363676707445,1259858972015840.5,0.03950873213008907,0.1804343771078999
72,0.820,0.7848426082011315,0.735620975102729,1245411940496390.2,0.03885050117958407,0.17341924529458805
72,0.800,0.6334830374536412,0.5934001937343489,980127872425028.5,0.03805915035969419,0.326309594493688
72,0.780,0.5147776329248814,0.4811290466209021,774820760020847.8,0.0409928927555024,0.4427638380460874
72,0.760,0.46875942975313145,0.43743364533836254,686389837796924.0,0.04711235474344745,0.48303752057241006
72,0.740,0.4616105372328616,0.4311625643696435,658745762970822.9,0.050902205641544046,0.4865545505647109
72,0.720,0.49139749554111756,0.4605332455509029,684602612904412.2,0.05095354034812845,0.4566764676113299
72,0.700,0.5896618862912603,0.5541220393414616,800845118633150.4,0.05632417830750356,0.35287545266261494
72,0.680,0.7151443015307851,0.6718245268696955,943213127412205.9,0.0729579369501485,0.21080126305234484
72,0.660,0.7699939243319526,0.7213655361601186,982979349217989.9,0.09151631881280947,0.13774535622535844
72,0.640,0.6591095401329923,0.6131613064127681,810214075496901.5,0.09185571037936707,0.24871645120079341
72,0.620,0.4190376602370689,0.38609927825066614,494237561434315.4,0.057709540045669534,0.5230286943465952
72,0.600,0.37370355388363397,0.3439188807495048,426041924701553.75,0.03788394408748223,0.5879654187560898
72,0.580,0.498362768946946,0.4604865567442197,551429528643642.9,0.03334954161665594,0.4673528462735092
72,0.560,0.653395272675978,0.6081117859858648,703099058783280.1,0.026607512935155044,0.31838399612059587
72,0.540,0.7865192517858975,0.7374840668307563,822226501569531.2,0.010028338552457735,0.20023463462159782
72,0.520,0.6749266629666517,0.6204936379620009,666171034611751.4,0.0010220499057631911,0.3186488440420484
72,0.500,0.459767240141235,0.4027838654435113,415802540651228.3,0.000626079040221971,0.5359619962654582
72,0.480,0.8453874642986845,0.7114699587384613,705087269248343.8,0.005430817378374615,0.14519856397468045
72,0.460,0.49500521482473236,0.41294407707109704,392187856153711.4,0.01491306566665809,0.4892650086434564
72,0.440,0.4034014884690929,0.32806181173252763,298025499357499.44,0.014372922205500259,0.5816213050155935
72,0.420,0.9040919578702757,0.7083748498830832,614267436139759.1,0.0316871404197145,0.06297785124284921
72,0.400,0.4417711481464428,0.337509576495173,278734778507148.88,0.012368688294799913,0.5452351763472577
72,0.380,0.4369919508482337,0.2959995553407568,232230749673069.9,0.01806304798010019,0.5450460670579307
72,0.360,0.7702806552755352,0.46864175252546836,348328129830505.7,0.04928379472395168,0.18191081268163165
72,0.340,0.41823414550076277,0.2179998334253551,153031257744144.62,0.03569476386913867,0.5466329335370158
72,0.320,0.6008534950627354,0.25455656352344386,168181935666676.53,0.0434011794183126,0.35687002927414974
72,0.300,0.6116118687905809,0.16188029240216079,100267527034230.83,0.020461266539578745,0.3696622808041854
73,1.200,0.19392469322980282,0.14947716734652364,350391974204632.2,0.030999932680554388,0.775198947800574
73,1.180,0.22022459822743956,0.16774818044828801,386667677794869.2,0.036592736059188204,0.7433396950578449
73,1.160,0.2619688735970551,0.1969343845882377,446249337353238.6,0.0453205097175819,0.6929167953803886
73,1.140,0.32777486895697416,0.24284529842531116,540794910684129.5,0.05913139664559853,0.6133749762625854
73,1.120,0.4304537405345279,0.31386719974491895,686692019446019.9,0.08109575955937579,0.4888485433334629
73,1.100,0.5798656028258974,0.4155166994701664,892851458796746.6,0.1142327105699285,0.30647318752241626
73,1.080,0.7414495748432578,0.5265947364705126,1110959722704204.2,0.15491961338611093,0.10443294931903249
73,1.060,0.7926341574375376,0.5581065046669862,1155635818642949.0,0.1760294074713133,0.032277440842367604
73,1.040,0.6597510397493705,0.4602726388101032,935075208619313.5,0.15678855971619637,0.18431014535253146
73,1.020,0.4721542591042646,0.325968750821941,649492566212641.1,0.12083795440882927,0.4076589056923804
73,1.000,0.3320142528754563,0.22661860279663434,442683772573147.06,0.09189557770149652,0.5765734808713747
73,0.980,0.2544122352136693,0.17872515008876283,342144679493395.44,0.0700817824906689,0.6758736532045999
73,0.960,0.22687212069066415,0.1670887797513791,313340523874412.44,0.058459463515752645,0.7149632669748196
73,0.940,0.2350513503879594,0.18245815601607382,335034229381220.5,0.054266924942981146,0.7109082589366607
73,0.920,0.2785115940891931,0.22839250423317659,410457049074361.56,0.05389503976362051,0.6676975964948623
73,0.900,0.35754586659787757,0.3087823000772,542866387108519.8,0.05292671553924213,0.5893504106827684
73,0.880,0.4616464803782453,0.41545394763292565,714173295426953.6,0.04725160734485246,0.4903722931518111
73,0.860,0.5936889522096179,0.547935111806949,920503887619454.0,0.04025347884917163,0.3644650986946896
73,0.840,0.7489428246658776,0.6990709629470615,1147092906663216.5,0.03815432218838906,0.21030323545029692
73,0.820,0.775254730495521,0.7258079553362491,1162608840980959.2,0.038647207759645225,0.18323386089281668
73,0.800,0.6279441356745025,0.5874535146790839,918039860382913.6,0.038101540353917294,0.33181085469627014
73,0.780,0.5038811474720789,0.4702501989562581,716508976118576.5,0.040527212961681505,0.4541423072494572
73,0.760,0.45393076331302834,0.4229627355427037,627933630377669.8,0.04596973434960694,0.4990281284048708
73,0.740,0.44422900865665904,0.41440975053112405,599045389144086.0,0.04916428376794727,0.5056945792184758
73,0.720,0.46904020560635573,0.4392031229038806,617726113130184.5,0.04857329552262894,0.4814449928858095
73,0.700,0.5598739511391617,0.5258465055562843,719043354786156.9,0.05308979385828952,0.38594135149889663
73,0.680,0.6852074663971597,0.6435065589815976,854790989041622.9,0.0689400167260472,0.24478680796117464
73,0.660,0.7547401811663186,0.707057263900583,911583737064889.5,0.08794051404858058,0.15657768218095935
73,0.640,0.6705728497014344,0.624023140784343,780151079500231.1,0.09124413140132251,0.2378562721505498
73,0.620,0.42106819699691295,0.38815580917451953,470106032846605.56,0.05650507826593772,0.5222047814007733
73,0.600,0.3584686203578982,0.3299731925326378,386747890726620.0,0.035332939138313195,0.6057723374172266
73,0.580,0.4670365229404919,0.4315319076546069,488921292846563.7,0.03028202628777554,0.5018051486765118
73,0.560,0.623129054707188,0.579829326362182,634287640405339.0,0.024496367843890185,0.3508284399353557
73,0.540,0.75568089121585,0.7084514963617871,747311949244617.2,0.009253171036676305,0.23196195613464696
73,0.520,0.6839389731601322,0.6286602336759733,638583037083110.5,0.000987034897450951,0.3095902652869785
73,0.500,0.43852584099306574,0.3840263867988151,375084497869516.3,0.0005634355169194555,0.5574273134537305
73,0.480,0.8101258851425865,0.6813426431704778,638858758399820.2,0.004867572524667561,0.18117323182420772
73,0.460,0.49922168066553024,0.41660046359168323,374348093215604.56,0.014080861329469124,0.4858685595735577
73,0.440,0.37748018800162064,0.30690240420415676,263785556297800.66,0.012681367202485472,0.609272248985947
73,0.420,0.8549706523944048,0.6691951553273527,549035116988205.44,0.028237666072273505,0.11561148400345342
73,0.400,0.45134130597808764,0.3441805057472131,268933128790029.97,0.011899459784872722,0.5361151442202525
73,0.380,0.39954328434219005,0.269713027028116,200208985319483.22,0.01560710354270281,0.5849421776905243
73,0.360,0.7542191712364289,0.4576047069148636,321803696526150.06,0.04573816633767768,0.20151448634952895
73,0.340,0.4184837241924235,0.21950506035160036,145787906136129.2,0.034253990315210724,0.5478265598890524
73,0.320,0.5677680839357596,0.2393526894675754,149618857751578.9,0.039288107071299136,0.39400855677471286
73,0.300,0.6277334660913937,0.16628730127909247,97449223875890.8,0.020096636578079318,0.35395206335001234
74,1.200,0.18131101278593714,0.1395754968903759,308454569640996.0,0.027589287537337415,0.7912158757261769
74,1.180,0.20485869590871342,0.15580843589719803,338589709702934.0,0.03243152735146993,0.7628567811997801
74,1.160,0.24261749700581553,0.18206219362889203,388936355403956.4,0.0400298962130421,0.7175449308586918
74,1.140,0.3027943494108173,0.2238644617017657,469992347109803.06,0.052153302041707685,0.6453142433597631
74,1.120,0.3985742984141259,0.2898958562541893,597944410030438.0,0.07177787396829137,0.5300196633133238
74,1.100,0.5443238378944155,0.3888928112427039,787813430371281.8,0.10263473662311765,0.3535831231389672
74,1.080,0.7200762636044766,0.5097272555001666,1013823588375045.4,0.1441687191367168,0.13654181086923065
74,1.060,0.8084760480876966,0.567171519821385,1107187209396863.1,0.1722655614190588,0.020228023775100752
74,1.040,0.6927295447607882,0.48129196447987366,921812790963259.0,0.15818126357753037,0.14999086852446344
74,1.020,0.49385127882139923,0.3393578970647955,637468767524916.0,0.12165482739585427,0.3851825030593852
74,1.000,0.34122469715621445,0.23166519715564718,426640004164231.75,0.09108999523477818,0.5681878574824732
74,0.980,0.25530350516724404,0.1783480064382405,321880831652083.0,0.06802146760088662,0.6770487503293818
74,0.960,0.22319597253573356,0.163486120960085,289036641568257.7,0.05581997937421292,0.721278431873724
74,0.940,0.22765975173328679,0.17583585853175854,304393994424030.8,0.05122092966674841,0.7213429466124353
74,0.920,0.26655514569419697,0.21765935908312892,368778805471423.2,0.050498190916828424,0.6830505767383537
74,0.900,0.339390599853079,0.29214669366991003,484221718759678.44,0.0494372899725048,0.6110076583880658
74,0.880,0.4361016506982635,0.39156981608168495,634589174433759.0,0.04417150880365462,0.519039457410901
74,0.860,0.5610876003951141,0.5170289206813341,818868316344065.4,0.037871086613871195,0.39953513788160544
74,0.840,0.7181317008756264,0.6694686019928702,1035643489592162.6,0.03664032228950706,0.242729325895764
74,0.820,0.7622964150372645,0.7127816522387403,1076393692564481.8,0.03826069523374928,0.19661510931344225
74,0.800,0.6204721710555239,0.5796321237358676,853971178133399.6,0.03802906110257119,0.33936690228472743
74,0.780,0.49179887360181784,0.4582187049386285,658215637976920.1,0.039960658216655065,0.4668113117682228
74,0.760,0.43834730401235816,0.4077613145258075,570716452915972.1,0.04472705888607936,0.5158760774779458
74,0.740,0.4265330482016891,0.3973506555715811,541509940627931.0,0.04735280836477801,0.5252241299110745
74,0.720,0.4469088553055109,0.4180849243472831,554367528481949.4,0.04617404259882346,0.5060073115228118
74,0.700,0.5303279509390699,0.4978050542107358,641738539523163.1,0.04984421680515629,0.418777658969838
74,0.680,0.6537390329625286,0.6137509273007339,768602608195618.1,0.06473383812661783,0.28049631882887016
74,0.660,0.7349542396273038,0.688491485558464,836841654057819.5,0.08374479900119669,0.18056761787697026
74,0.640,0.6790071589391343,0.6320624820418502,744973399975552.8,0.08995518854058701,0.2307042257307744
74,0.620,0.42310258616948127,0.3902145379994893,445549453175825.3,0.055156581716069575,0.5215212987466561
74,0.600,0.3439132510836982,0.31664740735180913,349887128968458.8,0.03285419519553526,0.6228266357389141
74,0.580,0.4369586419356653,0.40373499730001466,431246090330460.0,0.027361601697555877,0.5348600644803126
74,0.560,0.5915636972160814,0.5503553482944432,567586422750499.8,0.022376028893954375,0.38458583839026944
74,0.540,0.7215099896605064,0.6763103717986373,672574794258702.0,0.008456875206515653,0.2670584209836311
74,0.520,0.6913904045945745,0.635394771575028,608482034789437.4,0.0009479446123780126,0.30210941958532844
74,0.500,0.4185966805157241,0.3664387818739355,337421082976901.4,0.0005060330828909522,0.5775657505843368
74,0.480,0.7683018829762936,0.6457578886017804,570836503709196.8,0.004306701073107813,0.22374138133697719
74,0.460,0.5029002014546304,0.41980177627994547,355633679717334.94,0.013242714109726203,0.48301704883848207
74,0.440,0.3541480231941294,0.28787530385474874,233269450185280.8,0.0111840910510614,0.634136283100812
74,0.420,0.7932500673496032,0.6203056036424623,479795062873384.3,0.02461479831154561,0.1810366636639988
74,0.400,0.46249069768517737,0.35205994782157835,259344708568791.06,0.011449120663174061,0.5253950144530855
74,0.380,0.3660522784111794,0.2462972256286809,172362941218825.34,0.013474428512670692,0.6205584021630008
74,0.360,0.7331450304498345,0.4435720411073241,294081323927506.1,0.04202028380940714,0.22629117781401864
74,0.340,0.4208370438781087,0.22212961563206426,139086879007384.52,0.032931897187409485,0.546801490720054
74,0.320,0.5361031672677254,0.22494053086241012,132561824843275.27,0.03543747021643978,0.42946645879599327
74,0.300,0.6431419438460952,0.17049939881814596,94198695075764.97,0.019643680196390918,0.339041196638011
75,1.200,0.16908217580048437,0.12998697638427664,269736689575386.6,0.024395049650971314,0.8066318071979414
75,1.180,0.1901038706484319,0.1443582196730299,294565893301069.94,0.028562123511826267,0.7814713982330884
75,1.160,0.2241536305166367,0.16789326396257706,336783027553046.25,0.03513441852687909,0.7408910461792547
75,1.140,0.2789465344263778,0.2057780409047748,405660587165505.06,0.04569410356137281,0.6756027305559591
75,1.120,0.36762261927710393,0.2666840763016022,516504420504244.25,0.06303977621634604,0.5696838277036577
75,1.100,0.5077113609517757,0.36160884951677896,687845136318469.1,0.09127656307599924,0.40152256847218754
75,1.080,0.6927231799800755,0.48866822328513737,912634305870403.8,0.13239035138315547,0.17565136127243075
75,1.060,0.8178762926093736,0.5715572636306712,1047670098650625.2,0.16656328851104513,0.01655188007357971
75,1.040,0.7251741416340889,0.501658483079335,902195040217773.4,0.15850357528850958,0.11727666775643211
75,1.020,0.5158935477720971,0.3527672441326811,622224861130917.2,0.12186123245647561,0.36297290882629646
75,1.000,0.3500212126827384,0.23630540918972148,408632211835073.94,0.08978223867298847,0.5607183552845654
75,0.980,0.2555013491041901,0.17743299628448858,300690285564823.94,0.06560102188772632,0.6792766687393588
75,0.960,0.2189537230618625,0.1594547063540015,264708270477757.38,0.052959168861413004,0.7283803703533459
75,0.940,0.21993783306513034,0.16896856447116865,274658284629089.0,0.048059165022776816,0.7322233856402911
75,0.920,0.2545781059485614,0.20693690935322528,329218870984527.25,0.04706716816456706,0.698458257374473
75,0.900,0.3215727912595043,0.27583898186610756,429296241212182.3,0.045963002728928365,0.6323121512511386
75,0.880,0.4111057759108643,0.36821547663307735,560329704447671.44,0.041106094753705524,0.5471423365399286
75,0.860,0.5286143781929266,0.48626783150939035,723157553545373.4,0.03545247295540309,0.43451350473228184
75,0.840,0.6852608001890811,0.6379430582584609,926659404050379.9,0.034975612019976385,0.2773740073251098
75,0.820,0.7458405093075159,0.6964263446017945,987524727476803.6,0.03767204874399568,0.2137097466567237
75,0.800,0.6107834953084976,0.5696683847478891,788081332104078.1,0.037813042727312056,0.3492911947820672
75,0.780,0.4783322438854198,0.44484847303567726,600019883384142.2,0.03926537877832683,0.4809979678948733
75,0.760,0.4218750171767537,0.39170573333246966,514792790267568.56,0.043357454286974746,0.5337427046747645
75,0.740,0.408406162522761,0.3798782447895698,486110584887632.06,0.04544195225561733,0.5452858527439468
75,0.720,0.4248968751499706,0.39708042008121125,494390258103728.7,0.04373425166591989,0.5304917920041677
75,0.700,0.5010433802337743,0.4700183047701989,568946915340864.1,0.04658131685426372,0.4513710241269568
75,0.680,0.6210700656778372,0.5828724784762017,685395735212648.0,0.06037127605192101,0.31756650978184786
75,0.660,0.7109401488137707,0.6659557251708004,760060613296885.8,0.07898271124546674,0.20935760161396963
75,0.640,0.6836781859304389,0.636593529720399,704532658427817.6,0.08789154420117606,0.2280924868059278
75,0.620,0.4247916882180342,0.3919530999494158,420227750539551.7,0.053602942642918636,0.5213887329135302
75,0.600,0.3297658985711462,0.3036914687221959,315095918468185.94,0.030418799103092753,0.6394290984252433
75,0.580,0.4080567343067065,0.37702798440628715,378146874578823.9,0.024583094651389255,0.5665952269307948
75,0.560,0.5589985392082026,0.5199680200854644,503527965785350.3,0.020266798545476885,0.41933575668217
75,0.540,0.6846028944360931,0.6416205636551322,599143662142628.9,0.007652132701987385,0.30491261029222044
75,0.520,0.6964699138864066,0.639953219324563,575453859468284.6,0.0009039327130687151,0.2970248074338068
75,0.500,0.3995972737930422,0.34968434926041225,302346631785452.06,0.0004530125981892328,0.5967636000401665
75,0.480,0.721829363966059,0.6063323243307631,503281416329067.25,0.003763662140838072,0.2709648003957103
75,0.460,0.505488036805891,0.42208692392617764,335752043911885.8,0.012387255845940635,0.48127560072431896
75,0.440,0.3328396131444006,0.27051486905475336,205827193919384.94,0.009846739022380119,0.6568139240290573
75,0.420,0.7247253143746832,0.566244655052251,411256089242406.75,0.021056666996100232,0.2532120591450699
75,0.400,0.4747108704725494,0.36075905466035635,249537699455766.34,0.010998099958597646,0.5136035549950428
75,0.380,0.3360029571682202,0.22537330598172256,148096572459002.12,0.011617376965801294,0.6524582433402962
75,0.360,0.707350013757955,0.4267666964810088,265675775678097.6,0.03819284321076686,0.25588654492932966
75,0.340,0.4247220812076104,0.22558410795269918,132631399861884.33,0.03166028618639926,0.5441971384868934
75,0.320,0.5057061145416502,0.21124044112874513,116892320301516.31,0.03182795451034956,0.4634174544891375
75,0.300,0.656495193589362,0.17416064172947687,90350426368014.84,0.019063826238076852,0.32630656100410593
76,1.200,0.15717854690674515,0.12066649454622523,234048479436217.12,0.02140639471718169,0.8215171472461039
76,1.180,0.1758874670538371,0.1333427958236122,254325229868146.8,0.02496794415432775,0.7992727125148311
76,1.160,0.20649812510375815,0.15436833669817407,289437031597445.5,0.030612137402578486,0.763056148772927
76,1.140,0.2561877354304868,0.18855373055366137,347438436737255.8,0.039735071186837174,0.7043027980070798
76,1.120,0.33774587722489613,0.2443411551824411,442336245140659.56,0.054905019141716645,0.6076704125191255
76,1.100,0.47070536655972,0.33416399390094964,594141953294930.8,0.08033124470825605,0.44944185327885444
76,1.080,0.6602854689953539,0.4641006760171962,810165673098099.0,0.11992884969162124,0.22052285055307425
76,1.060,0.8200565921974405,0.5707727160263203,977928159203937.2,0.15892452331718643,0.022024194592086842
76,1.040,0.756335959380573,0.5208504165071322,875556621260592.4,0.15754957944004572,0.08712139054311396
76,1.020,0.5379232658987584,0.36594140444371853,603322613751710.6,0.12131283319922527,0.3415318257838892
76,1.000,0.3580842680046309,0.24032576463948574,388452762541512.25,0.08787565723120726,0.5545806806395847
76,0.980,0.2547846319555432,0.17583613470308623,278530068279814.6,0.06277269626665309,0.6828259270888151
76,0.960,0.21399949072402039,0.15489832224795466,240356476257569.72,0.04985254243557691,0.7364392184288416
76,0.940,0.21176822246463653,0.16177452541724857,245796599117681.5,0.04476336462074074,0.7436850677678296
76,0.920,0.24245819766449103,0.19613182112753694,291657917016484.44,0.04358269234944489,0.7140621333038033
76,0.900,0.3039585562323814,0.2597480526241611,377861540905506.3,0.04248487569534366,0.6534168201655712
76,0.880,0.38656107012719193,0.345306087171924,491162032682117.7,0.03804411467148882,0.5747901308213385
76,0.860,0.4963326134542051,0.45571405858796354,633473948653093.9,0.03299890328185308,0.46933545155362333
76,0.840,0.65063231982276,0.6047834104055866,821139676661582.5,0.033167836465849955,0.31392647992891476
76,0.820,0.7258050281927269,0.676670075489526,896868363859611.1,0.036862745422431606,0.2346188173799858
76,0.800,0.5985918093177488,0.5572936259605528,720629347006216.6,0.037421553284452215,0.3619031487980543
76,0.780,0.4632792782028714,0.4299517585636387,542066057406917.56,0.03841035927645381,0.4969360137521053
76,0.760,0.4043823833163022,0.3746762016291696,460264609613558.06,0.04183201151681497,0.5527888895958167
76,0.740,0.3897340089567992,0.36188868487141607,432857159907325.06,0.04340468194693958,0.566021473958963
76,0.720,0.4028903011700143,0.37608520140804014,437679920307764.1,0.04123132906841878,0.5550352934887081
76,0.700,0.47199663946991294,0.44246667828423675,500629562706016.44,0.04329170432283541,0.4837545332912852
76,0.680,0.5874583184597747,0.5511171907096947,605746275122781.6,0.055878215485022684,0.3557134734889416
76,0.660,0.6830633572808102,0.6397954439609084,682531909581149.4,0.07371864949093108,0.2425177062993607
76,0.640,0.6838987756462591,0.6369740373123448,658930464208538.4,0.08497707025473648,0.23078488193272073
76,0.620,0.4257391123875279,0.3930049393245606,393847034475475.75,0.05178253201977459,0.5222653592485977
76,0.600,0.31575295371620393,0.29085323840547156,282073986005378.75,0.028001573517525247,0.6558788288725196
76,0.580,0.3802021027096766,0.3512911169622507,329331326277442.0,0.021939124213204424,0.5971468920293427
76,0.560,0.5256893629775173,0.48890472483152053,442537566076471.94,0.018187005558563837,0.4548033776633151
76,0.540,0.6455394188079526,0.6049259034633563,527999879206926.8,0.00685075894761346,0.3449305162815965
76,0.520,0.6983237178706208,0.6415526852805383,539229386866772.4,0.0008543525753275617,0.295197843224856
76,0.500,0.38114423900125405,0.33342612037049346,269468189887403.66,0.0004036499150184655,0.6154079485826472
76,0.480,0.6724864539821199,0.564563445128105,438017914995902.25,0.0032501186425381197,0.32104531836071204
76,0.460,0.5063897489192221,0.4229589253042471,314480634576761.56,0.011505742712980306,0.4812495034169984
76,0.440,0.31303263902591144,0.25439173388423125,180922905436499.38,0.008640991146908679,0.6778565404620784
76,0.420,0.6543189664390734,0.5108511294447254,346801949290514.56,0.01773115242126169,0.3270402111251323
76,0.400,0.487360788327357,0.36979139465481936,239086290283071.4,0.010527169120926752,0.5014019969769082
76,0.380,0.30884193808025684,0.20654245972855115,126861786500219.11,0.009992375151129712,0.6812385245063787
76,0.360,0.6772183670372655,0.40746204565361044,237097810552534.44,0.034318840591061994,0.28985375395734686
76,0.340,0.4294832484345211,0.22952773763683654,126139752537778.03,0.03037220104241611,0.5407351081688684
76,0.320,0.4763165545700702,0.19812856939245665,102479019987691.66,0.02843396663053615,0.4961470744136845
76,0.300,0.6663130188705202,0.17687848004647597,85769747964311.56,0.018322824761200635,0.31725840631283564
77,1.200,0.14554370985393655,0.11157153423170044,201226599893946.8,0.01861470832055014,0.8359368737453332
77,1.180,0.16213863518548308,0.1227089376690848,217625078826963.34,0.0216347167579028,0.8163457783441543
77,1.160,0.18956756800917796,0.14142507648160685,246567112542651.34,0.026442583158581914,0.7841440371340138
77,1.140,0.23444912497250217,0.17214053373695154,294943435339758.56,0.03425445545788042,0.7315049439032622
77,1.120,0.30900819811151775,0.2229147324378003,375238622031816.75,0.04737879945065149,0.6439101268839262
77,1.100,0.43382473996136617,0.30693946019348733,507453378159822.3,0.06992513546420316,0.49669617992365317
77,1.080,0.6237300902456737,0.4367522827339516,708940319859398.4,0.10712160200747049,0.2698527642176118
77,1.060,0.8144873691069856,0.5645134272304637,899354432402175.9,0.14944531271341113,0.037077549025638055
77,1.040,0.7853521497925254,0.5382790416972477,841378766433142.6,0.15512133903188277,0.0605846751356681
77,1.020,0.5594774719252364,0.37855961776844665,580343592794254.1,0.11985468023002216,0.32147655218779275
77,1.000,0.3650200281704554,0.24346953392835152,365927764248117.1,0.08527126238269674,0.550267037604202
77,0.980,0.25290484203856434,0.17339985510582115,255402735079467.4,0.059494682841409734,0.6879864122501147
77,0.960,0.20818069352965934,0.14971973733629376,216023514518542.03,0.046482578506505653,0.7456248159036406
77,0.940,0.20303376567690343,0.15417521019512734,217817686325557.16,0.04132137678066407,0.755857136339395
77,0.920,0.2300750424000782,0.18515501010464044,256020082555042.66,0.040030323596355,0.7299969474200786
77,0.900,0.2864120337494573,0.24376343585209265,329732541410051.1,0.03898665848144869,0.6744738332260941
77,0.880,0.36235256457699555,0.3227429988112978,426864698129027.56,0.03497419393153839,0.6021093664155337
77,0.860,0.464256103256582,0.42538490197808787,549833580851789.0,0.030509063710510403,0.5039884674883661
77,0.840,0.6145069003064929,0.5702403268403887,719926153367630.6,0.031222830041899064,0.3521194430664321
77,0.820,0.7021455258421445,0.6534777842932574,805369944246676.9,0.03581437213325934,0.2594055900644469
77,0.800,0.5836100071873984,0.5422404611886884,651977556111102.0,0.03681916301637447,0.37752652862584735
77,0.780,0.4464371761151067,0.41334219565214186,484568392625861.2,0.037361353567811714,0.5148632785718918
77,0.760,0.3857427168849139,0.3565594392428879,407282986097153.8,0.04012003659283647,0.5731724831312499
77,0.740,0.3704056459454002,0.3432828540324127,381798809436019.5,0.04121315400263316,0.5875701484047641
77,0.720,0.38076954585343836,0.3549905630669858,384149296640814.75,0.038642248079950536,0.5797807619123094
77,0.700,0.44312753685409095,0.41509666440597753,436714911847414.6,0.039964074532207836,0.5159998542292991
77,0.680,0.5530854597193994,0.5186596179261799,530080815062331.2,0.05127554289674571,0.3947344737103936
77,0.660,0.6517098475547443,0.6103756035440964,605468899507820.1,0.0680240271653594,0.2795903808461822
77,0.640,0.6790610129281751,0.6326353175700605,608533014824756.8,0.0811642032431885,0.23943738934011732
77,0.620,0.425495824834495,0.39295425273943,366171400087403.3,0.049635391429913085,0.524660438185157
77,0.600,0.3015996776269735,0.2778793493639176,250586841161120.44,0.02558201176290077,0.6724713785599006
77,0.580,0.35322819586320525,0.3263697726614482,284504185779247.56,0.019421952052338824,0.6266896001438612
77,0.560,0.49183802728789605,0.45735248578558896,384937134195238.2,0.016152892753806335,0.4907700115897858
77,0.540,0.6048437184320394,0.5667175777699625,459950590686343.8,0.006063284375757837,0.3865752537807871
77,0.520,0.6960864621224183,0.6393999991636287,499719978746849.06,0.0007988247989475293,0.2975013636693384
77,0.500,0.3628567871399332,0.317329853128288,238468858527879.56,0.00035735564207238187,0.633883156872484
77,0.480,0.6217552512463017,0.521695920606693,376365161616285.2,0.002773724111888274,0.3724860673269382
77,0.460,0.5049738486661473,0.42189040696962027,291681053514294.1,0.010592380131639344,0.4835772222682975
77,0.440,0.2942485415087857,0.23911306003704086,158127247635660.22,0.0075440484477136945,0.6977661634723763
77,0.420,0.5855295518324896,0.4568406706761296,288379768372477.25,0.014731811498149273,0.39892394702205586
77,0.400,0.4996404679680341,0.3785533364034511,227581946379450.9,0.010017805060122542,0.48961007347577395
77,0.380,0.2840207833988502,0.18941440130467896,108180087921642.31,0.008561468041793288,0.7074855015090338
77,0.360,0.6432091379210542,0.38596929432598354,208836302096712.16,0.030459547972425338,0.3276731355258819
77,0.340,0.43435948530039353,0.2335550810594092,119349052298439.2,0.02900262268850353,0.5372403635409592
77,0.320,0.4476202493507012,0.18546024910582773,89197268461083.94,0.02523057692539864,0.5279939431057011
77,0.300,0.6710744407145944,0.17824961688568297,80371226821655.83,0.017394836935290127,0.31343923261863543
78,1.200,0.13412487498636716,0.10266248594654813,171133344321139.75,0.016013596365624536,0.8499501196427328
78,1.180,0.14878935542729851,0.11240571968179507,184251924579856.62,0.018550649745082002,0.832770340557658
78,1.160,0.17327728549613816,0.129000377576701,207869411130909.7,0.022607470611387185,0.8042575851566284
78,1.140,0.2136451913291405,0.15647519961175416,247794681452372.1,0.029229824469403302,0.7573170192914809
78,1.120,0.2814093132675001,0.20240494898943429,314905876355813.56,0.04045401184562174,0.6784103202193188
78,1.100,0.39743620275761615,0.2802040978631859,428162652838120.8,0.060144266148467296,0.5428331019550954
78,1.080,0.5839995972318566,0.4073261401858734,611093483282208.8,0.09427716849164415,0.3223908221255613
78,1.060,0.8009079106044733,0.5526723498898327,813795375846904.0,0.13831115162380506,0.0617864802397283
78,1.040,0.8112486232996358,0.5532935694444017,799338216386790.5,0.15104033049877202,0.03881776652547658
78,1.020,0.5799619370580351,0.39022087512150555,552907250906618.75,0.11732453528104372,0.3035627116772056
78,1.000,0.37034726969032533,0.24543027555275773,340933557389133.4,0.08187217188351521,0.5483547372750375
78,0.980,0.2495865897304212,0.16995443958779835,231366354950301.94,0.0557351293637382,0.6950648609803033
78,0.960,0.20134039919427177,0.14382287865970234,191796565126959.3,0.04284128022151481,0.7561017995667615
78,0.940,0.19361914088197846,0.14609682769544738,190770076807590.0,0.037728864094899006,0.7688590713072346
78,0.920,0.21731093858247102,0.1739225676075348,222272319040717.5,0.03640176113291237,0.7463886103794011
78,0.900,0.2687962494465277,0.22777643964645242,284769140705555.9,0.035455989722557375,0.6956325675456713
78,0.880,0.3383513391755853,0.3004171476202807,367239177054334.4,0.03188595092578368,0.6292395379493009
78,0.860,0.4323548905362763,0.39525863538413947,472195053435193.0,0.027979936872037602,0.5385056083590508
78,0.840,0.5770925781257398,0.5345162607455958,623708729789918.2,0.029144350681859724,0.391740446901044
78,0.820,0.6748437433792287,0.6268411545191132,714024262419825.5,0.03450826185272353,0.2881073127192399
78,0.800,0.5655513928531783,0.5242447730357406,582593602231647.8,0.035966763643827046,0.3964884092845307
78,0.780,0.4276055520621428,0.3948386477994729,427814867986167.3,0.03608101509573243,0.5350183117062958
78,0.760,0.36583679919861617,0.33725176518272076,356048728190597.56,0.03818956571458484,0.5950451556857801
78,0.740,0.350314444667848,0.3239676252145307,333023550880021.75,0.03883935815701895,0.6100669041844576
78,0.720,0.35841011517573457,0.3336844417399792,333741389192310.9,0.035944368406953274,0.6048756921613827
78,0.700,0.41434431308463826,0.3878257084308695,377117120889643.94,0.036586706521044454,0.5482107037864004
78,0.680,0.5180580956115998,0.48560391539324094,458704190382714.75,0.04658086934378726,0.4345052003209029
78,0.660,0.6172494789282584,0.5780461680988459,529966084044117.2,0.061974529237397664,0.3201298789116811
78,0.640,0.6686601198781222,0.6231045915987592,553965273106273.8,0.07644004385765946,0.2545681101843696
78,0.620,0.42355529857396784,0.39133142669173276,337037349504701.0,0.04710635238110736,0.5291359393592056
78,0.600,0.28703143861155433,0.264516347614063,220467908883370.16,0.023145353155701175,0.6894964301380726
78,0.580,0.3269454901355833,0.3020881985584139,243390357158443.94,0.01702498343103491,0.6554197634909404
78,0.560,0.45758782222161126,0.4254437126576203,330957137766212.3,0.014178808421661146,0.5270775658723196
78,0.540,0.5629573199776631,0.5274089362617901,395624208929126.6,0.005298774197031876,0.42939433302451824
78,0.520,0.6889167013489405,0.6327242177671991,457045477866864.6,0.0007372979435079555,0.3047837937550039
78,0.500,0.3443595677331306,0.30106645277222865,209109606634693.75,0.0003136739826157311,0.6525679886702221
78,0.480,0.5707534239699689,0.478665347564142,319164691889273.3,0.0023385723816180385,0.4241598064437332
78,0.460,0.5005831218316131,0.41833215158570375,267313376122843.44,0.009644668993413272,0.48891970311391986
78,0.440,0.2760505987898802,0.22432072381418736,137108282037681.84,0.006538075829407147,0.7169979641401817
78,0.420,0.520438075138163,0.40581754313852625,236767300590939.8,0.012092693766577393,0.46674508776079043
78,0.400,0.5105708952223712,0.38630916237937757,214652828279461.2,0.009452904789211458,0.47922541496602505
78,0.380,0.26101925030338663,0.17362250054164677,91649736020850.75,0.007292791713122783,0.7317511450943482
78,0.360,0.6058292540201946,0.3626199104529163,181340898053695.12,0.026672449216056757,0.36878111455035034
78,0.340,0.43846813001965296,0.23718574476880605,112023494432074.11,0.02749027315584034,0.5346555132105318
78,0.320,0.41928411878132466,0.17308486847774243,76939736706818.1,0.02219652524369382,0.5593118131306066
78,0.300,0.6693505383895316,0.17789524628662484,74135669312823.77,0.01626660487688048,0.31628715671841134
79,1.200,0.122873138168562,0.0939028417165961,143655259505139.38,0.013598850386096553,0.8636099488041196
79,1.180,0.1357750970623935,0.10238502195809672,154021016326990.1,0.015706506854468564,0.8486201019073755
79,1.160,0.15754343209821256,0.11703196446718235,173070892793432.72,0.0190911609137217,0.8234961924085665
79,1.140,0.19368012246472308,0.14148707689097142,205628437404505.84,0.024639767349752737,0.7818561454306884
79,1.120,0.2549007294205355,0.18277667652769594,260975866724350.9,0.03411624310822275,0.71123383127133
79,1.100,0.3617702482504425,0.2541270009319154,356373207656731.4,0.05104242571570693,0.5875685185768078
79,1.080,0.5419371339975424,0.376447848572173,518310640544824.9,0.0816619779064949,0.3770282048010851
79,1.060,0.779307541458176,0.5353229871048049,723408000753263.6,0.1257831168077116,0.0959001678803544
79,1.040,0.8329387682372873,0.5651833617831147,749349216182226.9,0.1451594316187114,0.023052789707473504
79,1.020,0.5986158257716884,0.400423664596243,520692662099648.4,0.1135577876195735,0.28871460570850765
79,1.000,0.37348328218027005,0.24584518784421203,313417514069475.7,0.07759009061304245,0.5495137793830235
79,0.980,0.24452999590850827,0.16532074112625378,206545134517470.25,0.05147714687915353,0.7043774612886475
79,0.960,0.19332072077440138,0.13711566789244042,167810783939909.44,0.03893310586677358,0.7680232789744851
79,0.940,0.1834129454306294,0.13747213956579882,164741909400309.28,0.03399122281711313,0.7827966830110942
79,0.920,0.20405177509492217,0.1623567735598139,190423169406133.25,0.03269635919074815,0.7633517685733847
79,0.900,0.25097359004830766,0.21168098140947406,242876725779424.62,0.03188576129076006,0.7170377662097289
79,0.880,0.31441660927045817,0.27821147922993855,312118324763641.44,0.028771262363370735,0.656329748301638
79,0.860,0.4005603189930211,0.3652798229787381,400484474611893.06,0.025407864242903547,0.5729593619692502
79,0.840,0.5385371438080705,0.4977590538301182,533040250106215.6,0.0269341796119063,0.4326394599521655
79,0.820,0.6438930608099127,0.5967657923396705,623848769466110.1,0.03292514912601581,0.3207501565557868
79,0.800,0.5441301148799651,0.5030473399888982,513050828909424.7,0.03482153336005331,0.4191187778983919
79,0.780,0.40659043238972015,0.3742700727665312,372169907103116.4,0.0345293594339933,0.5576359148993244
79,0.760,0.34455576934880844,0.3166626178270159,306811716042760.6,0.03600828264885892,0.618548583769488
79,0.740,0.3293584611678111,0.3038567626090613,286656752096178.6,0.036256129750656216,0.6336412576330849
79,0.720,0.3356821337338414,0.31205129421792016,286431009948022.6,0.033116562943108184,0.6304714757503104
79,0.700,0.38552696118357804,0.36054550390511253,321750828534140.9,0.03314920701337832,0.5805177758412182
79,0.680,0.4824110109367131,0.45198694872288475,391828802629370.75,0.04181090200963179,0.47497415190901554
79,0.660,0.5800063806548134,0.5431142145599425,456979433252466.25,0.055648842111420405,0.36373315879046064
79,0.640,0.6523056386705447,0.6080154694417038,496085065224602.2,0.07083064045000466,0.27654177349965
79,0.620,0.4193492823085129,0.38760904475906843,306370638647815.44,0.04414920554970013,0.5363065934640306
79,0.600,0.2717756995019355,0.25051253462117673,191620628899109.3,0.02068381069523525,0.7072345766938889
79,0.580,0.30115318737266644,0.2782603097157601,205750456513050.1,0.014743955824020018,0.683542755571138
79,0.560,0.4230234050792876,0.3932562012199095,280753485367538.3,0.012277616993209084,0.5636282022284836
79,0.540,0.520224042123171,0.4873214534895855,335483249097379.56,0.00456485130421631,0.4730347882288047
79,0.520,0.6760316475590032,0.6208084263294145,411549896127149.56,0.0006700936999353681,0.3178340641388952
79,0.500,0.3252857871167686,0.2843146237161714,181230276175240.25,0.0002722816677451063,0.671832464861065
79,0.480,0.520236159752887,0.4361010534321307,266863957920817.84,0.0019459839734350794,0.4753062192786954
79,0.460,0.49254787657407906,0.4117240621884094,241449121966570.4,0.008663730174443331,0.49794676881662037
79,0.440,0.25804158978357555,0.2096892234006998,117622481484172.38,0.005609685394962318,0.7359631067350124
79,0.420,0.4599998078296607,0.35850705444784053,191959029672356.34,0.009808662574538293,0.5295519597446481
79,0.400,0.5189844654165471,0.3921840345185415,199991460047498.12,0.008817866598686943,0.4714320356305637
79,0.380,0.23935688995925541,0.15883085089135723,76944929996646.45,0.006160471024710722,0.7545416457050009
79,0.360,0.5655984559941726,0.3377438640677118,155007073966986.78,0.02300936894353113,0.412607069091557
79,0.340,0.4407982094486591,0.239858987550276,103967227546363.8,0.02578066449425801,0.5340444465728538
79,0.320,0.39097712123138406,0.16085448204879194,65621279580367.125,0.01931591043610163,0.5904470333975008
79,0.300,0.6599490462721243,0.17549932476001137,67120974670461.73,0.014940693631628567,0.32698848420855237
80,1.200,0.1117436203901277,0.08525929252718448,118701417563299.53,0.011368377029189428,0.8769632869673041
80,1.180,0.12303519270652835,0.09260181158861648,126775235234842.31,0.013095608926822695,0.8639623470072643
80,1.160,0.1422843608923066,0.10545943778479622,141930710148411.4,0.015880936091377758,0.8419541401782515
80,1.140,0.17445243641284777,0.12710162948761702,168108202522044.22,0.020465096939749763,0.8052428841499351
80,1.120,0.22939893631095554,0.16396948277410658,213065917326507.88,0.028347720273854123,0.7424818429192912
80,1.100,0.3269414345189216,0.22879312997772783,291990417870340.0,0.042649537292326956,0.6307580210185059
80,1.080,0.49823690288872763,0.3446315841886017,431828962344559.7,0.06949539628219874,0.43285195929501713
80,1.060,0.7498697774903155,0.512677046898256,630496491350789.9,0.11217786395402204,0.13891823182040036
80,1.040,0.849210392537388,0.5731722854996995,691594382376972.9,0.1373746039673899,0.014604088498094777
80,1.020,0.6144626378930331,0.4085376381696354,483465157170411.6,0.10839453208488779,0.27806709662046813
80,1.000,0.3737296723181251,0.24428889288131192,283424021597949.4,0.07235443303098892,0.5545118869421775
80,0.980,0.2374157045679709,0.15931459100885204,181140083445387.34,0.04672480769353052,0.7162388435929068
80,0.960,0.18396739085742286,0.1295135425892856,144251172096847.72,0.03477817442366431,0.7815230607289024
80,0.940,0.17231025662027705,0.12824252225989166,139859779590703.48,0.030125663064983363,0.7977574718640789
80,0.920,0.19018808513829008,0.15038717719982014,160520893977318.34,0.02892285682300179,0.7809870177230493
80,0.900,0.2328059300313066,0.19537414896464225,204005813471287.16,0.0282757433181236,0.7388277813974935
80,0.880,0.29039668154152154,0.2560024419943938,261372393554114.72,0.025625761551199458,0.6835362464116095
80,0.860,0.3687688599244242,0.3353636342719625,334616500855606.1,0.022789854753169785,0.6074564962382543
80,0.840,0.49892292435848257,0.46005809265269376,448357971295051.3,0.024592662319181897,0.47473356029128366
80,0.820,0.609281279395319,0.5632564026732934,535861955170825.5,0.03104501104612871,0.357366652645036
80,0.800,0.5190607396253584,0.47839522631617454,444027388577727.1,0.033337218532652264,0.44575068170385407
80,0.780,0.38320914577769555,0.35148164523453407,318075477699820.5,0.03266477521052105,0.5829412288650869
80,0.760,0.3218041308966934,0.2947184361173751,259868614564728.94,0.03354503901287618,0.6438099161502404
80,0.740,0.30743993753934395,0.2828711592249705,242858509206227.0,0.033438707039859954,0.6584161545524662
80,0.720,0.31244843695337,0.2899707044155489,242225329197843.38,0.030140813458485273,0.6567237131520214
80,0.700,0.35652871284080584,0.33312356796130815,270543020376151.28,0.029644629084417427,0.6130751283473284
80,0.680,0.4461113642412604,0.41778228511168763,329603540797330.44,0.03698442564535353,0.5161554488680675
80,0.660,0.5402375203946366,0.5058237043325058,387325462467730.2,0.049128984364486344,0.4100609989992956
80,0.640,0.6297171042294959,0.5871039370470368,435941186116110.7,0.06440326467926627,0.30557176478144515
80,0.620,0.412244240722439,0.3811985186085401,274205289712852.5,0.04073201218348115,0.5468381265432325
80,0.600,0.25556514158116,0.2356208683257745,164020426681627.25,0.018197925770927503,0.7259528359894202
80,0.580,0.2756482807327665,0.2546980583941835,171390427735238.47,0.012577854661499365,0.7112629104536999
80,0.560,0.3881739330741062,0.3608160948441599,234426586379033.6,0.01046124176018131,0.6003806559407323
80,0.540,0.47688487677887753,0.44668002010912566,279848653509091.53,0.003867868810499312,0.5172481542224936
80,0.520,0.6567350825775297,0.6030152397780858,363801567930525.5,0.0005979294328658768,0.3373534405137627
80,0.500,0.3052812524503506,0.26676432440183373,154750010835657.56,0.000232987217854127,0.6920337837467407
80,0.480,0.4706400942528737,0.3943639316089382,219619733311258.12,0.001595364726465944,0.5254869502427293
80,0.460,0.4802008851307137,0.4015075187659361,214281387053656.25,0.00765456808365697,0.5113218775022395
80,0.440,0.23986223957658315,0.19492427112171007,99506518195611.98,0.004749488638895647,0.7550307500355303
80,0.420,0.40439977370953695,0.3150355188036162,153511793784817.06,0.007853229216358299,0.5871855913851574
80,0.400,0.5235297419005623,0.395167580046203,183389401656078.75,0.00810200221825151,0.46759414537718375
80,0.380,0.21859823083970623,0.14473694672710194,63811056949490.02,0.0051442499689343625,0.7763125994440959
80,0.360,0.5230101275440866,0.3116461212549098,130165880836742.81,0.019515116894509223,0.45861376192007347
80,0.340,0.44021611980259356,0.24093512412156276,95041212663769.84,0.02383036358921529,0.5365823837971379
80,0.320,0.36238120131492024,0.14862811303643594,55180277118557.41,0.016579056604131198,0.621726754897337
80,0.300,0.6420357753677172,0.170840580258588,59462782451441.055,0.013436829011015193,0.3463552956034003
81,1.200,0.10069550747226766,0.07670174501276586,96201454146602.95,0.009322098772797324,0.8900509813347303
81,1.180,0.11051299075986148,0.08301424982979795,102383459742673.86,0.010713783220587645,0.8788578406132601
81,1.160,0.12742143427866132,0.09422488936644506,114240151814902.44,0.01296713900528432,0.8597196412023929
81,1.140,0.15585817751392542,0.11324286124057228,134930718006341.0,0.016689672531473486,0.8275972211675745
81,1.120,0.2047956572187265,0.14590535583088404,170798637892105.5,0.02313033471160102,0.7722806157102442
81,1.100,0.2929691300716719,0.20421910101221286,234792484474318.5,0.03497946258410741,0.6723683587577766
81,1.080,0.4534183299357293,0.31226355891736707,352484648111460.1,0.05795161560019283,0.4891689098682825
81,1.060,0.7128876654543007,0.48502311756685257,537357667554773.06,0.09784578398817557,0.1901971441577675
81,1.040,0.858689426122457,0.5763977439267493,626542820378244.5,0.12763571374853422,0.014893630303913765
81,1.020,0.6262410289675057,0.41376338267481055,441110475614509.7,0.10168978059510286,0.2730244404274887
81,1.000,0.37025994467745915,0.24026884569506726,251126537148798.6,0.06612478417624554,0.5642144254957853
81,0.980,0.22791337332605605,0.1517533171040643,155438792809958.6,0.04150999708374873,0.7309467466119912
81,0.960,0.17313559209959165,0.12094363299433264,121352684864120.36,0.030415572714665485,0.7967065175770542
81,0.940,0.16021563210149234,0.11836020377431435,116286340589179.22,0.0261633528438489,0.8138054855628101
81,0.920,0.17561622617531855,0.13795170470472118,132650852391484.08,0.02510130047643557,0.7993777975447198
81,0.900,0.2141544275196555,0.17875650193044612,168151018803485.06,0.02463452835556048,0.7611328281847572
81,0.880,0.2661287693201793,0.23366056588288944,214913275067400.84,0.02245067639564597,0.7110207656299571
81,0.860,0.33684430897667283,0.30539883722321354,274511774127736.47,0.020125245037784106,0.642134187075655
81,0.840,0.45826274703931363,0.4214419539980379,370008924365076.75,0.022119816423066336,0.5180098704015721
81,0.820,0.5709710487924322,0.5263005168066432,451068806862590.25,0.02884736288592864,0.3980150349713962
81,0.800,0.4900569764027462,0.4500432462795099,376304474026771.3,0.03146504186969939,0.47672059762293817
81,0.780,0.35729623258460047,0.3263424276701378,266050015630590.06,0.03044592467894115,0.6111419056142593
81,0.760,0.2975025926221972,0.2713667247563329,215558588643187.25,0.03077227253838386,0.670936505738042
81,0.740,0.2844634131932693,0.26093798143625824,201819982567229.78,0.030367088143923762,0.6845075019806691
81,0.720,0.28856086113859547,0.2673143902915454,201163869657039.72,0.027004498480231957,0.6837936364290437
81,0.700,0.3271756292760784,0.3054030355214811,223442887763334.03,0.026072133051223863,0.6460579231298856
81,0.680,0.40906296846187407,0.38290423484638136,272141157998738.38,0.032125895661419664,0.5581209442561543
81,0.660,0.498119191099826,0.46634267011918645,321694945059394.5,0.04250216527564708,0.4588496579831072
81,0.640,0.6007035935795686,0.5601892617991518,374722611232524.5,0.05726691360642852,0.3417400582718693
81,0.620,0.4015385674631206,0.3714474438966961,240704500120251.16,0.036843605380358406,0.5614435273979068
81,0.600,0.23814225387408605,0.21960322833847654,137716227303132.27,0.015697980757858616,0.7458986399504904
81,0.580,0.2502325399003957,0.23121788418790998,140166607621159.5,0.01052958616715399,0.7387758496946139
81,0.560,0.35301802964049905,0.32810253867133865,192040471629296.03,0.008741262448988209,0.6373446609660971
81,0.540,0.4330800948467076,0.40561499125887024,228930103080728.12,0.0032131759672302885,0.5618880935672531
81,0.520,0.6304324758251897,0.5788005458974796,314577329876884.6,0.0005219149091219748,0.3639402764546507
81,0.500,0.2840097721864581,0.24812140201660862,129666974302642.64,0.00019573019032095553,0.7135108737800239
81,0.480,0.42214467434170894,0.3535986350150221,177397282771271.62,0.0012849754223758375,0.5745232015774128
81,0.460,0.4628925016737108,0.3871378625620992,186130963628904.3,0.006626245148588887,0.529686791649821
81,0.440,0.22119101741951389,0.17976252645765886,82669818823362.64,0.003951715858266515,0.7745286272919168
81,0.420,0.35335710850983193,0.2751687368699279,120793489331407.11,0.0061912089077490766,0.6399622732137452
81,0.400,0.5226925726153504,0.39412954447151854,164776065585764.28,0.007300181767107363,0.46923334218808677
81,0.380,0.19835493371688556,0.13107232316279088,52058270992002.97,0.004229026113052633,0.797467317343383
81,0.360,0.47849320349147206,0.28458439649075495,107080090936473.78,0.01622691638616439,0.5063359065658911
81,0.340,0.4354850580700012,0.23970469696214622,85182544187825.81,0.0216122387577362,0.5435312183799246
81,0.320,0.33319562529143243,0.13627324347749697,45578047562898.22,0.013982914577071591,0.6534542010299543
81,0.300,0.6151978025360063,0.16380894539484928,51363429693102.62,0.011790801864832697,0.3747635331731664
82,1.200,0.0896920015251899,0.06820326715783237,76103465596654.62,0.0074618315417372336,0.902907971495115
82,1.180,0.09815583135974745,0.07358366117122969,80738636072038.25,0.008559275864730863,0.8933609391741595
82,1.160,0.11287940107105779,0.08327318436806458,89821679316028.7,0.010343220296765022,0.8768744158021976
82,1.140,0.13779296646682315,0.09983487198225176,105829105536573.06,0.013300946053236878,0.8490359712483869
82,1.120,0.18096540634776925,0.12849440131727569,133819756936621.0,0.018447909650876282,0.8007716688208304
82,1.100,0.25979627731054283,0.1803673955018758,184488257129320.75,0.02803681841714054,0.7124518743026511
82,1.080,0.4078185570992819,0.27959875402961454,280786999514656.12,0.04716628906284143,0.5455065131938204
82,1.060,0.6686614640826345,0.45265474874647094,446160332268131.44,0.08315173805213372,0.24907169164853657
82,1.040,0.8597639616016133,0.5738639815899892,554958254250345.56,0.11595670356809941,0.025516660083767666
82,1.020,0.6323067521530509,0.41507515119113475,393681417097804.94,0.0933284985931349,0.27534311768665864
82,1.000,0.36211228906679604,0.23322446365607238,216866320898698.03,0.058907406419234316,0.5795750762017163
82,0.980,0.2156945433760495,0.14246477589168552,129822982951871.34,0.03589977774277433,0.7487617999064637
82,0.960,0.16069702791439186,0.1113494879400219,99397958810838.73,0.025906500813174957,0.8136403823546388
82,0.940,0.14704646976048574,0.10779056204214944,94216420165195.02,0.022151485525528897,0.8309758945588348
82,0.920,0.1602396537098852,0.12499773224809058,106932069034725.8,0.021265114064520738,0.8185870451319059
82,0.900,0.19487898820715968,0.1617321022816762,135349529371350.94,0.02098185186244801,0.7840731928931656
82,0.880,0.24143762101627025,0.2110501140339268,172697588039002.78,0.01925514076075748,0.7389495747397069
82,0.860,0.3046179901974771,0.27524920405764464,220111397833376.8,0.017417874514827104,0.6771576252335855
82,0.840,0.4164956593589707,0.38187636137999414,298277208982420.4,0.019517223362833534,0.5625279465511577
82,0.820,0.5288778058512531,0.48585104772238513,370454611019542.6,0.02631244992122196,0.442800178474834
82,0.800,0.4568296637136763,0.41775607048243435,310764044623459.75,0.029155786434027237,0.5123683614351308
82,0.780,0.32871044785441755,0.298754910645913,216684409084282.44,0.02783507295676366,0.6424177501224934
82,0.760,0.271590237561362,0.2465799509230727,174256650883003.25,0.027669760241763007,0.7000099754305039
82,0.740,0.2603316557881363,0.2379880516515565,163758888557967.7,0.02702956172108104,0.7120247068728209
82,0.720,0.2638542098101592,0.24394113977629403,163318564451866.84,0.023703682788554354,0.7118508537155609
82,0.700,0.29726430013057664,0.277200663648954,180430650342981.78,0.022440392476565214,0.6796613107446919
82,0.680,0.3711102013601262,0.34721149627767794,219543719564977.03,0.02726966538041016,0.6009920654384536
82,0.660,0.45374027225195995,0.42475673697441724,260676703426254.88,0.03586395061251748,0.5099144423234467
82,0.640,0.5651285509852818,0.5271411102833665,313707476862813.44,0.04957164827677654,0.3850330434669546
82,0.620,0.38646087689223324,0.3576379741885622,206183223171618.12,0.03250126747574839,0.5808770555505091
82,0.600,0.21926564174418708,0.20223628191159487,112830972504862.81,0.013205349849411411,0.7672921652490324
82,0.580,0.22471787580053332,0.2076456705727898,111987328064180.36,0.008606423195763857,0.7662626601443487
82,0.560,0.3174893994140418,0.2950529246903766,153640587686044.22,0.007129507164487272,0.6745747293792455
82,0.540,0.38885573940152923,0.3641683290804563,182857990186066.1,0.002605428781849511,0.6069035713398595
82,0.520,0.5966288545018599,0.5477114180120912,264833638391806.56,0.00044352534270381244,0.39809217768747945
82,0.500,0.26116013792718074,0.22811360420581958,106056966142303.25,0.0001605796549522698,0.7365773527974444
82,0.480,0.3747342983173797,0.313786159926508,140053198163724.4,0.0010125433561023022,0.6224326980189444
82,0.460,0.4400044560268567,0.3680957607223639,157447821608599.4,0.0055919564856032646,0.5536476722072697
82,0.440,0.2017454552952307,0.16397259990189,67087555572200.89,0.003213885659943793,0.7947420536869423
82,0.420,0.30634426932204173,0.23848310883302454,93137574469268.88,0.004786481265428839,0.688446276752438
82,0.400,0.5148325652120779,0.38784669125505494,144257396821376.53,0.006414556355878903,0.4779903407988898
82,0.380,0.1782869220166339,0.11760253945014398,41554523356831.41,0.0034043722993948016,0.8183561717307
82,0.360,0.43237959328754366,0.2567506188944374,85947254609086.53,0.013174742258656814,0.5554123160248525
82,0.340,0.42529706701126413,0.23540504013077068,74423944294344.77,0.019121255178271932,0.5562017233457164
82,0.320,0.3031371257470634,0.12366555768541937,36797367269905.46,0.011531244208917203,0.6859083397573122
82,0.300,0.5794269927441288,0.15440073395030207,43071363858174.06,0.010051155158850604,0.41217274563157985
83,1.200,0.0787001899400373,0.05973996835435729,58371843623977.16,0.005791144224456474,0.9155635608888633
83,1.180,0.08591487791988414,0.06427439014752846,61755714108447.6,0.0066326398830657005,0.9075198711505722
83,1.160,0.09858643587234417,0.07255198551262965,68527433597509.38,0.00800572493797198,0.8934936658951275
83,1.140,0.12015314623008079,0.08680273185987342,80574092158763.89,0.01029031693794369,0.8696712781069338
83,1.120,0.15777072218822163,0.11163880179302631,101809983100619.58,0.0142878867775526,0.8281048639780418
83,1.100,0.22730489811964985,0.15715810329117014,140762392561209.6,0.0218227082145971,0.7511252781131286
83,1.080,0.3615966321931782,0.2467660233527754,217003277893893.66,0.03724596082246519,0.6015992331523753
83,1.060,0.6173888156288448,0.4157953883320489,358874590150471.9,0.06846200454385008,0.3149777158545802
83,1.040,0.8504446211786424,0.5643547602673462,477906247569244.3,0.10242670582896955,0.04836998425364549
83,1.020,0.6304944958078059,0.4111400992954497,341465777569155.6,0.08324837502665967,0.28724695716531806
83,1.000,0.34819333570904387,0.22253338776456213,181197564343306.34,0.05077630418644466,0.6016110000549468
83,0.980,0.20045068998483198,0.1312991796064611,104772007240248.67,0.030003641939032242,0.7698822496218775
83,0.960,0.1465480778319735,0.10069614304688117,78712053954966.2,0.021336895724016678,0.8323419825987476
83,0.940,0.13273659370821064,0.09651433257446142,73871487027832.66,0.01815508511285732,0.8492696050254992
83,0.920,0.1439702409374129,0.11148304500963763,83512950170326.44,0.017463241813411662,0.8386537299420114
83,0.900,0.17483738629212783,0.14420824694063336,105679264714900.39,0.017351341858570724,0.8077573540480073
83,0.880,0.2161328722992272,0.18802775707363029,134729225661705.42,0.01605914606742367,0.7674931634661988
83,0.860,0.27188657889860907,0.24475306258137894,171389322544798.22,0.014679015120901237,0.7127192501746586
83,0.840,0.3734807936922256,0.34126118321149845,233412093763378.34,0.01679107235599159,0.608422867859197
83,0.820,0.48284436254175844,0.44180750296034144,294987841080104.0,0.023424080275394624,0.4918962467732806
83,0.800,0.41908418992424734,0.3813118727723236,248386215823502.84,0.02636402182078986,0.5530355103718761
83,0.780,0.29734278923309015,0.2686667277745099,170634036545468.94,0.02480370015154314,0.6769070419575272
83,0.760,0.24402515702783212,0.22035863538925515,136364348720388.88,0.02423035900719301,0.7310798279016844
83,0.740,0.2349382257765586,0.2139504567502708,128914602485554.78,0.023427966447250953,0.741072852643897
83,0.720,0.23813720622303672,0.21968904440180737,128794723857143.83,0.0202478350086565,0.7410776781306183
83,0.700,0.26655775803557374,0.24830312478605457,141526380905890.2,0.018771973003163307,0.7141001231313163
83,0.680,0.33204149476554773,0.31051033416020574,171926232897202.9,0.02246485555693755,0.6449314286190997
83,0.660,0.40710070335559434,0.3810675045927024,204787303551577.84,0.02932241108047251,0.5631470708266009
83,0.640,0.5228625317779687,0.4878353379184435,254220405254240.6,0.04150762231517142,0.4353897477471767
83,0.620,0.36617016050561524,0.3389869535428293,171132245748598.78,0.027759483202417983,0.6059253041516481
83,0.600,0.19871819472063967,0.18331908165224073,89560415432620.53,0.010753613563503408,0.7903170400330439
83,0.580,0.1989304121615946,0.18382051014368422,86811875055706.11,0.006820226654736849,0.7938855922325142
83,0.560,0.28148214755824186,0.2615678508917889,119269546301337.52,0.005638596989212218,0.7121642737096212
83,0.540,0.3441720063982256,0.32230149580099143,141714163296568.47,0.0020489092763232315,0.6523301238624316
83,0.520,0.5549075570499457,0.509366495835049,215670574433274.62,0.0003645583177271314,0.44022745551500897
83,0.500,0.23645470210168895,0.206497981675452,84070376354013.14,0.00012773085453369963,0.7615128803098713
83,0.480,0.32825213832800443,0.27478923910762,107398480023277.22,0.000775708124124259,0.669375167381779
83,0.460,0.41096123561059605,0.3438965510279117,128807997338331.89,0.004569014028626573,0.5837636786120457
83,0.440,0.1812848771463186,0.14735723297621342,52793603996356.56,0.0025365005034563184,0.8159114955161877
83,0.420,0.2627275681251679,0.20447492722243613,69927262801999.0,0.003606157124163536,0.7333049507933186
83,0.400,0.49823033052729127,0.3750374672487692,122149536814414.48,0.005456177446333806,0.4955760161275769
83,0.380,0.15810349787589534,0.10412720033898734,32218473837480.965,0.002664075277351925,0.8392759401199902
83,0.360,0.3848795719485156,0.22825732543266553,66908978728364.086,0.010382537526619854,0.6056092199786944
83,0.340,0.4083137698411085,0.22724227315356116,62910801477756.22,0.016380266107909693,0.5759070944239317
83,0.320,0.2719375016932996,0.11068764457641153,28840733413163.41,0.009234738051725686,0.7193461539642607
83,0.300,0.5350249327090151,0.14269286097691028,34856251169216.51,0.00827460067183607,0.45822546817763365
84,1.200,0.06769083358322932,0.05129081611357016,42985118256487.23,0.0043152050215727825,0.9280417822132889
84,1.180,0.0737448259508514,0.05505356383830198,45369575474824.59,0.004936609178930778,0.9213771540257041
84,1.160,0.08447391161656817,0.062011575386428375,50237500585731.734,0.0059542442613114005,0.9096463501702491
84,1.140,0.10283621687146911,0.07407282343915987,58974059111679.625,0.00765336466895476,0.8896099471028821
84,1.120,0.13506545700101288,0.0952353339920307,74492646255822.0,0.010642596024763527,0.854433848350811
84,1.100,0.19532785454922172,0.13447788887498233,103309637631029.61,0.016339469293564505,0.7885531491950987
84,1.080,0.3147431201648966,0.21377702137481633,161243437257305.94,0.028278816893690193,0.65736817848102
84,1.060,0.5590532827475427,0.3745244776988752,277257525399861.66,0.054139890665405456,0.38756780926138
84,1.040,0.8281240270885792,0.5462825874659164,396778350380097.1,0.0872259247584652,0.08587621546902903
84,1.020,0.6179268962740302,0.4002069772820857,285090074923603.44,0.07147517827499386,0.3115823933173795
84,1.000,0.3273017914546527,0.20753000635919638,144936633577296.22,0.04189874665833164,0.631353697705896
84,0.980,0.18191690316212258,0.11814372540526606,80860050342333.23,0.023979671904070233,0.7944141596304264
84,0.960,0.1306186969315541,0.08897520582635235,59653716343642.39,0.016819084272285855,0.8527687055637887
84,0.940,0.11723987632394843,0.08452953752674265,55492413904815.414,0.014258321995424188,0.8686483268119191
84,0.920,0.1267295848593469,0.09737658960012344,62566182629686.38,0.013762254495773035,0.8595894394402845
84,0.900,0.15388403340286963,0.12609486649015647,79256919049801.92,0.01379374025793512,0.8322799823744749
84,0.880,0.19000498956973094,0.16444018137677627,101062000256763.11,0.012897340177336318,0.7968264871204683
84,0.860,0.23840706442551374,0.21372066993107966,128363706402967.38,0.011931400023815443,0.7490397444474504
84,0.840,0.328987474757699,0.2994250554013432,175656690094733.9,0.013956970221879821,0.655910314277219
84,0.820,0.4326101559800091,0.39399503539172664,225632612669736.53,0.020175391565670418,0.545571740141423
84,0.800,0.37651748868965107,0.3405088324615162,190246045846066.62,0.023056173351346822,0.5990601866008842
84,0.780,0.2631251581854628,0.2360847298267417,128605567612609.31,0.021341758596948337,0.7146885604489072
84,0.760,0.21478211713053555,0.19273254227291026,102297710217410.6,0.020468718219857292,0.7641570460536989
84,0.740,0.20815490907664536,0.1887428642260977,97543768807757.0,0.019585510207352035,0.7717574479155448
84,0.720,0.21117958242593346,0.1943642401322235,97734103061449.89,0.016666550979872675,0.7716753112239736
84,0.700,0.23477991055163167,0.21846183413821413,106799909817464.81,0.015108908694093835,0.7496088450350809
84,0.680,0.29159274047036493,0.2725575829225305,129438792337048.14,0.017780807041199446,0.6901339464258609
84,0.660,0.35811352422768805,0.33519424214031474,154503298562559.47,0.023002849446835342,0.618508885362613
84,0.640,0.4737266280508255,0.4421010274925974,197605381891421.12,0.033304742397133845,0.49275874751894194
84,0.620,0.33975950033538455,0.31464939234463496,136243520538794.92,0.022719536917366393,0.6373938574384008
84,0.600,0.17631707684177964,0.16268236180681586,68169324358444.71,0.008389209161016611,0.8151096920251008
84,0.580,0.17271344734927827,0.15959744739398704,64647421122375.22,0.0051874362577272164,0.8217851013318057
84,0.560,0.24485509558405677,0.2275151380919352,88980654497128.31,0.004282419647188506,0.7502408055682891
84,0.540,0.2989115403769389,0.2799032501505314,105559900366073.56,0.0015478309497579282,0.6982812246974452
84,0.520,0.5048910133733512,0.4634198941764609,168296578880182.1,0.0002870862458270969,0.49072470566030096
84,0.500,0.20965933492187536,0.18306949489038868,63926843075849.86,9.749885503989625e-05,0.7885531224506571
84,0.480,0.28244199632727024,0.23638754262562914,79243398674911.73,0.0005723255941014687,0.7156099815324488
84,0.460,0.37523878114128006,0.3140973484141873,100906553336292.55,0.003578766768756873,0.6205383236714714
84,0.440,0.15961421576497775,0.12975638727827685,39872979750574.07,0.0019227425296551037,0.838229050435217
84,0.420,0.22184841484559634,0.1726232701188268,50634427071840.555,0.002622466226893212,0.7752254699457628
84,0.400,0.4711383175255694,0.35439906051916203,99003334844407.28,0.004446359691475318,0.5237191033268493
84,0.380,0.13756474413435735,0.09048022759943021,24012343723109.89,0.002005691308300237,0.8604688466322412
84,0.360,0.33606527482829446,0.1991288086803786,50064959214802.84,0.00787017030766097,0.6568347545124538
84,0.340,0.38320993805701614,0.21441559291392392,50913453053512.88,0.013445274783179386,0.6039142042035783
84,0.320,0.23933969433423755,0.09722708159291443,21728737769873.066,0.007111187938313756,0.7540063901614321
84,0.300,0.4824514807279644,0.12880200206989748,26986162973053.25,0.006521499359012196,0.5124027617507885
85,1.200,0.056638073322773354,0.04283738990281682,29933876354305.242,0.003040619945580477,0.9403618523106393
85,1.180,0.06160350309002977,0.045890772125154466,31533057686734.754,0.003475967735454004,0.9349701248252832
85,1.160,0.07047595576992928,0.05160451718276524,34858156986324.113,0.0041913545463603446,0.9253956888822257
85,1.140,0.08574070649610682,0.06157276620361241,40874478949049.33,0.005390014768410369,0.9089534079320019
85,1.120,0.11269646222666359,0.07917670780523914,51638566242306.48,0.007510253543889326,0.8799133718687286
85,1.100,0.16365683977304518,0.11218620797456413,71860604609786.03,0.011594644104674433,0.8249359778598377
85,1.080,0.26708998629140085,0.18053530809132634,113538883718803.08,0.020345877148526485,0.7129000272438384
85,1.060,0.4933109058194916,0.32870465642441093,202894574862127.7,0.0405514654688866,0.46681885327402267
85,1.040,0.789173210519888,0.5174365451625418,313364035157188.5,0.07065379409041564,0.14135852707668817
85,1.020,0.5907604497887501,0.37995920086532675,225681443233545.75,0.0581784270287728,0.35201637907934147
85,1.000,0.2981844708901114,0.1875432204347783,109209415425769.53,0.03256380788118537,0.6697645176545659
85,0.980,0.15990093403537878,0.10293955494843483,58744481523589.46,0.018038247038390423,0.8223387152375559
85,0.960,0.11288149797732304,0.0762095079161353,42602894194242.85,0.012491956646795086,0.8748087632115185
85,0.940,0.10053365265254482,0.07185292356651092,39330639707856.016,0.0105650816906956,0.889030597650244
85,0.920,0.10845023451591905,0.08265892197874347,44282922762271.984,0.01024827069638955,0.8813752284333858
85,0.900,0.1318684044965411,0.10730355527356876,56236118083232.38,0.010380617979556077,0.8577197887631559
85,0.880,0.16281963710253536,0.14012050633279194,71803081573711.78,0.009823926486609543,0.8271296841372665
85,0.860,0.20388821919084166,0.18192897615476725,91108530057108.73,0.009214839413393223,0.7863709324474738
85,0.840,0.2826791536322448,0.2561159162474307,125277929647418.66,0.011047526388805564,0.7052950399841572
85,0.820,0.3777713969071532,0.34213954915415346,163371329861149.12,0.01657985284323278,0.6042183999667161
85,0.800,0.3288144808849608,0.29517631252323306,137508708503412.78,0.01922545058089915,0.6507656939013455
85,0.780,0.22603860519095564,0.20109127144671962,91336956450822.58,0.017472767740833475,0.7557581615196989
85,0.760,0.183844917768114,0.16375813327979735,72472823990031.97,0.016434468296683255,0.7992085186499369
85,0.740,0.1798114028244711,0.1622552811440212,69918044641539.98,0.01555840074586219,0.804193110038725
85,0.720,0.18269436778464251,0.16772525855328416,70321751569150.71,0.013019038459871055,0.8038720592721323
85,0.700,0.20160914030845273,0.1873868619706788,76382855774745.78,0.011519637172814172,0.7864410485626298
85,0.680,0.24945131509527654,0.23306410684282156,92287529605699.66,0.013312918113864857,0.7368169236034425
85,0.660,0.3066089154283156,0.28697742602777393,110293618347765.14,0.01705263314737482,0.6760219504069461
85,0.640,0.4174282859857885,0.3896603738258064,145219497599154.5,0.025233879123083478,0.5571611366298235
85,0.620,0.30626653061977854,0.28372826559145153,102436093029484.8,0.01753950654990916,0.6760867994501782
85,0.600,0.15192524294628643,0.14019925817447046,48984161601357.91,0.006171348635204675,0.8417479040109408
85,0.580,0.14592935325210463,0.1348492412528491,45544423993258.46,0.0037288226327089878,0.8500781933965343
85,0.560,0.20743458086542252,0.19273242948988606,62849457896982.555,0.0030765250524423414,0.7889627319849507
85,0.540,0.2528862105534508,0.23679600499826664,74460653599612.89,0.0011066202798929985,0.7449411988959653
85,0.520,0.44618739179188815,0.40951216750994074,124002050547638.05,0.0002134177435988407,0.5499766281597311
85,0.500,0.1805942846182156,0.15767041275994054,45907000976985.84,7.030798784411975e-05,0.8178788107877268
85,0.480,0.23697773407179806,0.1983023537225209,55427822755441.11,0.0004006652668277273,0.7614663861468475
85,0.460,0.332371348362986,0.27830263967125113,74547635040943.67,0.0026464924525965374,0.664412694814576
85,0.440,0.13658841562082857,0.11105083040265991,28453336499129.293,0.0013781459221319963,0.8618343651409945
85,0.420,0.18306438820718932,0.1424215595600234,34832427402908.867,0.0018133588549673878,0.81487309811522
85,0.400,0.43182856141766185,0.32464189915712804,75617667111547.33,0.0034177174051359424,0.5641173138307566
85,0.380,0.11648299991497714,0.0765302520268007,16934619899381.066,0.0014301054799067986,0.8821215267108407
85,0.360,0.2858605298548659,0.16929574640439807,35490103050226.875,0.005655960457443059,0.7091465585804361
85,0.340,0.34871436166543596,0.19614079689246172,38833413358467.305,0.010409837099608184,0.6413984192671641
85,0.320,0.20509287906190812,0.08317411080401543,15498756603892.031,0.005185759336866593,0.7901141811255048
85,0.300,0.4221496624157075,0.11283735157430196,19712098110057.312,0.004852653545249288,0.5742020263029302
86,1.200,0.04551905286535146,0.034363571808419625,19218822162276.4,0.0019752694957035537,0.9525387125254693
86,1.180,0.04945136870078355,0.036757673589365714,20215162997479.86,0.0022574228545810637,0.9483315669585751
86,1.160,0.05652882449807063,0.04128518202644713,22320268583725.023,0.0027225600947542133,0.9407998460377112
86,1.140,0.06876558491833512,0.049231007500751926,26157172605237.754,0.003504684045192532,0.9277981548939036
86,1.120,0.09050394555696561,0.06335194245212179,33069313659128.777,0.004895813197126057,0.9046980780724684
86,1.100,0.132046790038995,0.0901189571120859,46201498926131.53,0.007604432665077388,0.8605023026579421
86,1.080,0.21831685201009238,0.146842946092041,73913551077149.19,0.01353230892441179,0.7684294522593491
86,1.060,0.41936736698880267,0.27790528849951585,137293475783243.45,0.02808251868164483,0.5531376959065764
86,1.040,0.7282635980682286,0.4745607059803056,230023569214007.2,0.05318346950082815,0.21966302326982445
86,1.020,0.5438716299495557,0.34733614805826313,165119125063196.75,0.04375881266998718,0.41326220597851726
86,1.000,0.2596400213151623,0.16196161043062257,75484765411264.19,0.02321006186017076,0.7176034103128835
86,0.980,0.1343161872176278,0.08569986870920958,39142941211372.1,0.012441620757841457,0.8534797255368253
86,0.960,0.09336022395882063,0.06245676625882531,27944603436482.688,0.008519150180052079,0.8982745589741135
86,0.940,0.08262164164726275,0.05852068940348148,25638021686789.273,0.007198519556216347,0.9102893160756705
86,0.920,0.08907678063511477,0.06732225797667507,28866473047960.55,0.007028503215534489,0.9039589830918305
86,0.900,0.1086331686547492,0.08774621230317961,36805956735301.48,0.007208569287741672,0.8841371869716098
86,0.880,0.13431028495882905,0.11488335916788286,47118018808173.64,0.006918963156348051,0.8585891483699788
86,0.860,0.1679777220866935,0.14911318102110044,59767034761468.37,0.006594107795988023,0.8250007485902086
86,0.840,0.23408785339414998,0.2109851838105528,82599699600368.33,0.008124364945253948,0.7569844023708827
86,0.820,0.3177253787539949,0.2858355352239644,109238894189050.22,0.012691694746981026,0.6683865031385658
86,0.800,0.2756430336500754,0.245193099879058,91420892028037.9,0.014919054564264633,0.7084381834386859
86,0.780,0.18611883618860794,0.1638618270849398,59568905277585.09,0.013278319717578754,0.7999986427789267
86,0.760,0.15118964910635316,0.13350925820045328,47290314084988.945,0.012232212676781727,0.8361537560093323
86,0.740,0.14966340085428578,0.1343238912510043,46326789854745.2,0.01145317803558164,0.8385181447493392
86,0.720,0.15231456349636502,0.13946215508045814,46798948115208.77,0.009407287942175012,0.8379334657798616
86,0.700,0.16667230320113405,0.1547409960849246,50483638873086.77,0.008107277227059905,0.8248670730491308
86,0.680,0.20526173570767947,0.19169964229426284,60754358349992.11,0.009188440265947728,0.7852085547863054
86,0.660,0.2523387515176218,0.23618273318917327,72650616319750.84,0.01164560037545198,0.7357600634321647
86,0.640,0.35348916926625856,0.3300610935924026,98451317316354.38,0.0176105062381761,0.6287590166855016
86,0.620,0.26469605747452635,0.24529567602695818,70880831806243.42,0.012443840137720501,0.7227744798073202
86,0.600,0.12546383182535234,0.11579684854236182,32381369601142.953,0.004170923961210561,0.8702395075858721
86,0.580,0.11846034058220636,0.1094670807888216,29590939464886.336,0.002468999838937991,0.8788581466252965
86,0.560,0.1690153661890319,0.15702802717532988,40983818987552.28,0.002038450259157757,0.8285181166485859
86,0.540,0.20584137845102038,0.19273982198970588,48507895872326.484,0.0007301741038497428,0.7925606788604769
86,0.520,0.3783288238500215,0.34721356827327415,84148669756345.48,0.00014608041186118956,0.6184523179581046
86,0.500,0.14914518003878607,0.1301998436855639,30340846300111.305,4.6676066843848245e-05,0.8496046632993366
86,0.480,0.19148128843293152,0.1602116081451416,35841191625130.91,0.0002595363723534734,0.8073252691749826
86,0.460,0.2819586624652204,0.23617016233103152,50632582971468.25,0.0018012907742702212,0.7157583819227599
86,0.440,0.1121167657235203,0.09116568101270815,18695250137748.46,0.0009102271141667364,0.8868106661923092
86,0.420,0.1457646698603238,0.11338918601244041,22195664485539.574,0.0011624760396426793,0.8528757565053623
86,0.400,0.37863615902088027,0.2845207899288935,53042162337870.54,0.0024149120231322153,0.6183930190344467
86,0.380,0.09472383309945313,0.06218075673224003,11012522860006.18,0.0009410798229994682,0.9043645067618914
86,0.360,0.2340341324304643,0.13859141532384203,23253378134060.727,0.00375964384943443,0.762755498194072
86,0.340,0.30364621213742776,0.1716719801421195,27203548414026.387,0.007408563417559275,0.6894038272136308
86,0.320,0.16894677655332282,0.06841897027202781,10204077189764.037,0.0034914203148683366,0.827886293137204
86,0.300,0.3543769467841292,0.09485488447677676,13262584912198.908,0.003328231108858769,0.6433063185976897
87,1.200,0.03431345590411428,0.02585517383009205,10849046646410.08,0.0011281504108409475,0.9645836496162846
87,1.180,0.03725091759947407,0.027627532091272104,11399530576763.86,0.0012894913337236386,0.9614904199140154
87,1.160,0.04257011641749877,0.031009161439158925,12577979418198.645,0.0015562569139387938,0.9559127512358867
87,1.140,0.051809292290610175,0.03697613813698697,14739721248213.467,0.002006444100485341,0.9462365535579583
87,1.120,0.06832070367050894,0.04764594182293571,18659792381581.836,0.002811780628085027,0.9289424555552273
87,1.100,0.10021695519379957,0.06808977281060298,26190117009789.38,0.004396901915719327,0.8955044281787053
87,1.080,0.16795070886846025,0.11240266512544078,42448586446426.49,0.007939016011732499,0.8243278043417187
87,1.060,0.3358306763759486,0.22131260515640772,82030410370743.38,0.01716843743769213,0.6474783382299941
87,1.040,0.6372029516830514,0.41263370292909424,150058605071735.0,0.03556956095973073,0.328213072413672
87,1.020,0.47052710839173956,0.298351921688938,106412312143490.73,0.028982075735582886,0.501274695244363
87,1.000,0.21068485100119408,0.13033304421279598,45574027256766.16,0.014444890226536274,0.7752439972193068
87,0.980,0.10521566976629092,0.06652713923729997,22797529833845.176,0.007497592015224502,0.8874760846820926
87,0.960,0.0721366208061422,0.04781163291550833,16049728047472.61,0.005084818112217059,0.922900070198091
87,0.940,0.06353606897159605,0.044588303036399435,14655872094265.496,0.00429935521054024,0.9322513343891939
87,0.920,0.06856675946507904,0.05137005121017994,16525731581891.6,0.004232199495269794,0.9272535784800101
87,0.900,0.08401213768568379,0.06733330285316326,21190211724489.035,0.004403809489695734,0.9115717343792105
87,0.880,0.10416889831150095,0.08851844971651078,27238258668292.293,0.0042963996417291666,0.8913987770574324
87,0.860,0.13024380953580275,0.11495426963091777,34568968922748.406,0.004170048560485511,0.8652604523765529
87,0.840,0.1825742995505612,0.16356232096713866,48042480124098.49,0.005297265200289873,0.8115090653289966
87,0.820,0.2515869075684468,0.2245006057322279,64371590221117.34,0.008643584085644028,0.7388307461552264
87,0.800,0.21664452036555612,0.1905155859427555,53294619543561.4,0.010287578899842371,0.7722864099235479
87,0.780,0.14345425353480873,0.12468154726533365,34006321335384.008,0.008937910024058502,0.8471416889625233
87,0.760,0.11675269732983368,0.10205610491184111,27121608941528.832,0.008051975571216181,0.8748663875211796
87,0.740,0.11734345452837015,0.10469000917053839,27089427447945.56,0.0074525912182641894,0.8749177997486111
87,0.720,0.11956400455227285,0.1091700548885457,27485199496090.88,0.0059939168067943815,0.8741735629704018
87,0.700,0.1295412260706905,0.1201358049256372,29405825183356.637,0.005018862077628326,0.8651682309884223
87,0.680,0.15863413710904992,0.1481001265278246,35214960916748.93,0.00557148831890156,0.8355343785741233
87,0.660,0.19498013435366252,0.18250406948253176,42119126593113.734,0.006985480692079045,0.7978417715180085
87,0.640,0.2811618907352736,0.262598391525103,58767187156169.62,0.010801708549202831,0.7079317437505466
87,0.620,0.21406314861523484,0.19843312267161956,43019833454055.96,0.00773108826212553,0.7781426539792415
87,0.600,0.09692435615247671,0.08946750923831512,18770656647740.45,0.0024681555849008206,0.9005125410083835
87,0.580,0.09020793045124519,0.08336010457799146,16906321084142.5,0.0014357136542928754,0.9081957541868757
87,0.560,0.12935936855169297,0.12017969645312696,23533254863873.523,0.0011879948041817227,0.8691256766210707
87,0.540,0.1574569797194394,0.14743341044544653,27838930070744.926,0.00042410049871279595,0.8414552745571825
87,0.520,0.3007079256145825,0.275965754898245,50178931015136.76,8.783439649592104e-05,0.6967612427924974
87,0.500,0.11527312248902141,0.10062248523872658,17592514287574.062,2.7192761717994672e-05,0.8837692300210035
87,0.480,0.14553066755743813,0.1217564942468367,20436016315618.59,0.0001483737110111685,0.8536110356500721
87,0.460,0.2236766968314368,0.18741987786079678,30146462011163.55,0.0010759853580352705,0.7748667676796345
87,0.440,0.08616638268898141,0.07007327398934599,10781221139596.557,0.0005280620961832344,0.9131816958054861
87,0.420,0.10936948098782416,0.08507073359420875,12493736343663.672,0.0006588890295318304,0.8898248424842725
87,0.400,0.31000866879688516,0.23287043754127346,32571459469552.023,0.0014952085285238736,0.6880431924869665
87,0.380,0.07220570154403114,0.04736945127438102,6294262035320.45,0.0005447824770064756,0.9272730145183316
87,0.360,0.18019332073481276,0.1067474223750089,13437632703702.283,0.0022057292901479174,0.8180287982173026
87,0.340,0.24695253744770113,0.14032458036573117,16683053313631.07,0.004619876925784233,0.7488030828974839
87,0.320,0.13064519287055346,0.05284885858523129,5913552526789.426,0.002069568738584671,0.8675369442813768
87,0.300,0.2790613778859657,0.07481791671740967,7848555513381.263,0.002009142016791348,0.7197264312385206
88,1.200,0.023002956520260756,0.017299502384475928,4840572460927.489,0.0005092303185399264,0.9765049904475764
88,1.180,0.02496599000749623,0.01847468723276969,5083244164182.033,0.0005824078906850533,0.9744725603895479
88,1.160,0.028537837581677748,0.020732576024558823,5607807853325.047,0.0007037323834205654,0.9707850341301553
88,1.140,0.03476842587692023,0.024735969223538424,6575301203403.109,0.0009092380838473525,0.9643579356527388
88,1.120,0.0459703632696582,0.03193837853813671,8340896943253.967,0.0012790879144031584,0.9528017194001549
88,1.100,0.06784880409303538,0.04588915461403357,11770220825696.22,0.0020152358900938356,0.9302172634331773
88,1.080,0.11535671823068377,0.07681410930096987,19344015130975.78,0.003695051763848445,0.8810998733333785
88,1.060,0.2405151187651916,0.15761110038948298,38956015960918.85,0.008340468903600008,0.7514913846350729
88,1.040,0.5028612145618936,0.32358987938027167,78471171834367.39,0.019063420319593554,0.4788645924145635
88,1.020,0.3621804223755755,0.22800082483153647,54227359598960.14,0.015172225023489149,0.6232597682739727
88,1.000,0.1507868783776264,0.09249980689808335,21568636675245.86,0.007043405406122336,0.842441358318651
88,0.980,0.07282214512967464,0.045626477223550836,10426171947241.207,0.0035458085394179124,0.9237653982833359
88,0.960,0.04935461319634529,0.03240553206672689,7253911592031.161,0.0023867524426855963,0.9483435720287061
88,0.940,0.043338698108466224,0.030129258969399057,6603864787286.344,0.002022719236248321,0.954699591943402
88,0.920,0.04689134640306003,0.03481605441664848,7468772801712.006,0.002010708408017473,0.9511361221639941
88,0.900,0.057828240565938965,0.0459718004020934,9647524509374.92,0.0021270032688526933,0.9400393161600824
88,0.880,0.07203464127195305,0.06078251920121496,12472204892118.602,0.002114193348785755,0.9257611171764786
88,0.860,0.09015002176704581,0.07906145025233037,15854227887793.027,0.0020951724642593174,0.9075342411874374
88,0.840,0.12726644267214576,0.11321487228803888,22175051429206.402,0.0027548505719050577,0.8695537366138814
88,0.820,0.17805482235553183,0.1573055698265733,30077367434750.676,0.004716479185680513,0.8165737633862238
88,0.800,0.15141243036147997,0.13121877250244315,24477543242400.7,0.005675169467640133,0.8423724366328255
88,0.780,0.09816730482195932,0.08395540095398686,15269510376763.271,0.004794069076181064,0.8967211164694953
88,0.760,0.08037350484532702,0.069424214001194,12302869928459.764,0.00421591144943957,0.915184622790584
88,0.740,0.0822865637177131,0.07293695717743295,12585232109247.285,0.003854231607035767,0.913660018381989
88,0.720,0.08382383661786566,0.076318096017856,12812736423654.467,0.0030254045043915058,0.9129650841822955
88,0.700,0.08973496292431399,0.08313261096258902,13569108945109.129,0.002454484373503822,0.9076253212267292
88,0.680,0.10915667398275626,0.10187855942328912,16153758161043.8,0.0026661459521733475,0.8880017073252526
88,0.660,0.13413612524570334,0.12556398991776488,19323727815664.973,0.0033078200609597684,0.8624276897991267
88,0.640,0.1993289262098584,0.18622023008493446,27790009905352.04,0.005237790915899268,0.795365381653264
88,0.620,0.1534681459237856,0.14230153297036252,20572313638848.85,0.003777407047227717,0.84271393577073
88,0.600,0.06637915183199833,0.061278657625915056,8573188290455.974,0.0011488437411439393,0.9324085507590247
88,0.580,0.06109091703779053,0.0564535233215618,7634857121843.335,0.0006589456576563298,0.938142263434139
88,0.560,0.08819194933453728,0.08193119892057933,10698409216638.658,0.0005474802444330867,0.9110382391985665
88,0.540,0.10734491531621825,0.10051165867092142,12655871843489.736,0.00019495686859639824,0.8920079513772631
88,0.520,0.21251995873352042,0.19502867441673846,23647415444659.0,4.172151673312914e-05,0.7857114995331348
88,0.500,0.07902255152236251,0.06897545032356987,8041673152786.726,1.2492147268963783e-05,0.9203269895306607
88,0.480,0.09865910846003681,0.08254061901638576,9238273759299.88,6.730933767715581e-05,0.9007923769344561
88,0.460,0.15729629633194647,0.13184960205931337,14142250439875.459,0.0005070009069519199,0.8419304874846554
88,0.440,0.058763987786977896,0.04779464368430143,4903585739865.926,0.00024181073805426765,0.9409104102298715
88,0.420,0.0733192355256896,0.057027257405863355,5584877411795.715,0.00029684719566346014,0.9262863374884979
88,0.400,0.22458809489465562,0.16866542031148682,15731419523434.553,0.0007288551243995276,0.7743568999550318
88,0.380,0.04889740410698723,0.03206629539467259,2841281439077.1475,0.0002493039740812186,0.9508700127176418
88,0.360,0.12377445366798855,0.07338704583524648,6160327132490.724,0.001027314258139254,0.8754955059030479
88,0.340,0.17776290875438006,0.10150903674531138,8047583515248.565,0.0022680316769969535,0.8202408731177333
88,0.320,0.08991876000430336,0.036344488923673236,2711879656504.481,0.0009709083000078949,0.9092841716798199
88,0.300,0.19568799289523683,0.05256525773872614,3677070203475.4053,0.0009608434550941726,0.8039103409586527
89,1.200,0.011570583359747743,0.008684861802923235,1215240350890.8728,0.0001293239224850315,0.9883088612856521
89,1.180,0.012560988287100302,0.009273960739839281,1276042923888.528,0.00014806575140796977,0.9873016443703365
89,1.160,0.014369321346524534,0.01041128547652363,1408251969851.9304,0.00017921636729534312,0.9854650523859804
89,1.140,0.017536103442313947,0.012436388678165001,1653168651363.282,0.0002321841766696541,0.9822499302122706
89,1.120,0.02326469500500164,0.016101947045410007,2102879754844.6584,0.0003281218061084681,0.9764334650000073
89,1.100,0.034580811809891664,0.023281497376932674,2986218745903.95,0.0005213226413156798,0.9649399377108591
89,1.080,0.059717768952425684,0.03956277521338299,4982284546509.543,0.0009717673028346347,0.9393901397654081
89,1.060,0.13015925691643226,0.08481298819155646,10483016112879.496,0.0022952089232786783,0.8677360594123247
89,1.040,0.3032885013210619,0.19393248430868812,23518083251590.266,0.005853138113157642,0.6913413215268196
89,1.020,0.20874095288083871,0.13046034832585762,15516605861243.857,0.004457578993298759,0.7871596740878312
89,1.000,0.0801505948739104,0.04875689867611306,5685309296417.258,0.0019116274666536005,0.918084390038615
89,0.980,0.03754826790132866,0.023311606878935607,2663890135013.952,0.0009361309203246873,0.9615855572228943
89,0.960,0.025220733152509795,0.016403812738160203,1836259514564.5444,0.0006269369710804095,0.9741966742242384
89,0.940,0.022120527244368332,0.01523270785342149,1669640572820.6838,0.0005334652826736729,0.977378117584307
89,0.920,0.024035844226568036,0.01768286399318052,1896961239850.2883,0.0005363801470484508,0.9754485728926492
89,0.900,0.029891857776061716,0.023562939428903255,2472805736237.735,0.0005780063244225491,0.9695290572894487
89,0.880,0.03748073544221593,0.03138963415880887,3220971999678.1997,0.0005867838649156973,0.9618879912660405
89,0.860,0.04702134628853957,0.04094814582322663,4106300383727.015,0.0005954067742616322,0.9522712953210313
89,0.840,0.06696516880407917,0.05908634367757373,5787412333906.959,0.0008140450667722091,0.9320019006948767
89,0.820,0.09518682353820236,0.08305857518231961,7941752572693.864,0.0014710182133570672,0.9029996048662835
89,0.800,0.07944084142167701,0.06755137212628984,6301474529568.318,0.001786217671545156,0.9184955013605963
89,0.780,0.050361456584283724,0.042200768677477664,3838247604221.3486,0.001459989167764363,0.9480178526868042
89,0.760,0.04169574013604302,0.03551998185016892,3147779847847.611,0.001250602592648921,0.9569376826113569
89,0.740,0.04361947729172619,0.0383948046375085,3313005867753.3086,0.0011279450840576207,0.9551486761580007
89,0.720,0.04429953805012048,0.04021772345030253,3376509710816.1562,0.0008603815185412548,0.9547440262898029
89,0.700,0.04673232378649656,0.04325246086094752,3530424148209.799,0.0006742967933409731,0.9524989912100456
89,0.680,0.05641240361448578,0.05263997182121449,4173905230099.0825,0.0007162106681073955,0.9427829403840808
89,0.660,0.06933141675503789,0.06490942671377037,4995393819400.728,0.0008800849475662245,0.9297247110085196
89,0.640,0.10637268161990344,0.09940558012589643,7418374627111.55,0.001430371587569224,0.8921645025206731
89,0.620,0.08221715742592045,0.07625366551121908,5512777162139.627,0.0010321075918760842,0.9167317385676252
89,0.600,0.033988166222653854,0.03137909361735192,2195379823162.7036,0.00029926392229233243,0.965680917626091
89,0.580,0.03104158929948026,0.028685129872308847,1940004946518.175,0.00016990354250161885,0.9687341734004188
89,0.560,0.04519549855591547,0.04198630584487881,2741660753600.6006,0.00014204024040627674,0.9545488803991736
89,0.540,0.05504229346701392,0.05153926813852024,3245263986158.611,5.0504041534920336e-05,0.944675557284556
89,0.520,0.11271909949129535,0.10344037528016693,6272078053572.683,1.1149049165578668e-05,0.8863538116596226
89,0.500,0.04052539499036539,0.03537187503714976,2062272780271.6013,3.2203186473521886e-06,0.959144197351079
89,0.480,0.050346061959453604,0.04212230353283271,2357606791548.107,1.725263374924314e-05,0.9493912428227754
89,0.460,0.08271415516138604,0.06936111060874951,3720419340116.7637,0.000134125223160876,0.9170126329430244
89,0.440,0.029995117435796432,0.024398919057524095,1251818270788.059,6.220097875194561e-05,0.9699002895722529
89,0.420,0.03705627626456343,0.028821834427524055,1411526163828.1677,7.56847719898587e-05,0.962819182598658
89,0.400,0.1213703824154599,0.09113840961266467,4250886020241.6216,0.00019897190041680038,0.8782556636173706
89,0.380,0.02481248755776549,0.016269628687806344,720907031026.4891,6.418499840986102e-05,0.975132265227002
89,0.360,0.064028519240697,0.03801463417516545,1595773833446.6086,0.00027054274075035746,0.9358564686495591
89,0.340,0.09548840977332815,0.0547911105396392,2172236182240.611,0.0006236001289814749,0.9040346381530401
89,0.320,0.046476980144527044,0.018776235766895407,700610322023.1317,0.00025663480855414535,0.9533565830804551
89,0.300,0.10321261824599429,0.027786006227578142,971998079073.9935,0.00025944013456649184,0.8968230592881945
