theta [deg],vacuum wavelength [um],absorption in whole stack [unitless],absorption in active material [unitless],absorption in active material [#photons/(m^2s)],Transmission Coeff [unitless],Reflection Coeff [unitless]
0,1.200,0.47828695017802436,0.3703478755585505,2969298155951787.5,0.16443324761848183,0.3569120441112497
0,1.180,0.5262836653859363,0.4083964643647022,3219783612712794.0,0.1806358332998447,0.2926156508349029
0,1.160,0.5868229193445992,0.4567959495410421,3540323422368939.5,0.20083260212735268,0.21176093174232474
0,1.140,0.6530489800476746,0.5103900100208125,3887493907238163.0,0.22257274756513737,0.12366004037524236
0,1.120,0.710805057974929,0.5582086637391892,4177123350540297.5,0.2409550926655434,0.047389189171515425
0,1.100,0.742874980351321,0.5865985287916127,4311182020233112.5,0.25016810713060655,0.006004241421183806
0,1.080,0.7383956372149423,0.5898801251514422,4256476343175592.0,0.25032809762021335,0.010314662303495639
0,1.060,0.7094108777109447,0.5737342593503505,4063304355554916.0,0.24156628151449466,0.04810949810701857
0,1.040,0.6744412203990598,0.5523704013103193,3838189765053140.5,0.2309482364552883,0.09376665930278408
0,1.020,0.6506037926171265,0.539416525716853,3676098367737466.0,0.2240704773039497,0.12454885419278305
0,1.000,0.6476018158126121,0.5431442025036352,3628923833836009.5,0.22412686786135289,0.12754923444939978
0,0.980,0.7005584024555455,0.6068051994906216,3973178474447853.0,0.2131962691415004,0.08556028723716137
0,0.960,0.7860105920480042,0.7033365553624176,4511252418988834.0,0.19270410305345023,0.020643697063124026
0,0.940,0.8328737846600172,0.764467513482588,4801197739122775.0,0.1561170699059094,0.01043408437186745
0,0.920,0.8171088409171464,0.7645277216736837,4699414684681447.0,0.10921741593240207,0.07310744381368627
0,0.900,0.7951340101892401,0.7545578795443615,4537302901179491.0,0.06880493647845937,0.13528880338823077
0,0.880,0.818401518561989,0.7842030935740355,4610774983281419.0,0.04076291118699769,0.1394869013246607
0,0.860,0.8861638349716187,0.8536577014945825,4905066716290202.0,0.024080822050875524,0.08746818579936912
0,0.840,0.959264582706487,0.925816387257236,5195972627359577.0,0.017012939735063796,0.02054102310598206
0,0.820,0.9740677026113184,0.940020591986269,5150079397260759.0,0.016722572112004334,0.00578688143394569
0,0.800,0.918347033647762,0.8851959250366365,4731426498042702.0,0.021356903581350103,0.057330470622409015
0,0.780,0.8611288771720699,0.8283566822493679,4316926828556746.0,0.030761601044622555,0.10575677589262333
0,0.760,0.8524317494327469,0.8185014580541974,4156193458307816.5,0.0427369625738914,0.10289019446207545
0,0.740,0.8788668650019053,0.8434474234711421,4170157332435341.5,0.05122803966571473,0.06816728799510971
0,0.720,0.9040298063474943,0.867943225905929,4175288786954378.5,0.05203958313160797,0.0422415949988018
0,0.700,0.9245644737809938,0.8869278545985735,4148098296781474.0,0.054175326600611244,0.019617831402422903
0,0.680,0.9107167409563796,0.8715189852934783,3959574053998337.0,0.06567872572941247,0.022324470497392612
0,0.660,0.895507757272931,0.8547785677961172,3769296183222121.0,0.08502961364436551,0.018700376025740137
0,0.640,0.85917790939487,0.8180024983686158,3497818809851583.0,0.10418229395384988,0.036412640307760355
0,0.620,0.7530995157323583,0.7139494275404328,2957480187993685.0,0.09631195966862964,0.15054383661642393
0,0.600,0.8192726681507545,0.7733249490355485,3100101953682919.5,0.08188772629059926,0.09835014609116642
0,0.580,0.925797607632043,0.8721119648881328,3379581648352861.5,0.06441002474797104,0.008507937109544192
0,0.560,0.9208432212694767,0.8685212076953248,3249609377971482.0,0.03940978287715763,0.03770728704697714
0,0.540,0.9304125180999301,0.8803918114293018,3176380045956159.5,0.010069275017283755,0.05586905704367726
0,0.520,0.951822583382951,0.8866828104034477,3080593094476045.5,0.0007478107935204787,0.040562711377195804
0,0.500,0.8968139117825418,0.8114296010355094,2710713108143775.0,0.001154378576539107,0.09610977384319114
0,0.480,0.7652117286941881,0.683327249169995,2191455628373160.8,0.011992649049070776,0.2201786326493013
0,0.460,0.9038947233468657,0.7925506307985231,2435833238704863.0,0.07004132082180783,0.024806690435796024
0,0.440,0.7524533652913624,0.6516845756740618,1915811709447593.2,0.05787977549679485,0.18850042788626994
0,0.420,0.7944398769664246,0.6750866599271026,1894399286055307.5,0.05784772606479154,0.14657682917869547
0,0.400,0.9384233863455693,0.7733261121611513,2066737744277445.0,0.04732943671357806,0.012849000620875515
0,0.380,0.8341537818844608,0.6270193231484282,1591941946748206.5,0.059149210488654985,0.10643406056135359
0,0.360,0.8843537701822825,0.5700847443562437,1371212061848822.5,0.09144563204649109,0.025088746174203477
0,0.340,0.8175426299139348,0.47507166363983633,1079197048418099.6,0.09356820161320498,0.09007394285785572
0,0.320,0.8831049512420114,0.451481558014035,965278644669220.8,0.08466343715383767,0.03362614031535525
0,0.300,0.8000595394350186,0.26436310970027543,529888886868074.4,0.038537078742952015,0.1632775841258036
1,1.200,0.4781609927471571,0.3702474904522899,2968041193219975.0,0.16437212896455047,0.3570993178419665
1,1.180,0.5261141165245475,0.4082607677213567,3218223559366066.0,0.18055906785203313,0.29286222151317154
1,1.160,0.5866251772627151,0.4566363914681732,3538547773167570.0,0.2007453853256417,0.21204619831481888
1,1.140,0.6528598599646174,0.5102349045949884,3885720609601668.5,0.2224878427512934,0.12393438462375572
1,1.120,0.7106798211361696,0.5581014102080717,4175684689279004.5,0.24089177893592884,0.04757799360690724
1,1.100,0.7428562940332482,0.5865736816056091,4310342820760087.0,0.25014143683736345,0.006049708651763406
1,1.080,0.7384750542078236,0.5899329864615916,4256209441491464.5,0.25033592212850064,0.01022737773769582
1,1.060,0.7095319052059766,0.5738217404982106,4063304959790439.5,0.24159033835052074,0.04796428798106742
1,1.040,0.6745432255445317,0.5524441255901092,3838117391173618.5,0.2309680029463967,0.09364475906464326
1,1.020,0.6506494171878042,0.5394452452240146,3675734172437738.5,0.22407268525628285,0.12450093558667627
1,1.000,0.6475789337939449,0.5431166116574021,3628186815779255.5,0.22410659513116984,0.12759235136409777
1,0.980,0.7004705768261945,0.606722578576733,3972032445547719.5,0.21315888805623212,0.08568546386743686
1,0.960,0.785950271858675,0.7032782027004808,4510191112131707.0,0.19267999208925218,0.020727999691965183
1,0.940,0.8329449362413142,0.7645304625955157,4800861781809006.0,0.1561224696647502,0.010357261939449082
1,0.920,0.8172517949918772,0.7646603466326759,4699514038719486.0,0.10923028137175435,0.07295129660056364
1,0.900,0.7952152720289085,0.7546341422215538,4537070360398048.0,0.06880738825214877,0.13520480095834506
1,0.880,0.8183691431559276,0.7841708984773175,4609883475506235.0,0.04075807058711806,0.1395239798543003
1,0.860,0.8860515057159697,0.8535477652182162,4903688059731473.0,0.02407543484339468,0.08758600058330804
1,0.840,0.9591805438470101,0.925733023664122,5194713464126171.0,0.01700941453007658,0.02062865180988879
1,0.820,0.9741081193608591,0.940057125674485,5149495141412547.0,0.01672090466582647,0.005747756471613852
1,0.800,0.9184388022288438,0.8852820893453077,4731166362238638.0,0.021355774497473713,0.05723930206166329
1,0.780,0.861151427497125,0.8283763382197822,4316371759897740.5,0.03075780315027486,0.10573772948573323
1,0.760,0.852362571441884,0.8184330101434499,4155212937482977.0,0.04272749535529651,0.10296873359588202
1,0.740,0.8787750077999583,0.8433571447048056,4169075910630798.5,0.051215522613485595,0.06827152737249402
1,0.720,0.9039649964077451,0.8678788585281512,4174343274585752.5,0.05202795099621723,0.04231780361219234
1,0.700,0.9245435072839113,0.8869054406492666,4147361708843236.0,0.05416501743645545,0.01964876046235615
1,0.680,0.9107242860854159,0.8715237187958694,3958992494147310.0,0.06566765817060585,0.022327572827465378
1,0.660,0.8954964751020917,0.8547656626633887,3768665202374953.0,0.08501275313433485,0.018728113204496126
1,0.640,0.8593146166048856,0.8181329180843002,3497843671269204.5,0.10417831817900469,0.0362795471111943
1,0.620,0.7531704520041264,0.7140208112784651,2957325406003498.0,0.09630160434396665,0.150483158589939
1,0.600,0.8190860925660259,0.7731538399124628,3098943956045654.0,0.08185280542070611,0.09857184362789898
1,0.580,0.9257820996361107,0.8720997623822069,3379019642122203.5,0.06439573088940748,0.008537867401830495
1,0.560,0.9208803428591855,0.868554370641809,3249238508413024.0,0.03940263489492875,0.03767716051102901
1,0.540,0.9304285536707195,0.8804043698832965,3175941570841107.0,0.010066513029661129,0.05585549548840801
1,0.520,0.9516544055760539,0.8865228415963083,3079568211870186.0,0.0007473477281856576,0.04073230394294258
1,0.500,0.8970977681837523,0.8116797394029267,2711135754207511.5,0.0011540487948285536,0.09582401859871194
1,0.480,0.7650203657572153,0.6831493400619421,2190551384910640.5,0.011983342608411737,0.22037968096640217
1,0.460,0.903808783377783,0.7924786250387733,2435240979969288.5,0.07001111389268937,0.02492306157993233
1,0.440,0.7526791213950057,0.6518697658337974,1916064258144783.0,0.05788056152868814,0.18827345720930624
1,0.420,0.7941064289920761,0.6747892124052176,1893276202491990.8,0.05780685949926157,0.1469514561012986
1,0.400,0.9385728091028591,0.7734387895936202,2066724058137240.5,0.04732324401243997,0.012705397929127374
1,0.380,0.8341305472631837,0.6269950499107207,1591637868241756.2,0.05913152850742107,0.106474951642222
1,0.360,0.8842519873719105,0.5700154846424713,1370836656144824.0,0.09141492304726634,0.025221059739384776
1,0.340,0.8176759481550846,0.4751440582376973,1079197111698073.6,0.09356682521390379,0.08994217650797806
1,0.320,0.882888914291736,0.45135675794902375,964864843095030.9,0.08462858836308058,0.03387663397920676
1,0.300,0.8000658292450915,0.2643674482006049,529816876980933.6,0.038532007450530203,0.16327657922101804
2,1.200,0.47778411131567805,0.3699471193688631,2964278197465042.0,0.16418917203445443,0.3576597479952724
2,1.180,0.5256062676236946,0.4078543210972794,3213550572496016.5,0.18032911876244145,0.2936007874596061
2,1.160,0.5860321994129918,0.4561579417653409,3533224988730711.5,0.20048390039231948,0.21290158347609944
2,1.140,0.6522917417539498,0.5097690290766113,3880398799028489.0,0.22223294248542338,0.1247583616651386
2,1.120,0.7103022326183188,0.55777819977252,4171359523308488.0,0.2407012469366509,0.04814687788444372
2,1.100,0.7427979696980495,0.5864973576439365,4307812664349703.0,0.250060671443393,0.0061891333224443216
2,1.080,0.7387117990315853,0.5900903533936153,4255399460536309.5,0.25035886308139194,0.0099675650785015
2,1.060,0.7098947113440031,0.5740839352152799,4063304068320637.5,0.24166238303555124,0.047529060514742295
2,1.040,0.6748498824865182,0.5526657982655433,3837902982461340.5,0.23102749908935777,0.09327821973254574
2,1.020,0.6507873468469196,0.5395322600470248,3674647231508857.0,0.22407966762662834,0.12435576441300178
2,1.000,0.6475113415649497,0.5430347110005307,3625982088628846.5,0.22404615555940888,0.12772026893730448
2,0.980,0.7002074552714938,0.6064750148031574,3968597488158567.5,0.21304688199245406,0.08606050151532804
2,0.960,0.7857681169697119,0.7031020606568706,4507001135845735.0,0.19260739266902807,0.020982370038774158
2,0.940,0.8331566862093273,0.764717726332035,4799843470452060.0,0.1561383608091866,0.01012880892942275
2,0.920,0.8176803643108143,0.7650579339400453,4699809062498588.0,0.1092688426349579,0.07248318296897623
2,0.900,0.7954598297121933,0.7548636555364552,4536376469121265.0,0.06881481763986813,0.1349519466450373
2,0.880,0.8182729310522118,0.784075186164659,4607214641622367.0,0.04074360471549276,0.13963424414127668
2,0.860,0.8857147671073817,0.8532181969294315,4899554853298416.0,0.024059289768961708,0.08793917905916844
2,0.840,0.9589274209180567,0.9254819623752855,5190931627005346.0,0.016998828505986937,0.020892558513064062
2,0.820,0.9742282952137512,0.9401656872110314,5147736555236862.0,0.016715888664417613,0.005631473658843607
2,0.800,0.9187144528424377,0.8855409107295283,4730387087244899.0,0.021352399155928833,0.05696543862559785
2,0.780,0.8612202066454024,0.8284363899089902,4314712211597125.5,0.030746458796315736,0.10567941010913146
2,0.760,0.8521558099006559,0.8182284093588706,4152275973242755.5,0.042699152363962295,0.10320351899358225
2,0.740,0.8784991701133992,0.8430860543483512,4165831399045327.5,0.051177983149328116,0.06858450141530624
2,0.720,0.9037698389395632,0.8676850573505671,4171504136307598.0,0.05199304016189163,0.042547173704293215
2,0.700,0.924479935622454,0.8868375516755794,4145149304327207.5,0.054134076566418825,0.019742234948203437
2,0.680,0.9107470472515227,0.8715380342300484,3957248480821744.0,0.06563449402088144,0.02233671564393703
2,0.660,0.8954619375324346,0.854726275563764,3766769578520129.5,0.08496215077340816,0.018812037269642822
2,0.640,0.8597234529174062,0.8185229288956632,3497912063958410.5,0.1041662468995352,0.03588169580862323
2,0.620,0.7533858196585232,0.7142373681755321,2956870616139010.0,0.09627088075628333,0.15029822182977373
2,0.600,0.8185271853340786,0.7726412653420474,3095474376476518.0,0.0817481933641107,0.09923596445431627
2,0.580,0.9257327019811263,0.8720604572625008,3377323419339737.5,0.06435267203053449,0.008630713042154488
2,0.560,0.920992328302607,0.8686544570077782,3248128058053832.5,0.03938122956129353,0.037586120886804006
2,0.540,0.9304775735892082,0.8804429105056737,3174629329942370.0,0.010058243281489479,0.055813878143517334
2,0.520,0.9511488202878859,0.8860419646106164,3076491352673775.0,0.000745959445622037,0.04124214096860799
2,0.500,0.897949817216318,0.8124305650118808,2712403661600199.0,0.001153059964547474,0.09496626813753088
2,0.480,0.764449997854249,0.6826189370544508,2187850453588447.8,0.011955516075528012,0.22097899964775194
2,0.460,0.9035440154822098,0.7922565435956669,2433446094885222.0,0.06991999796318105,0.025279627109107188
2,0.440,0.7533610572395151,0.6524293856950659,1916832895262510.8,0.057883239719263485,0.1875875511288635
2,0.420,0.7931074091978314,0.6738980627121391,1889911910401749.2,0.05768446470819399,0.14807380728151992
2,0.400,0.9390171008818282,0.7737734758283058,2066673608278256.8,0.04730445682440993,0.012278780714728467
2,0.380,0.8340635760342225,0.6269242306254441,1590730895001224.0,0.059078696079583215,0.10659467802709324
2,0.360,0.8839443901366878,0.5698063220931777,1369707481631528.2,0.09132260745818407,0.025620435912169153
2,0.340,0.8180788391001608,0.47536283126311324,1079200659049228.8,0.0935629899819882,0.08954365203580172
2,0.320,0.8822380874024786,0.45098118117639335,963621456752251.5,0.08452385081192529,0.034631017732718386
2,0.300,0.8000908096227997,0.2643823867782567,529604708273959.8,0.03851708069581184,0.16326717941454524
3,1.200,0.477159281621523,0.3694491171893572,2958032833540430.0,0.1638855738757304,0.3585891583509982
3,1.180,0.5247625243404237,0.4071790639058849,3205786221671841.0,0.1799470312438283,0.29482789434352846
3,1.160,0.5850447593594842,0.45536129590382446,3524367718526085.0,0.20004865316686662,0.2143258057287861
3,1.140,0.6513423933675029,0.5089907386333369,3871522990458345.0,0.2218075042183052,0.12613474757443477
3,1.120,0.7096666909640313,0.5572347091669755,4164120550694063.5,0.24038173687356673,0.04910320968344163
3,1.100,0.7426932067093586,0.5863642071219287,4303553917659952.5,0.24992354771328534,0.006431588551291522
3,1.080,0.7391013175886828,0.5903485472110047,4254018413283177.5,0.250395311814507,0.009541394062918164
3,1.060,0.7104984305839072,0.5745200679965908,4063293370063296.5,0.24178202583509345,0.04680507325379411
3,1.040,0.6753630939467994,0.5530369007787567,3837554537127957.5,0.2311273069520643,0.09266455521614297
3,1.020,0.6510207412763129,0.5396801319599512,3672854404898850.5,0.22409249642270407,0.12410910630466708
3,1.000,0.647402204541442,0.542901119188003,3622328626607738.5,0.2239466856601694,0.1279286830543712
3,0.980,0.6997701281806601,0.6060634262518982,3962883118938903.5,0.2128606696261236,0.08668389193460042
3,0.960,0.785460578027496,0.7028049074322594,4501664548717678.5,0.19248551371607142,0.021411153348026353
3,0.940,0.8335039124088496,0.765024546832239,4798111488481000.0,0.15616381791263895,0.00975477708166708
3,0.920,0.8183936437165007,0.7657195961087597,4700290498057464.0,0.10933299111070342,0.07170411685404013
3,0.900,0.7958699873422483,0.7552485835373808,4535232330336242.0,0.0688274456323466,0.134527712984157
3,0.880,0.8181156246771184,0.7839185756142085,4602785526449327.0,0.040719681215432436,0.1398147803324259
3,0.860,0.8851543813786956,0.8526697324648842,4892675461029474.0,0.024032436811153298,0.08852690846206226
3,0.840,0.9585022091460171,0.925060305727983,5184614175602647.0,0.016981150722732426,0.021335790383524098
3,0.820,0.9744249880125386,0.9403431397976272,5144786109408895.0,0.016707482861355098,0.005441328520936591
3,0.800,0.9191749979582432,0.8859733532051433,4729091948864130.0,0.021346812736599306,0.0565078298137043
3,0.780,0.8613385971458117,0.8285400866677914,4311965120646213.5,0.03072771569487789,0.10557827955601537
3,0.760,0.8518137996591219,0.8178899013644183,4147396427812147.5,0.04265211022476296,0.10359203640713643
3,0.740,0.8780385755895045,0.8426334112872471,4160423168191800.0,0.0511154575608571,0.06910695471441611
3,0.720,0.9034421537362104,0.8673597279659068,4166763596566672.0,0.05193480756398406,0.042931935075538906
3,0.700,0.92437172754865,0.8867222322691005,4141453109216945.0,0.05408246307809606,0.01990033233282739
3,0.680,0.9107853975500773,0.87156227239422,3954343992222799.5,0.06557934838257526,0.022351411154686578
3,0.660,0.8954021037397071,0.8546584224649485,3763601417944615.0,0.08487774732169866,0.01895425019849251
3,0.640,0.86040050693265,0.8191687330359537,3498005213043528.0,0.1041456425823702,0.03522343241416459
3,0.620,0.7537532707370437,0.7146062924254649,2956144347023238.0,0.09622081107452755,0.1499803477548359
3,0.600,0.8175984875442904,0.7717895616420021,3089706752162436.0,0.08157434938164386,0.10033950305237267
3,0.580,0.925640776504186,0.871985940139848,3374462351194839.5,0.06428031632284525,0.008795655486675933
3,0.560,0.9211810073231781,0.8688232288510994,3246284377715540.5,0.03934568112004044,0.037432222085191307
3,0.540,0.9305623133263232,0.8805100251053589,3172452848045902.5,0.010044514262127626,0.0557414112844875
3,0.520,0.9503027692931943,0.8852373585634812,3071356212403525.0,0.0007436487627422638,0.042095302290345075
3,0.500,0.8993713416824121,0.8136831675545603,2714516259636837.5,0.0011514134305061004,0.09353522619299638
3,0.480,0.7635118311330791,0.6817460510366825,2183388303585452.0,0.011909447446921387,0.22196506665316074
3,0.460,0.9030797233784571,0.7918663213426153,2430394732518868.0,0.06976650454793686,0.02589857843607708
3,0.440,0.7545130914480654,0.653375509708638,1918150323882221.0,0.05788876090065715,0.18642782105186845
3,0.420,0.7914469786235221,0.6724169499598435,1884321718860148.8,0.05748116889217039,0.14993909254491306
3,0.400,0.939744158839878,0.774319991052308,2066557883644458.5,0.04727244103341758,0.011581902066050821
3,0.380,0.8339610770510529,0.6268128734815138,1589236808063730.2,0.05899135302354722,0.10678438891131932
3,0.360,0.8834242902092077,0.5694531437487679,1367815770561160.2,0.09116812689759336,0.026294115667609162
3,0.340,0.8187600273136226,0.4757327005008986,1079217633504193.0,0.09355756667150482,0.08886878827445631
3,0.320,0.8811446393114191,0.45035146047572366,961542898864954.0,0.08434868224714596,0.03589765224089682
3,0.300,0.8001527832152492,0.2644136838305597,529263924324991.7,0.03849315706706049,0.1632302623493251
4,1.200,0.47629147339968775,0.368757415701011,2949344499084459.0,0.16346332928523402,0.359880578664387
4,1.180,0.5235869374369212,0.4062382596154124,3194966618192833.0,0.17941455856068617,0.29653773234690883
4,1.160,0.583664240056726,0.4542476853615026,3511997571211109.0,0.19944051776621385,0.2163166044180516
4,1.140,0.6500082338371073,0.5078974012166019,3859084930816488.0,0.2212106732574582,0.12806798030125058
4,1.120,0.7087639700882735,0.5564638213903819,4153923088637582.5,0.2399303582280778,0.050459116152092205
4,1.100,0.7425306576648699,0.5861653067086553,4297504005376503.5,0.2497262952810659,0.006792207498117925
4,1.080,0.7396359018027326,0.5907013449323466,4252019130434284.5,0.2504425510683313,0.008959301787209783
4,1.060,0.711341498337539,0.5751287483268832,4063258351324156.5,0.24194857623581006,0.045794585236511635
4,1.040,0.6760859578704382,0.5535598414986593,3837084914726064.5,0.23126836999729575,0.09179972202975684
4,1.020,0.6513548389148297,0.5398931064074839,3670383540306772.0,0.22411294638860993,0.12375394364089545
4,1.000,0.647256810938997,0.542720210171898,3617258027135904.0,0.22381008160917779,0.12821040565205177
4,0.980,0.6991604933016923,0.6054894128885047,3954905621912576.5,0.21260097213523368,0.08755301747028597
4,0.960,0.7850218517252947,0.702381474826576,4494152200520285.5,0.19231306515965665,0.022021450950329115
4,0.940,0.8339780531384929,0.7654429720332887,4795613655116492.0,0.1561972954079745,0.009245280661863638
4,0.920,0.8193900365399353,0.766643771464147,4700942440621019.0,0.10942253430969108,0.07061588776948165
4,0.900,0.7964495435803576,0.7557924934317964,4533656147731032.0,0.06884563650403501,0.13392793311558251
4,0.880,0.8179017947687005,0.7837054317030037,4596624458298732.0,0.04068657901251543,0.14006073243985723
4,0.860,0.8843716677859066,0.8519036452903054,4883064068196628.0,0.02399496039724211,0.0893477840632564
4,0.840,0.9578999486240015,0.9244632709417553,5175739883907508.0,0.01695633057705852,0.021963376883460353
4,0.820,0.9746927314627717,0.9405841952436218,5140614347269112.0,0.016695617664177514,0.005182877394046295
4,0.800,0.9198220507489874,0.886580951817141,4727286000498236.0,0.02133907203194491,0.055864801141943865
4,0.780,0.8615122293617034,0.8286928369414255,4308158592611512.5,0.030701819098945864,0.1054284489201065
4,0.760,0.8513404901579972,0.8174212845243203,4140597626843888.0,0.04258666538836113,0.1041300351596069
4,0.740,0.8773920035748808,0.8419980508107366,4152850532875484.0,0.05102801036877283,0.06984005080543236
4,0.720,0.9029783170451247,0.8668993895398227,4160108792830885.5,0.05185318220350815,0.043475793372648
4,0.700,0.9242154487541508,0.8865561768672585,4136259662018097.0,0.054010106204928125,0.02012656667074493
4,0.680,0.9108399436527799,0.871596987037699,3950282252834976.0,0.06550241143149531,0.02237086322213144
4,0.660,0.8953136803935284,0.8545589004254321,3759148064933613.5,0.08475945487271179,0.01915813638370224
4,0.640,0.8613390768632372,0.8200638269734146,3498091169967750.0,0.10411575741827775,0.03431220178472753
4,0.620,0.7542854753270032,0.7151394965121175,2955193674740519.5,0.09615308211085537,0.1495151721653009
4,0.600,0.8163045065455408,0.770602879730166,3081664622242571.5,0.08133206387096491,0.10187715292347345
4,0.580,0.9254918742310742,0.8718626449506871,3370385353818256.0,0.06417777771939807,0.009048048841907918
4,0.560,0.9214493200431118,0.8690635195469533,3243717633177583.0,0.03929617460379912,0.03721233563644361
4,0.540,0.9306873171126739,0.8806100191178249,3169427901141763.5,0.010025406261702865,0.05563345415628317
4,0.520,0.9491114800096527,0.884104624542009,3064153379231273.0,0.0007404206276249249,0.04329659393722789
4,0.500,0.9013639531604098,0.8154388867427644,2717470994653738.5,0.0011491107697017124,0.09152926288183609
4,0.480,0.762224683583176,0.6805474899797905,2177224278591911.2,0.011845598747203687,0.2233185382294265
4,0.460,0.9023819199860528,0.7912782869525623,2425998762354226.0,0.06954824352628965,0.02681633630976527
4,0.440,0.7561581340277093,0.6547280096748509,1920070131621323.5,0.057898677809881914,0.1847697727694212
4,0.420,0.7891326947111067,0.6703526352767818,1876532567459424.0,0.05719805831584078,0.15253866405417418
4,0.400,0.9407332382281457,0.7750609007193324,2066328256880789.8,0.04722611726322754,0.010636613918564736
4,0.380,0.83383676509999,0.6266710127796186,1587181883719312.2,0.058870563047180365,0.10702930220779196
4,0.360,0.88268073855375,0.568949221541922,1365147263782970.8,0.09095057572695585,0.027253944496529743
4,0.340,0.8197337659182085,0.47626135828111127,1079264166414320.5,0.0935519686424967,0.08790194183774812
4,0.320,0.879596570872639,0.44946252340997733,958621044275638.2,0.08410228258025147,0.03768931703029864
4,0.300,0.8002821493690655,0.2644708990682027,528813630670929.0,0.03846165807806697,0.16313407176638164
5,1.200,0.4751876644585563,0.3678775331653699,2938268251220179.5,0.16292522996031583,0.3615242314570384
5,1.180,0.5220852623910829,0.40503654055007837,3181142641369853.5,0.1787341779915662,0.2987220605593029
5,1.160,0.5818927711975405,0.45281898363878076,3496145879499183.0,0.19866078189540767,0.21887055693704624
5,1.140,0.6482845406721051,0.5064855604778093,3843074916225466.0,0.22044135641364676,0.13056387836792796
5,1.120,0.7075813878426743,0.555455761453522,4140706320951246.0,0.23934315464402733,0.05223125019950725
5,1.100,0.742294415784247,0.5858881544400057,4289575670647436.0,0.24946364152730555,0.007292191061912822
5,1.080,0.7403045158540311,0.5911398442780887,4249334498292076.0,0.25049670198701923,0.008236219670545815
5,1.060,0.7124214667497671,0.575907822813389,4063177303082997.0,0.2421609812783075,0.04450110311186661
5,1.040,0.6770226554124628,0.5542378629876645,3836511122160757.0,0.2314519524776636,0.0906782720484262
5,1.020,0.65179691366384,0.5401770748012902,3667273086721279.0,0.22414347653904976,0.12328053734696719
5,1.000,0.6470825884950185,0.5424981257396714,3610814459302649.0,0.22363900150423494,0.12855534569246185
5,0.980,0.69838137336823,0.6047553586367767,3944688661407871.5,0.21226884729401216,0.08866399919903663
5,0.960,0.784444050028998,0.7018246011311882,4484424858860950.5,0.1920883006294227,0.02282290823408105
5,0.940,0.8345670745938856,0.7659618264754181,4792276973248372.0,0.1562366236596058,0.008614533043314051
5,0.920,0.8206671227513193,0.7678281006036805,4701741632392595.0,0.10953717872821277,0.06922120991175117
5,0.900,0.7972037286441757,0.7565002955786189,4531672771801479.0,0.06886989170402202,0.13314686993501354
5,0.880,0.8176378395606713,0.7834418642538508,4588770924692404.0,0.040644687557449016,0.14036530388860427
5,0.860,0.8833685747707312,0.8509218160040244,4870741040415163.0,0.023946981043398544,0.09039973516764924
5,0.840,0.9571137979551264,0.9236842616133893,5164279758234777.0,0.016924299267508398,0.02278225444710594
5,0.820,0.9750237429928892,0.9408813255270218,5135179536069955.0,0.016680193900306832,0.0048640311635753134
5,0.800,0.920657712035233,0.8873657035975493,4724975458848838.0,0.021329252664934756,0.055034170335498026
5,0.780,0.8617489687872206,0.8289021957076089,4303331708347879.5,0.03066911034275606,0.10522169274411358
5,0.760,0.8507415307183755,0.8168279916035215,4131912681368338.0,0.042503237142729036,0.10481143960142127
5,0.740,0.8765579000328745,0.8411784912948956,4143113299718287.5,0.05091574041396806,0.07078525495031597
5,0.720,0.9023732792288256,0.8662991922372156,4151521932921195.0,0.05174806645929958,0.044183911129804986
5,0.700,0.9240061893843337,0.8863346607583581,4129549762293943.5,0.053916901529438795,0.020425965068202448
5,0.680,0.9109114995354339,0.871642920100223,3945067609901287.5,0.06540394568552836,0.022393996422902275
5,0.660,0.895192284368487,0.8544234438655197,3753392850967732.0,0.08460717302821837,0.019428183694122407
5,0.640,0.8625294036521959,0.8211987475033373,3498123863079071.0,0.10407550652972625,0.03315884148418827
5,0.620,0.7549999905425685,0.7158534886611868,2954083494624030.0,0.0960700195273742,0.14888280203038518
5,0.600,0.814652114108807,0.7690875612485484,3071382946630141.5,0.08102249449518344,0.10384087209637127
5,0.580,0.9252656754683357,0.8716714904098927,3365020901933382.0,0.06404381779601716,0.009409477942945641
5,0.560,0.9218011467991968,0.8693790730036134,3240441159048102.0,0.03923295758259307,0.03692232947220288
5,0.540,0.9308589118769922,0.88074888670831,3165576356295597.0,0.010001030549104648,0.05548354593092128
5,0.520,0.9475689514087358,0.8826382386482068,3054871965228392.0,0.0007362824918852536,0.04485205837089866
5,0.500,0.9039287881600395,0.8176985850263486,2721260898495064.0,0.001146152800343397,0.08894722485361131
5,0.480,0.7606151840719518,0.679047032333086,2169441899886487.8,0.011764613847590729,0.2250120512251985
5,0.460,0.9014041364014369,0.7904518616120458,2420138324725027.0,0.06926199210913665,0.028082651519545074
5,0.440,0.7583276271807289,0.656514152732932,1922665352188661.2,0.0579150954334147,0.18257981599478856
5,0.420,0.7861764218730826,0.6677156754614932,1866585093167436.8,0.05683673730198242,0.15585904541022744
5,0.400,0.941954109248094,0.7759708277041364,2065914370377513.0,0.04716392839882233,0.009474744049866826
5,0.380,0.8337099000992932,0.6265127317213744,1584602834286062.2,0.05871780898797301,0.107308670053721
5,0.360,0.8816988372598105,0.5682854117905224,1361682760614579.0,0.09066873977051235,0.028516022215639876
5,0.340,0.8210193787303887,0.47695920058727664,1079361886668522.2,0.09354809241004937,0.08662192366337707
5,0.320,0.8775792806532888,0.4483083930453636,954846979795376.2,0.08378374701138855,0.0400214943088507
5,0.300,0.8005212313291888,0.26456733188407655,528280284539396.94,0.03842455327533483,0.162934404867645
6,1.200,0.47385685809828115,0.36681658595184186,2924874689254247.5,0.16227486248942743,0.3635075166357232
6,1.180,0.5202650381604886,0.40357996694773446,3164380222602475.0,0.17790911140973606,0.3013701075934517
6,1.160,0.5797334151511258,0.45107784963811426,3476854722378522.0,0.197711207759976,0.2219828316945313
6,1.140,0.6461657374189689,0.5047511614698421,3823483603086626.5,0.21949832364734506,0.13362925130868483
6,1.120,0.7061030497326667,0.5541982923006369,4124395075685442.5,0.23861519699244335,0.054440453347154104
6,1.100,0.741964011064555,0.5855166734927667,4279657419230834.0,0.24912882306869588,0.00795880016494006
6,1.080,0.7410925594341639,0.5916522799963244,4245876441762662.5,0.25055265246905817,0.0073918821166168314
6,1.060,0.7137347445772729,0.5768541665956154,4063019932476442.5,0.2424177388155679,0.042929728327499195
6,1.040,0.6781782898753507,0.5550749088232216,3835853298758935.5,0.23167958133676428,0.08929357186749383
6,1.020,0.6523562107783386,0.5405395188663236,3663571537245435.0,0.22418720318485494,0.12267651803776919
6,1.000,0.646889123810927,0.5422427896114935,3603054568015754.0,0.223436867116443,0.12895048801372438
6,0.980,0.6974366747507548,0.6038645689632548,3932264097638461.0,0.2118657352491951,0.0900114923122922
6,0.960,0.7837174384163079,0.7011254463131783,4472434781741810.0,0.1918090773767491,0.023827416328609415
6,0.940,0.8352554345065913,0.7665666789337788,4788007751339448.0,0.15627900517388446,0.007880886986889456
6,0.920,0.8222214750033523,0.769269254053491,4702656486571993.0,0.10967650600953442,0.06752393012333872
6,0.900,0.7981391146424488,0.7573781580897585,4529313060590927.0,0.0689008412162106,0.13217731445886968
6,0.880,0.8173319819516449,0.7831357250801401,4579275389185436.0,0.04059450569320783,0.14071976144660917
6,0.860,0.8821477787033755,0.8497268274292494,4855733409054911.0,0.023888657584687892,0.0916799238729412
6,0.840,0.9561351403991716,0.9227149707371554,5150197773667678.0,0.016884971883027306,0.02380115793432898
6,0.820,0.9754077986941581,0.941224642798165,5128427205049652.0,0.01666108116794326,0.004495182470671711
6,0.800,0.9216844087758881,0.8883299118130799,4722166834463785.0,0.021317445153403225,0.0540134132842848
6,0.780,0.862058894403331,0.8291778431787497,4297534235187308.5,0.030630024681480347,0.10494747281459729
6,0.760,0.8500243864200083,0.8161172007431746,4121384916548853.5,0.04240237162441829,0.1056282288877319
6,0.740,0.8755345346970914,0.8401730853286679,4131212536063114.5,0.05077878942018343,0.07194416811446629
6,0.720,0.9016205950382088,0.8655529469399142,4140980539598088.0,0.05161933822119114,0.045062875370307766
6,0.700,0.9237374644651584,0.8860514453299845,4121298130891447.5,0.05380270582194243,0.02080517267806549
6,0.680,0.9110010426607681,0.8717009603142218,3938705331412240.0,0.0652842817094014,0.022419504249095477
6,0.660,0.895032671397745,0.8542469441366455,3746316138723749.5,0.08442081137346927,0.01976973226417667
6,0.640,0.8639583125468276,0.8225607308046965,3498041842954894.0,0.10402343269285384,0.03177797575866856
6,0.620,0.7559190650233086,0.7167691897087619,2952895460586840.0,0.09597455056202393,0.14805804822861626
6,0.600,0.8126510833536376,0.7672526459987989,3058909998197105.5,0.08064721413103171,0.10621929798722357
6,0.580,0.9249359423788034,0.8713878323459356,3358277182470579.0,0.06387685082807384,0.009907800639649552
6,0.560,0.9222410580402517,0.8697743074179936,3236470519947471.0,0.039156328245889965,0.036557330458379014
6,0.540,0.9310851632639415,0.880934268828182,3160925923231655.5,0.009971528154183099,0.055283451041098074
6,0.520,0.9456686316071304,0.8808321836274785,3043501862103216.5,0.0007312448163831144,0.046768291529306776
6,0.500,0.9070653554541471,0.820461605191576,2725871132915460.5,0.0011425382073485806,0.08578959697811712
6,0.480,0.7587180267837674,0.677275647955844,2160149214860625.2,0.011667314982788151,0.22700997104688816
6,0.460,0.900088646144697,0.789336617687765,2412665621106474.5,0.06890382467832155,0.0297592488026009
6,0.440,0.7610608455876576,0.6587679900474294,1926026324299433.0,0.05794059806053191,0.17981603809451174
6,0.420,0.7825955591513003,0.6645214646435099,1854536382468804.2,0.056399405990870385,0.1598806244143345
6,0.400,0.943365914015524,0.7770155211771915,2065221982944206.8,0.04708379686016357,0.008139283721796734
6,0.380,0.8336053206995585,0.6263561782534325,1581546684158934.2,0.0585349846467733,0.10759575330776089
6,0.360,0.8804602052343355,0.5674504525527416,1357398926035976.5,0.09032115288888146,0.030100181320390447
6,0.340,0.8226405672271289,0.4778389181371424,1079536894019589.2,0.09354822928031103,0.08500277925316095
6,0.320,0.8750777201719983,0.4468832871805817,950213387858689.5,0.08339227483880757,0.04291000840786448
6,0.300,0.8009240046684909,0.2647199249047025,527697381844055.2,0.03838433804790688,0.16257490553887974
7,1.200,0.47231010175306165,0.3655833006081812,2909249779989730.5,0.16151660442859375,0.3658149968126889
7,1.180,0.5181356806186552,0.40187609677739183,3144760656330020.5,0.1769433488051419,0.3044684545845806
7,1.160,0.5771903951545438,0.4490279033818193,3454178156892326.5,0.19659410608453556,0.22564688568552652
7,1.140,0.643645758012599,0.5026898363101253,3800304277007774.5,0.21838033607170354,0.1372714068701619
7,1.120,0.704310174642572,0.5526769760870103,4104902158233790.0,0.23774070651883686,0.057111306373599346
7,1.100,0.7415144290049565,0.5850312356863236,4267614225366542.5,0.2487136084776267,0.008825314186207574
7,1.080,0.7419815752678105,0.5922237975344413,4241534705863091.0,0.2506039696482312,0.006451206835600005
7,1.060,0.7152762593591762,0.5779634127882929,4062745582245275.5,0.2427167854327156,0.04108760746023669
7,1.040,0.679558672380452,0.5560754466521142,3835133385616494.5,0.23195296938346527,0.08763809422101031
7,1.020,0.6530438584438468,0.5409894341721972,3659336685415767.5,0.22424786333338792,0.12192701112608714
7,1.000,0.646688180370331,0.5419639197508003,3594047311229270.5,0.22320786376966933,0.12937987536901288
7,0.980,0.6963315811567041,0.6028214386996176,3917672963299493.5,0.21139351404924334,0.09158843665150344
7,0.960,0.7828307438100587,0.700273770048082,4458127727510034.0,0.1914729334166672,0.025048726820202528
7,0.940,0.8360240511851932,0.7672398153658251,4782691853262881.0,0.1563210126458322,0.0070668677075036756
7,0.920,0.8240484234614485,0.7709627119807958,4703645855725128.0,0.10983994258804666,0.06552929363803958
7,0.900,0.7992634978077185,0.7584333946768468,4526613051518926.0,0.06893923230378864,0.13101071492901425
7,0.880,0.8169942630375497,0.7827966014712822,4568199040638708.0,0.04053664007744777,0.1411134432322541
7,0.860,0.8807128069095873,0.8483220830721131,4838075465773339.0,0.023820189917241264,0.09318461896381185
7,0.840,0.9549537253486985,0.921545517964429,5133451838882974.0,0.01683825014856556,0.02503047598937885
7,0.820,0.9758320795527774,0.9416017519095435,5120289597745495.0,0.016638115853902145,0.004089362078930888
7,0.800,0.9229046809901743,0.8894759805238109,4718865798556547.0,0.021303749783321786,0.05279988292544575
7,0.780,0.8624542642208791,0.8295315510450998,4290826224645715.0,0.030585088314751055,0.1045929756029308
7,0.760,0.8491984809649422,0.8152979722341421,4109068385202952.5,0.042284746624340216,0.1065702888919678
7,0.740,0.8743202059531449,0.8389802166902681,4117151560723722.0,0.0506173530510673,0.07331831062170346
7,0.720,0.9007124720370546,0.8646531725661609,4128457806257736.0,0.05146685413515481,0.04612064592681211
7,0.700,0.9234010895988107,0.8856986598322683,4111472995979602.0,0.053667330692001844,0.021272583683334227
7,0.680,0.9111096457041336,0.8717720785580686,3931201297575659.5,0.06514381180209881,0.02244592382731648
7,0.660,0.8948290305311926,0.8540237322260027,3737896651797713.5,0.08420031799379273,0.020188651402031986
7,0.640,0.8656087797184479,0.8241333003085817,3497766801516089.0,0.10395766492168003,0.03018849068890569
7,0.620,0.7570693669047808,0.7179116778463872,2951726551692201.0,0.09587015414243971,0.1470107474164761
7,0.600,0.8103147435100719,0.7651104911302902,3044309633790227.0,0.0802082680143574,0.10899703517725838
7,0.580,0.9244705206841705,0.8709814614176483,3350042521220304.5,0.06367495460710947,0.010577135113559873
7,0.560,0.922773973129083,0.8702539930548725,3231822247775446.5,0.039066619490227904,0.03611208220993976
7,0.540,0.9313758061581051,0.8811753870656219,3155509793553859.5,0.009937068188631222,0.055023230559093306
7,0.520,0.9434042819209276,0.8786807540880471,3030036585494087.5,0.0007253216931902096,0.04905157193641744
7,0.500,0.9107700101957056,0.8237243912701758,2731274468418309.0,0.0011382618014487277,0.08206004013248945
7,0.480,0.7565762589995761,0.6752717467005852,2149479122546104.5,0.011554697594209998,0.22926810775750314
7,0.460,0.8983681817688842,0.7878737651158618,2403410121223918.5,0.0684692874189727,0.031917932852142124
7,0.440,0.7644038956513898,0.6615294845953075,1930257713946759.2,0.05797814946226953,0.17642930620817177
7,0.420,0.7784145355921693,0.6607915006909352,1840463264274186.0,0.055888951997920926,0.16457606378842232
7,0.400,0.9449157694802728,0.7781507210271513,2064130400359270.5,0.04698307472378278,0.006685836970491064
7,0.380,0.8335534519617979,0.6262235586390592,1578070542615097.2,0.058324381824141736,0.10785782675875823
7,0.360,0.878943625387691,0.566431376061591,1352269389858653.8,0.08990617357177447,0.03202926404455365
7,0.340,0.8246244311282126,0.4789149203132078,1079818339259999.5,0.09355494314975658,0.08301488867500326
7,0.320,0.8720790828666664,0.44518298474842977,944717477178663.5,0.08292742665597451,0.04636808396046756
7,0.300,0.8015556986126463,0.26494912297890655,527105023979864.56,0.0383440028834495,0.1619874929527258
8,1.200,0.4705605043694334,0.3641880244584065,2891494610219728.0,0.16065561758761068,0.36842838669348016
8,1.180,0.5157085852043731,0.399934062061716,3122380900646626.5,0.17584167271929652,0.3080009080670038
8,1.160,0.5742693576631812,0.4466739276597303,3428183599388463.5,0.19531242008003807,0.2298541179276107
8,1.140,0.6407184828272833,0.5002972455906949,3773535529402233.0,0.21708629795817658,0.14149756242876327
8,1.120,0.7021815101203494,0.5508755064725984,4082131264165714.0,0.23671321006543178,0.060271558202373794
8,1.100,0.7409161695334817,0.5844087185652886,4253288596943179.0,0.2482083380731939,0.009930932047266862
8,1.080,0.742948911235252,0.5928361925212448,4236175508985537.0,0.25064280039099474,0.005444732591227526
8,1.060,0.7170390401731778,0.5792296188613358,4062301066686522.0,0.24305535890369676,0.03898448752054737
8,1.040,0.6811700489063233,0.5572442432620376,3834373461114591.0,0.23227391818613036,0.08570378838610057
8,1.020,0.6538727505305824,0.5415372291679709,3654634675168033.5,0.22432976703539828,0.12101480183894547
8,1.000,0.6464937103307855,0.541673034736046,3583873702715887.0,0.22295693666552055,0.1298246002452302
8,0.980,0.6950727747933432,0.6016316434144713,3900966549079637.5,0.21085456249090606,0.09338577242334412
8,0.960,0.7817715321964251,0.6992582725199404,4441445386129403.5,0.1910771816687818,0.026501979727250616
8,0.940,0.8368502897258939,0.7679602280215895,4776195143704486.0,0.15635859099962765,0.006199184793080319
8,0.920,0.8261417709510677,0.7729024974242674,4704657564690289.0,0.11002672310112978,0.06324426579510094
8,0.900,0.8005857508124054,0.7596743240232313,4523612940119530.0,0.06898591553176685,0.12963733858186416
8,0.880,0.8166365300072825,0.7824358041990467,4555613464508001.0,0.040471803076509515,0.14153377288551705
8,0.860,0.8790681820219974,0.8467119460801016,4817809444358046.0,0.023741822160361165,0.09490904799945696
8,0.840,0.9535578484485213,0.9201646242825817,5113994999998333.0,0.016784025864534313,0.026482066940710987
8,0.820,0.9762809947728641,0.941997581090113,5110685075249256.0,0.016611098928339972,0.003662418473630884
8,0.800,0.9243209132912206,0.8908061558020096,4715075776370454.0,0.021288270247672787,0.05139108493131022
8,0.780,0.8629494630104967,0.8299771314530763,4283277473912616.5,0.03053491444755274,0.10414316851395292
8,0.760,0.8482753618002036,0.8143814065295064,4095028437737763.0,0.04215117692436138,0.10762524125468328
8,0.740,0.8729134948338635,0.8375985444710756,4100937154523616.5,0.050431694455439005,0.07490885410067404
8,0.720,0.8996398442497797,0.8635911677701111,4113923093579080.0,0.05129045432517448,0.047366477027710664
8,0.700,0.9229870355895532,0.8852666631820265,4100035625606866.0,0.053510535312455636,0.02183849434307407
8,0.680,0.9112383751503383,0.871857231668407,3922561551366031.5,0.06498298111146694,0.022471746396405746
8,0.660,0.8945753428453118,0.8537479230714747,3728113072760208.5,0.08394571357888035,0.020690946615867838
8,0.640,0.8674594471169071,0.8258958055285428,3497201972474119.0,0.10387587408379553,0.02841406416539413
8,0.620,0.7584816197902982,0.7193098464153956,2950687215279128.0,0.09576079697551433,0.14570618990833525
8,0.600,0.8076607252540376,0.7626774765745816,3027663823008608.5,0.07970823675105279,0.112153846721219
8,0.580,0.9238314374673342,0.870416690454899,3340186250051957.0,0.06343589010178846,0.011457742086184735
8,0.560,0.9234047147101718,0.8708228315031701,3226512219422141.0,0.038964178647227725,0.03558141192274027
8,0.540,0.9317421398835273,0.8814829440011613,3149366136947156.0,0.009897845623551775,0.054691349573424274
8,0.520,0.9407710173057527,0.8761795257588727,3014476651275133.5,0.0007185315600692797,0.05170681203819962
8,0.500,0.9150340282762944,0.827478749409836,2737425660307464.5,0.001133312440507195,0.07776733181375746
8,0.480,0.754241576771274,0.6730814317150415,2137589598051478.5,0.011427923096948069,0.23173342624534218
8,0.460,0.8961682214446236,0.7859981339181004,2392185352546728.5,0.06795362084308766,0.034638075630614926
8,0.440,0.7684083307495728,0.6648433073527418,1935474518490771.0,0.058030961384556656,0.17236478565973026
8,0.420,0.7736665077462304,0.6565548190933033,1824465956124844.8,0.05530904974443116,0.16990850174820646
8,0.400,0.9465371873883748,0.7793208777060084,2062489672168398.8,0.046858491158131975,0.005184255901158329
8,0.380,0.8335902623014114,0.6261410900645764,1574241227324520.8,0.05808867092394959,0.10805624150142101
8,0.360,0.8771259066334182,0.5652140569345828,1346266178035809.0,0.08942208401453523,0.034328162369780146
8,0.340,0.82700013849236,0.4802025556357642,1080236541709933.9,0.09357090850056272,0.08062645630190438
8,0.320,0.8685759311800607,0.4432064074566523,938364326344192.0,0.08238941848619759,0.05040292971680281
8,0.300,0.8024922345533686,0.2652786753021145,526549342872403.6,0.03830699251941299,0.16109296271761234
9,1.200,0.4686232498263309,0.3626427326652534,2871725050126829.0,0.15969783759072864,0.3713265501639845
9,1.180,0.5129972325754292,0.3977646468727217,3097353825943310.5,0.1746096813078226,0.3119483712285444
9,1.160,0.5709776591062727,0.4440220878997222,3398953285191927.0,0.19386981559748687,0.2345934922916115
9,1.140,0.6373782391502707,0.49756946957579185,3743184275291083.0,0.21561542953996152,0.14631417111900175
9,1.120,0.6996938445062685,0.5487761173079013,4055980488864603.5,0.2355257291067365,0.0639514240052511
9,1.100,0.740135367346974,0.583622612682013,4236502114114083.0,0.2476019877216229,0.011320587774302528
9,1.080,0.7439673512335838,0.5934676275805504,4229640164117181.5,0.25065976502088244,0.004409095003572587
9,1.060,0.7190137198981764,0.5806448694356637,4061618140446587.5,0.24342983538096644,0.03663337711361901
9,1.040,0.6830187622475377,0.5585860866275135,3833593721990899.5,0.23264419884742824,0.0834825378668805
9,1.020,0.6548573949933056,0.5421945952169955,3649538820844066.5,0.2244377369405336,0.1199205474188438
9,1.000,0.6463218543391759,0.5413834493344317,3572626428936019.0,0.2226897816964875,0.13026281417610636
9,0.980,0.6936686759062084,0.6003023463291419,3882207536774007.0,0.2102518273853237,0.0953921330876915
9,0.960,0.7805266546270485,0.698066996728589,4422328204818025.5,0.19061902051749743,0.028203146610575658
9,0.940,0.8377079795770765,0.768703633786405,4768364208719474.0,0.15638706600378027,0.0053087061986211125
9,0.920,0.8284934608832087,0.7750808653842438,4705626735777604.0,0.1102358479898865,0.06067790684221334
9,0.900,0.8021156430072189,0.7611100986342008,4520355861170463.0,0.0690418279426,0.12804646837216382
9,0.880,0.8162724160870225,0.7820663478233553,4541600224440016.0,0.040400810036268775,0.1419662823166107
9,0.860,0.8772195840391799,0.8449018952006839,4794986263714177.0,0.023653846127879442,0.09684723132943454
9,0.840,0.9519345739129987,0.9185598275193937,5091776893303387.0,0.016722185075912794,0.02816903163703355
9,0.820,0.9767359898393314,0.9423941981702718,5099517517313325.0,0.016579793657214948,0.003233212877820166
9,0.800,0.9259350066729185,0.8923222094499632,4710796257294847.0,0.021271106005993273,0.049785014624132685
9,0.780,0.8635609260746324,0.8305303628152249,4274966823870818.0,0.030480198212314694,0.10358088128181898
9,0.760,0.8472688816037502,0.8133808178117315,4079342313951334.0,0.042002619843836575,0.1087782557960441
9,0.740,0.8713135690193841,0.8360272951623469,4082580984187487.0,0.05022216024820779,0.07671630087645528
9,0.720,0.8983924795378604,0.8623571151698329,4097342602049495.0,0.05108996902019915,0.04881080319640239
9,0.700,0.922483267420125,0.8847438910224272,4086939835812537.0,0.05333201858020284,0.02251527230807677
9,0.680,0.9113881465578737,0.8719572249598095,3912791668868994.0,0.06480227554301474,0.0224955743974717
9,0.660,0.894265800495419,0.8534138176998824,3716945880096960.0,0.0836571303883289,0.02128230138694259
9,0.640,0.8694841165156697,0.8278229414205798,3496230552459920.5,0.103775229618185,0.026483715662296573
9,0.620,0.7601901278050042,0.7209959566118851,2949899026294371.0,0.09565085394486374,0.1441056741548601
9,0.600,0.8047117631621968,0.7599747653872129,3009075289041119.5,0.0791503012215437,0.11566378643434651
9,0.580,0.9229751515335645,0.8696525846289443,3328560211364709.5,0.06315713357236931,0.012595741776416374
9,0.560,0.9241374440548294,0.8714849226923634,3220553638631357.0,0.038849342495551636,0.03496082120121289
9,0.540,0.9321968759509965,0.8818689786128453,3142537417446259.5,0.009854078427167654,0.054274832837221586
9,0.520,0.9377665061754925,0.8733264727495005,2996833400733714.5,0.0007108979762303759,0.0547363489109367
9,0.500,0.9198412570594084,0.8317097279575365,2744254704274073.5,0.0011276706588037376,0.07292773359989012
9,0.480,0.7517746015639002,0.6707587331967229,2124663734530618.2,0.011288309184498224,0.23434377785837168
9,0.460,0.8934099069929629,0.7836407073508947,2378797380016576.0,0.06735203108825458,0.03800342257541959
9,0.440,0.7731292735306814,0.6687572090598858,1941796817632836.5,0.0581023242016337,0.16756398996025268
9,0.420,0.768395177663294,0.6518495233096858,1806671836314878.5,0.05466426003200156,0.1758296315876522
9,0.400,0.9481484165044793,0.7804578156764764,2060117812898287.8,0.04670610333335867,0.0037203504690655983
9,0.380,0.8337571412862034,0.6261388909094009,1570134687322124.5,0.057830873346782545,0.10814657467784235
9,0.360,0.8749829973066465,0.56378391885799,1339361517665636.2,0.08886721415018975,0.03702258193767265
9,0.340,0.829797170773431,0.48171708680421715,1080820566677601.4,0.0935987019745017,0.0778054713501881
9,0.320,0.8645696155033961,0.4409573389404595,931170449377407.2,0.08177943641233075,0.05501201045510768
9,0.300,0.8038194572611269,0.26573536535937803,526081758069825.5,0.03827715309857214,0.15980180683550768
10,1.200,0.4665156036801578,0.36096102968419563,2850071311801936.0,0.15864995878787772,0.3744855087193888
10,1.180,0.510017290586683,0.39538036181216907,3069808367714041.5,0.17325380760142042,0.31628872265897046
10,1.160,0.5673246658096212,0.44108016140171424,3366585726641947.5,0.19227077318984848,0.2398511452568858
10,1.140,0.6336203561689709,0.49450344114432365,3709269027752216.0,0.21396745642992954,0.15172617678119027
10,1.120,0.6968226217491572,0.5463600718802349,4026346436713068.0,0.23417100367462623,0.06818274559902457
10,1.100,0.7391339979612521,0.582643198049904,4217057567485285.0,0.2468822644652797,0.013044648390029034
10,1.080,0.7450047335319416,0.5940923416808975,4221743790349358.5,0.2506438510426682,0.003387514852309327
10,1.060,0.7211879572417764,0.5821988161224592,4060610628221744.0,0.24383554207485286,0.034051312439265666
10,1.040,0.6851108414934408,0.5601054491718889,3832810088049276.0,0.2330654085887813,0.08096671483881315
10,1.020,0.6560137213400092,0.5429743422969501,3644128170213094.0,0.22457703301598034,0.11862304514130488
10,1.000,0.6461909228896305,0.541110253816091,3560409305755194.0,0.2224128285639755,0.13066976322256396
10,0.980,0.6921296902726496,0.5988424116064807,3861471111163721.5,0.20958889194711977,0.09759352914457725
10,0.960,0.7790827583537314,0.6966877892733265,4400718566716916.5,0.1900956596992076,0.0301683931592214
10,0.940,0.8385674797861293,0.7694425367923962,4759027440312352.0,0.15640116240427931,0.00443037502940476
10,0.920,0.8310932017162916,0.7774879513383516,4706473943401862.0,0.11046603589074054,0.057841795468695036
10,0.900,0.8038636261156578,0.7627505008312102,4516886467737653.0,0.06910797324456362,0.12622663726365654
10,0.880,0.8159173099685569,0.7817029208366126,4526250341715362.0,0.040324575827717535,0.14239464570406205
10,0.860,0.8751740258414185,0.8428986936270444,4769666301891965.0,0.023556604981379667,0.0989918024255025
10,0.840,0.9500700025284852,0.9167177420079207,5066745454105490.0,0.0166526130002669,0.030105439687810053
10,0.820,0.9771753491129518,0.94277062183234,5086675779332679.0,0.016543923407199585,0.002823819684915906
10,0.800,0.927747985890001,0.8940250607747644,4706020813337125.0,0.021252343323711894,0.047980559838138974
10,0.780,0.8643070317500846,0.8312088854304845,4265981262186116.5,0.03042171024785236,0.10288692005151663
10,0.760,0.8461953890356297,0.8123119162745658,4062099716217358.0,0.04184018062069193,0.1100118537800565
10,0.740,0.8695205367870759,0.8342666026038249,4062101226669257.0,0.04998919880398375,0.07874011097891295
10,0.720,0.8969591304552738,0.8609402274397031,4078680259000100.0,0.05086522756232056,0.05046507921399108
10,0.700,0.9218755752809112,0.8841166954414845,4072131513562623.0,0.053131411206183116,0.023317533999118067
10,0.680,0.9115595251038251,0.8720725225769128,3901895907331005.0,0.06460220578602638,0.02251633725971237
10,0.660,0.89389527880807,0.8530163561498451,3704379378594224.0,0.08333485499854823,0.021967562065984707
10,0.640,0.871651262596882,0.8298842863324736,3494714316627832.0,0.10365236238495308,0.024432330930349477
10,0.620,0.7622321673231074,0.7230050636099454,2949491793635687.0,0.09554501092079215,0.14216721212618694
10,0.600,0.8014965161956381,0.7570290823265804,2988670094977289.5,0.07853830488786583,0.11949431576363412
10,0.580,0.9218530204493578,0.8686433949186922,3315001116329629.0,0.0628359250614461,0.01404259748352629
10,0.560,0.9249749628177235,0.8722431059804022,3213954590079897.5,0.0387224072693908,0.03424721576993617
10,0.540,0.9327539239162412,0.882346663101906,3135069487132660.5,0.009806003954250006,0.05375948329319634
10,0.520,0.9343923036572724,0.8701232084321472,2977133159528556.0,0.0007024504201940168,0.05813860049373978
10,0.500,0.9251653285749405,0.8363931051941473,2751658995557337.5,0.0011213060748574088,0.06756779944842897
10,0.480,0.7492451114322177,0.6683657987803269,2110909524565550.5,0.011137317348833331,0.2370276803421593
10,0.460,0.890013618939655,0.780731729037229,2363054972862022.5,0.0666600071228701,0.04209819499312587
10,0.440,0.7786229066147511,0.673319849537937,1949342977888025.5,0.05819539216377534,0.16196750883601183
10,0.420,0.7626566356070763,0.6467243285874571,1787239082311558.0,0.05396012153001181,0.18227776450395436
10,0.400,0.9496508565555573,0.7814794651544273,2056798399490740.2,0.04652125898847254,0.0023975148962061825
10,0.380,0.8341006672090995,0.6262507853557804,1565835171507419.0,0.0575543238625741,0.10807889948546422
10,0.360,0.8724913863828068,0.5621268222375294,1331530052749940.0,0.08824009270634982,0.04013749143964009
10,0.340,0.8330430622196539,0.4834723753505198,1081595184947140.0,0.09364054088422342,0.07452222635694064
10,0.320,0.8600737821114958,0.4384461753449133,923167332653124.1,0.08109994998561737,0.0601792312376937
10,0.300,0.8056321017587004,0.26634864913562356,525758033008982.1,0.038258664949926885,0.1580153117355458
11,1.200,0.46425691069131003,0.35915814317830663,2826677388963856.0,0.15751941367751743,0.3778784646193128
11,1.180,0.5067867057626704,0.3927955096850735,3039889539901301.5,0.17178133251988006,0.3209967118745979
11,1.160,0.563322054638641,0.43785776614779426,3331197083062690.5,0.19052067741354684,0.2456099957220226
11,1.140,0.6294417615677721,0.49109741008201635,3671823325358819.0,0.21214281040115401,0.15773621590398418
11,1.120,0.6935426619640783,0.5436082346222482,3993128910343304.5,0.23264175112753882,0.07299801112948104
11,1.100,0.7378701960231535,0.5814378104069987,4194741827244764.0,0.24603574234654813,0.015158459185407105
11,1.080,0.7460235808347313,0.5946803715521782,4212274266000349.0,0.25058231543547455,0.002430266063201354
11,1.060,0.7235457810584012,0.583878156930041,4059171260113835.5,0.2442665470491029,0.03126022397240614
11,1.040,0.687451510878548,0.5618060859514296,3832031408995289.0,0.23353880092525867,0.0781498417304269
11,1.020,0.6573588395162742,0.5438901941833008,3638485780431730.5,0.2247532600752429,0.11709956616524414
11,1.000,0.6461213521233957,0.5408702710470088,3547336539093669.5,0.22213321383961734,0.13101785909197228
11,0.980,0.6904684531331077,0.597262613888091,3838845976479567.0,0.2088700416966077,0.09997303795815998
11,0.960,0.7774268572301636,0.6951088142158243,4376564263587663.0,0.18950445975905683,0.032413368872590366
11,0.940,0.8393958099437668,0.7701463518766243,4747996579332688.0,0.15639503478540098,0.003603047871097678
11,0.920,0.8339280534470738,0.7801113843818519,4707103246739474.0,0.11071567165342551,0.054750494741388364
11,0.900,0.8058405826671339,0.7646057033207678,4513249304172041.0,0.0691853988615857,0.12416590296145756
11,0.880,0.8155883119738432,0.7813618430106675,4509663659878766.0,0.040244110561579186,0.14280072760034698
11,0.860,0.8729400373204863,0.8407105660466947,4741920167679378.0,0.023450496923598456,0.10133381952451433
11,0.840,0.9479495883958876,0.9146243653221444,5038848884174137.0,0.016575199731124167,0.03230600602263912
11,0.820,0.9775740051884702,0.9431026397124173,5072033275082631.0,0.016503169754195666,0.0024597198233441424
11,0.800,0.9297595377989553,0.895914332015497,4700734820871748.0,0.02123204496201123,0.045977974411039894
11,0.780,0.8652079541348199,0.8320320587506119,4256414796161987.5,0.030360288704227717,0.10204022290965856
11,0.760,0.8450739204441603,0.811192991116502,4043403318093548.0,0.041665117201583474,0.11130571078394574
11,0.740,0.8675358494122108,0.8323178942999312,4039524372320189.5,0.04973338064480046,0.08097827848123011
11,0.720,0.8953277392651179,0.8593289454877187,4057898860480024.0,0.05061607029711348,0.05234156293601157
11,0.700,0.9211474081969958,0.8833691874772364,4055548205907203.5,0.05290826837898878,0.024262318840055815
11,0.680,0.911752459349832,0.8722029941720815,3889876088818975.0,0.06438328678099965,0.02253357864029902
11,0.660,0.8934598496697219,0.852551609888342,3690403858029292.0,0.0829793733236578,0.022750179141387848
11,0.640,0.8739236146626052,0.8320439058962884,3492492637899369.5,0.10350333964185134,0.02230110602220444
11,0.620,0.7646472194332866,0.725374291222037,2949600036492718.5,0.09544814789248503,0.13984641362954464
11,0.600,0.798050362577439,0.7538734696738987,2966599994099267.5,0.07787680867418573,0.12360545373232405
11,0.580,0.9204120528065236,0.8673392595758701,3299333978867517.0,0.06246933720758313,0.0158542932165234
11,0.560,0.9259178683858095,0.8730981632776655,3206715144569477.5,0.03858359352170682,0.033439787060445446
11,0.540,0.933428098646516,0.88293002538045,3127010409711141.0,0.009753874470532891,0.053130180364114696
11,0.520,0.9306552817905369,0.8665763157307141,2955421579803430.5,0.0006932250628536685,0.061906624130438834
11,0.500,0.930966441722101,0.8414924918397493,2759494488297250.0,0.0011141746830060802,0.061727618199882865
11,0.480,0.746732202592422,0.6659730188087647,2096559312026688.0,0.010976537398088227,0.2397041705134669
11,0.460,0.8859031772613739,0.7772043579013643,2344781290018232.5,0.06587367575713192,0.04700252815681462
11,0.440,0.7849431606544264,0.6785779390591858,1958220957130137.8,0.058312914318416495,0.15551859452753738
11,0.420,0.7565211217219341,0.6412400279761544,1766359897003940.0,0.053203225424397954,0.18917599032324103
11,0.400,0.9509277477070004,0.782288831480355,2052279006323097.2,0.04629858111708904,0.0013380561601772233
11,0.380,0.8346722315291547,0.6265139977262918,1561434088423181.5,0.0572626212224228,0.10779821010959068
11,0.360,0.8696298236943358,0.5602301519704618,1322751495352704.0,0.08753962641131498,0.04369522518065653
11,0.340,0.8367605543349449,0.4854792324299989,1082577146871761.4,0.09369796296046017,0.07075247846254418
11,0.320,0.8551177132634193,0.43569157477817255,914404640502959.4,0.08035499803486293,0.06587131679865031
11,0.300,0.8080324191150944,0.26715017549886255,525637086951318.44,0.038255957831745194,0.15562701408521357
12,1.200,0.4618685809579344,0.3572509087576344,2801700367163550.5,0.15631434615938014,0.38147584162627624
12,1.180,0.5033257776396611,0.3900262372503725,3007758268017825.5,0.1702003893154897,0.3260438805740312
12,1.160,0.5589841010942895,0.43436657878614937,3292922353230075.0,0.18862589847689762,0.25184937504680716
12,1.140,0.6248416036329592,0.48735142583497326,3630899190083105.0,0.21014283518334329,0.16434378903326402
12,1.120,0.689828986536814,0.5405017237802732,3956236130189189.0,0.230930958113669,0.07842923689575576
12,1.100,0.7362987134190792,0.579971218566852,4169329570588410.5,0.24504804685703047,0.017721700373912543
12,1.080,0.7469807724930826,0.5951973096009066,4200991605531313.0,0.2504606060745048,0.0015950823356572945
12,1.060,0.7260668629314095,0.585666060603905,4057168280083423.5,0.24471542901482005,0.02828789495745309
12,1.040,0.690044609437884,0.5636905612126542,3831256254697272.0,0.23406508718948552,0.07502737076071961
12,1.020,0.6589107414403345,0.5449565360702819,3632696674250541.5,0.2249722554574113,0.11532626665245937
12,1.000,0.6461356264446445,0.5406819849870789,3533531752993392.5,0.22185874147194526,0.13127679603067394
12,0.980,0.6887000572541594,0.5955758332771645,3814435200547025.5,0.2081003240595287,0.1025105157512242
12,0.960,0.7755469522997669,0.6933191117209645,4349822183238595.0,0.18884308252154133,0.03495243547626338
12,0.940,0.8401568658354343,0.7707816063625809,4735068811150217.0,0.1563623144949241,0.002869232300921154
12,0.920,0.8369819838572271,0.782935872293804,4707400162674075.0,0.11098275111381938,0.05142205158712983
12,0.900,0.8080575342747559,0.7666859916055518,4509486970201839.0,0.06927516968822842,0.12185216614309174
12,0.880,0.8153041740923376,0.7810610072005633,4491948082254023.5,0.040160514366376354,0.14316464812055155
12,0.860,0.8705278527580197,0.8383473787047513,4711829433666103.0,0.023335978779220334,0.10386257411283759
12,0.840,0.9455585066181175,0.912265434165483,5008037873208630.0,0.01648984671343397,0.03478571555583139
12,0.820,0.9779033699486834,0.9433626477815321,5055447767313669.0,0.01645717114457737,0.0021699718183457307
12,0.800,0.9319674765021778,0.8979878334876069,4694912886370394.0,0.02121023851037248,0.04377942649017282
12,0.780,0.8662854663066616,0.8330207709574318,4246367056631526.5,0.030296829417741953,0.10101806688350311
12,0.760,0.843926383026249,0.8100450851017712,4023369157602183.0,0.041478843972037716,0.11263646916393569
12,0.740,0.8653627485626691,0.8301843207238271,4014887174494813.0,0.04945542058337671,0.08342686096304863
12,0.720,0.8934857082588202,0.8575111993669421,4034961507252219.5,0.05034236384032104,0.054453029298717946
12,0.700,0.9202797241928499,0.8824830957879806,4037118840504516.0,0.05266206381911915,0.0253692455635248
12,0.680,0.9119659362105098,0.8723475864558135,3876730181040619.0,0.0641460120110476,0.022547827778842282
12,0.660,0.8929573190698196,0.8520172972674189,3675017792360045.5,0.08259141591895233,0.023631624014156305
12,0.640,0.8762578665264235,0.8342600797282067,3489382152262225.5,0.10332365902467283,0.020137844206429133
12,0.620,0.7674760137151775,0.7281419268593226,2950358747330762.5,0.0953652001815502,0.13709758123612384
12,0.600,0.7944161225745927,0.7505479765409938,2943044356082164.0,0.07717113349551981,0.12794901139644568
12,0.580,0.9185960136636234,0.865687237816913,3281376831845019.5,0.062054367946638385,0.018090133771964324
12,0.560,0.9269635540356,0.8740478759787045,3198824013249403.0,0.0384330059412529,0.032541054380025684
12,0.540,0.9342347301636466,0.8836335794661477,3118408962728631.0,0.00969795169185111,0.05237127704064973
12,0.520,0.9265691087564548,0.862698721969147,2931767978652323.0,0.0006832654621859815,0.06602662571716206
12,0.500,0.9371877550025117,0.8469560872187384,2767566065336882.0,0.001106216180481881,0.05546444840732911
12,0.480,0.7443243608776063,0.6636590680148432,2081868859054504.5,0.010807668888032305,0.24228275032948754
12,0.460,0.8810105605032662,0.7729987784523226,2323826704205361.0,0.06499018000262866,0.052787367076039975
12,0.440,0.7921373963893559,0.6845725189550131,1968517302320117.8,0.05845690115207784,0.14816782000937764
12,0.420,0.7500745975493128,0.6354707868180222,1744263044786725.0,0.05240126470951388,0.19643055390002237
12,0.400,0.9518434016646027,0.7827734223323468,2046271057673024.0,0.046031987578845614,0.000683945262705439
12,0.380,0.8355274860063795,0.6269687111123499,1557028504625824.2,0.056959565423438614,0.10724503735351651
12,0.360,0.8663813785629053,0.5580841169936659,1313013714305253.5,0.0867653068507799,0.047713219901564866
12,0.340,0.8409640992451095,0.48774340078501655,1083770730718034.4,0.09377144399882446,0.06648132289437277
12,0.320,0.8497492027446587,0.4327218542652366,904952755056223.1,0.07955041756708414,0.07203471161711714
12,0.300,0.8111283531871495,0.2681731524089726,525779501989557.3,0.03827360420931217,0.15252462649808646
13,1.200,0.4593740630369567,0.35525774434409996,2775309598157841.0,0.15504357815850417,0.3852453454065948
13,1.180,0.49965720993015084,0.38709056840074996,2973591006792466.0,0.16851995738532394,0.33139851773807455
13,1.160,0.5543279412810906,0.4306205311764957,3251916301950357.5,0.18659386132542122,0.25854469583189116
13,1.140,0.6198218796001276,0.4832678233900942,3586570476179315.5,0.20796998989659976,0.1715444283182708
13,1.120,0.6856577408666694,0.5370226390007878,3915590396822209.0,0.22903220200602123,0.08450672196189872
13,1.100,0.7343715438998892,0.5782061333285846,4140587978721342.5,0.24390409585250403,0.02079752053888009
13,1.080,0.7478272960807543,0.5956041280482383,4187627973301193.0,0.25026231493567885,0.0009474524905841182
13,1.060,0.7287257288935347,0.5875415452639362,4054441924674322.0,0.24517303172659421,0.02516899622048115
13,1.040,0.6928919129826161,0.5657596969395869,3830469276301738.5,0.23464420732442948,0.07159759200630483
13,1.020,0.6606879352819552,0.5461881067085586,3626845441707629.5,0.22523995389494977,0.11327868903823834
13,1.000,0.6462581598634086,0.5405654338710255,3519126748910262.0,0.22159782813566214,0.13141372419246666
13,0.980,0.6868422524054507,0.5937972246214949,3788356810011821.0,0.20728559777082387,0.10518234839493643
13,0.960,0.7734326898095303,0.6913091898574272,4320462110568827.0,0.18810964912507153,0.03779785028529937
13,0.940,0.8408117388269631,0.7713122376358625,4720029501925911.0,0.15629617590696057,0.0022747012576904307
13,0.920,0.8402354050225407,0.7859427684433171,4707229657206045.0,0.11126482410675986,0.04787851782662672
13,0.900,0.8105253067887467,0.7690014454397303,4505638075110370.0,0.06937833839649726,0.11927353531854007
13,0.880,0.8150852209677978,0.7808198028033156,4473218670889039.0,0.040074971127513306,0.14346486824579152
13,0.860,0.8679495956623933,0.8358208168849862,4679487293003788.0,0.02321356930316823,0.10656540221585233
13,0.840,0.942882072830549,0.909626830225201,4974268060302942.0,0.016396473960953003,0.037559395079944415
13,0.820,0.9781312051337363,0.9435195282098119,5036761460260760.0,0.016405522396048887,0.0019873423809912516
13,0.800,0.934367132209094,0.9002409755540774,4688515985716239.0,0.02118690338796359,0.041389624730364706
13,0.780,0.8675626830429048,0.8341971903155735,4235941591234774.0,0.030232273977296865,0.09979633771329391
13,0.760,0.8427777188058853,0.8088921504597004,4002126860561604.5,0.04128293392232173,0.1139775712822903
13,0.740,0.863006752783292,0.82787122187549,3988238700562426.0,0.04915620114243259,0.08607946848597131
13,0.720,0.8914202463155676,0.855474742360257,4009833369579220.5,0.05004402016720527,0.056812404100479115
13,0.700,0.9192508748039941,0.8814376585677465,4016763657425920.0,0.052392186226743395,0.02666063174287474
13,0.680,0.9121975461107048,0.8725039091462645,3862450545141258.0,0.06389082213089878,0.022561066491933634
13,0.660,0.8923877655157088,0.8514132997003483,3658229967262559.0,0.08217200106403642,0.024610807072833734
13,0.640,0.8786045833134047,0.8364852165451188,3485177339032607.0,0.10310826907545745,0.017997029476330494
13,0.620,0.7707593506380228,0.7313463054205723,2951898354226810.0,0.09530099541534434,0.13387505083973728
13,0.600,0.7906446620890071,0.7471002372523813,2918211484820186.5,0.07642738570607836,0.1324679626586722
13,0.580,0.9163469434472659,0.8636327328490614,3260946888873155.5,0.06158805975739141,0.020811104254769567
13,0.560,0.9281050521117822,0.875085934068625,3190254777907296.5,0.03827058857843457,0.03155806900043397
13,0.540,0.9351891553825117,0.8844718443017798,3109312765286485.0,0.009638500220509143,0.05146711665368387
13,0.520,0.9221557180160036,0.8585110630171378,2906269453304166.5,0.0006726231215821047,0.07047647904750473
13,0.500,0.9437514853174573,0.8527131768784421,2775617494085959.0,0.0010973515414484003,0.04885664918661074
13,0.480,0.7421194267233052,0.6615108489039035,2067115988295310.2,0.010632499529259992,0.24466344269772444
13,0.460,0.875280947147878,0.7680665963824532,2300082147432809.5,0.06400805956047771,0.0595090375917802
13,0.440,0.8002408511005052,0.6913341866578976,1980283402443991.0,0.05862821677844821,0.1398790492671811
13,0.420,0.7434200238432433,0.629505177276844,1721215444111462.5,0.05156305062305755,0.20392955839400825
13,0.400,0.9522433051377271,0.782805405402235,2038451790463400.8,0.04571476050434016,0.0005966451731201147
13,0.380,0.8367255771273134,0.6276574641184913,1552719231453180.0,0.05664908024040658,0.10635629176880762
13,0.360,0.8627358362993643,0.555683260591256,1302316229166391.8,0.0859174420665618,0.052201389297593326
13,0.340,0.845655676746438,0.4902631519404807,1085162575562590.6,0.09385995445939635,0.0617078127690663
13,0.320,0.8440366566359743,0.42957597783903795,894904317341651.5,0.07869398640026845,0.07859333975442334
13,0.300,0.8150311124221253,0.26945150700628084,526245638229000.56,0.03831618419044028,0.1485925950017999
14,1.200,0.4567988031483063,0.35319861352453913,2747685737510205.5,0.1537165694400325,0.38915204467808806
14,1.180,0.4958061334122752,0.3840084148812046,2937579115109839.5,0.16674984379156632,0.3370256553362005
14,1.160,0.5493737944692952,0.42663597516316765,3208354038032987.5,0.18443309747745476,0.26566717741524165
14,1.140,0.6143880481500984,0.4788516947865577,3538935957497442.0,0.2056280418845594,0.17932889155610837
14,1.120,0.6810072007996756,0.5331548522384942,3871134064893696.0,0.22693999561699701,0.09125769572134008
14,1.100,0.7320387377527501,0.5761038657222842,4108282483781607.0,0.24258840334962412,0.024451416903902054
14,1.080,0.748508122461716,0.5958571043584415,4171888575132991.5,0.24996917777960134,0.0005607456565043842
14,1.060,0.7314909277857289,0.589478826066328,4050800906773253.0,0.24562820984682,0.021946172906159023
14,1.040,0.6959923507318752,0.568011937786411,3829637136269351.5,0.23527506828805966,0.06786267932709895
14,1.020,0.6627090014289753,0.5475996262737685,3621013451239788.0,0.22556222632005757,0.1109323677734861
14,1.000,0.6465151275334086,0.5405420610292574,3504259961067843.5,0.22135943073277384,0.13139349071800124
14,0.980,0.6849156035491398,0.5919443499896722,3760744063618994.0,0.2064325682532136,0.10796125753835577
14,0.960,0.7710760399663265,0.6890716344095136,4288470519397036.0,0.18730290123816315,0.04095892558862083
14,0.940,0.8413191567394919,0.7717000027862914,4702655648251505.0,0.15618942498659197,0.001867963528627312
14,0.920,0.8436647039338656,0.7891096335882852,4706434251429213.0,0.1115589376244719,0.04414647699853382
14,0.900,0.8132541494166357,0.7715615765945885,4501734983748485.0,0.0694959121546933,0.11641874137595426
14,0.880,0.8149532488976847,0.7806590180588534,4453596596754486.5,0.03998874109045347,0.14367829828182757
14,0.860,0.8652194549781353,0.833144553927965,4644999101522251.0,0.023083852054130664,0.10942750475531009
14,0.840,0.9399062136900063,0.9066950350777212,4937502709610428.0,0.0162950279514766,0.04064123333402857
14,0.820,0.9782215531740377,0.9435385857297579,5015801498865142.0,0.016347775359818573,0.0019483753783776122
14,0.800,0.9369506625788132,0.9026661063291432,4681488339463025.0,0.02116195658983124,0.03881652355469935
14,0.780,0.8690637307652617,0.8355844465427574,4225243803114182.5,0.030167595382582065,0.09834987501298297
14,0.760,0.8416560377488347,0.8077611748960369,3979819636619303.0,0.04107911871984333,0.11529912573517673
14,0.740,0.8604761742998172,0.8253866226069947,3959642425395186.0,0.048836796615024436,0.08892672149639844
14,0.720,0.8891188015637935,0.8532075676287003,3982483806459689.5,0.04972101987230477,0.059432307318249014
14,0.700,0.9180365459203677,0.8802095697768314,3994394446920801.5,0.052097939312645,0.028161553331578593
14,0.680,0.9124429495810329,0.8726677270291872,3847021834228141.0,0.06361806766639246,0.022577300850042052
14,0.660,0.8917540494964783,0.8507421499952208,3640061399683339.5,0.08172247262404964,0.02568352990857853
14,0.640,0.8809083807756207,0.8386660298529239,3479652298391344.0,0.10285162413604283,0.015939593195277546
14,0.620,0.7745366672561144,0.7350244482045489,2954338795382026.0,0.09526006397490695,0.1301348154743422
14,0.600,0.7867953320048526,0.7435858962056041,2892339159020976.5,0.07565246125577878,0.13709600072065567
14,0.580,0.9136071338128181,0.8611213456458212,3237868238235813.5,0.06106764657005026,0.02407774438441087
14,0.560,0.9293297291705597,0.8762007058786208,3180961765582268.5,0.03809607642667259,0.030503770257999115
14,0.540,0.9363060697115783,0.885458730264414,3099765978723399.5,0.00957577977248063,0.050402691567046826
14,0.520,0.9174466985893359,0.854042972532822,2879054528613997.5,0.0006613578525882466,0.07522432466752298
14,0.500,0.9505548857761417,0.8586705293739859,2783321569929893.0,0.0010874811220023773,0.04200773277813314
14,0.480,0.7402244408560067,0.6596233253420742,2052598774480236.0,0.010452880767847575,0.24673696970014355
14,0.460,0.868677792770401,0.762375270355808,2273492130953528.0,0.0629276061289799,0.06720380699975635
14,0.440,0.8092696108184453,0.6988770632125126,1993518577427335.8,0.0588260878980789,0.1306369674292049
14,0.420,0.7366782568984223,0.6234468785612477,1697522614056474.5,0.050698490564817,0.21154208901009117
14,0.400,0.9519554830798105,0.782242814480078,2028469103326399.2,0.04533968157637643,0.001255611341469479
14,0.380,0.8383281304342591,0.6286243583161029,1548608452000449.5,0.056335119829265846,0.10506637288229069
14,0.360,0.8586924027178774,0.5530281618686844,1290674029813958.5,0.08499740675045335,0.05715917218434315
14,0.340,0.850819946231772,0.4930265166122699,1086715891693223.1,0.09396046319913691,0.05645029587008852
14,0.320,0.8380701324587172,0.4263039932983633,884374481194973.6,0.07779545388177629,0.08544753649859538
14,0.300,0.8198519108650647,0.271018765017165,527093232193247.44,0.03838811291283311,0.1437155227569805
15,1.200,0.4541701904001268,0.35109497791207434,2719019650508428.0,0.15234337075165283,0.3931584730288029
15,1.180,0.4918000967432467,0.3808015616826666,2899927971233436.0,0.16490065135130294,0.342887109581487
15,1.160,0.5441451339761084,0.42243180607193886,3162431171536477.0,0.18215327541082416,0.27318364457238986
15,1.140,0.6085496018157928,0.47411132715975257,3488121993670022.5,0.20312224014438643,0.18768241580562076
15,1.120,0.6758588407613477,0.5288848440825809,3822835650637836.5,0.22465014626500898,0.09870488936800673
15,1.100,0.7292494239274766,0.5736251473513131,4072183597926297.5,0.24108545019745642,0.028749841012467296
15,1.080,0.7489622548625889,0.5959078878861334,4153453689431660.0,0.24956113676503267,0.0005160992654798663
15,1.060,0.7343241823348395,0.5914466535169133,4046019084982068.0,0.24606757600188336,0.018671147296812077
15,1.040,0.699341110810157,0.5704426284361994,3828704022025585.5,0.23595524919928293,0.06382988081654109
15,1.020,0.6649920579822666,0.5492053503713107,3615275633957490.0,0.22594468910601248,0.108263555216744
15,1.000,0.6469342384746108,0.5406345159692791,3489074574173385.0,0.22115295326556159,0.13117896032805745
15,0.980,0.682943595512815,0.5900372636770151,3731745337426342.0,0.20554880535385012,0.11081617793812036
15,0.960,0.7684719758811266,0.6866017180763067,4253854212611046.0,0.1864223601793489,0.044441189899151336
15,0.940,0.841636061091579,0.7719050139080411,4682720088084695.0,0.15603461251245823,0.0016995730955095694
15,0.920,0.847241784953223,0.7924098092532137,4704832357600026.0,0.1118615815045239,0.04025755685604631
15,0.900,0.8162533051443129,0.7743749204397016,4497801360029160.5,0.06962881564621107,0.11327760459924083
15,0.880,0.814931399922776,0.7806007183966681,4433207932618882.5,0.03990315223790664,0.1437804324926877
15,0.860,0.8623538464442285,0.8303344057751427,4608482767566758.0,0.022947477674108468,0.11243178337294928
15,0.840,0.9366179851890403,0.9034576310527894,4897715560587322.0,0.016185490095615773,0.044044252488377136
15,0.820,0.978134751793526,0.9433815651566569,4992380987738484.0,0.016283441093907676,0.0020933752411945944
15,0.800,0.9397062881556888,0.9052517767752947,4673754063828863.0,0.021135237323087863,0.03607210572444678
15,0.780,0.8708133311446994,0.8372062292150189,4214378489534976.0,0.03010378097670889,0.09665290674733326
15,0.760,0.8405927073980991,0.8066822656033534,3956603989209622.0,0.04086928614514241,0.11656781977163568
15,0.740,0.8577826542157232,0.8227417451992816,3929178294069993.5,0.048498496970091405,0.09195569039526359
15,0.720,0.8865695878501764,0.8506984147262827,3952888850850603.0,0.04937343978957716,0.06232449803525049
15,0.700,0.9166097811420867,0.8787730047599324,3969915201060595.0,0.05177854677138173,0.029899816615252043
15,0.680,0.9126952403964074,0.8728323535483286,3830418547063348.0,0.06332796584134716,0.02260324239648692
15,0.660,0.8910622576983713,0.8500094581156359,3620546891366463.0,0.08124452925085845,0.02684201143095736
15,0.640,0.8831084553347018,0.8407440488146751,3472564000954530.5,0.10254778108722977,0.014032288139707444
15,0.620,0.7788443095753524,0.7392104216874327,2957782625555675.0,0.0952464208665788,0.12583647109164503
15,0.600,0.7829362030444605,0.7400688410227954,2865694253783818.5,0.07485402517346873,0.14175732381410014
15,0.580,0.9103215764741343,0.8581011751102926,3211981041075699.0,0.060490727233454784,0.027947522682261826
15,0.560,0.9306178573136393,0.8773738913547505,3170875690934034.5,0.03790894495087371,0.029398467794365994
15,0.540,0.937598715937586,0.8866067721439703,3089806531928401.5,0.009510036111048501,0.049164466553369854
15,0.520,0.912484531087274,0.8493342260020129,2850286080523513.0,0.0006495378859361705,0.08022732422467754
15,0.500,0.9574663791459497,0.8647089433718186,2790271337901761.0,0.0010764836618560008,0.035050260040238645
15,0.480,0.7387553592316387,0.658099236166453,2038633267570452.2,0.010270700838729933,0.24838506442910954
15,0.460,0.8611875803257499,0.755912263945439,2244066414491300.0,0.061751162142371245,0.07588282876491026
15,0.440,0.8192118962766665,0.7071913248124785,2008149696222028.2,0.05904752503397909,0.1204563875813378
15,0.420,0.729988501341256,0.6174149911461178,1673527847649300.2,0.04981852440617546,0.21911782245777667
15,0.400,0.950793541716897,0.7809321467657406,2015950086020633.5,0.04489924885576239,0.002855028420285311
15,0.380,0.8403979435486355,0.6299140464880966,1544796839763087.0,0.056021558319562875,0.10330858682842309
15,0.360,0.8542626479789239,0.5501272841929906,1278121582567471.0,0.08400790089943536,0.06257233304320149
15,0.340,0.8564188453522817,0.4960082200556795,1088364264840437.2,0.09406740711773391,0.05075233792899505
15,0.320,0.8319610954259961,0.42296681031726524,873499682321306.9,0.0768664418390154,0.09247439059819423
15,0.300,0.8256975560536638,0.2729065439680417,528374302171929.7,0.03849341734622927,0.1377827945759485
16,1.200,0.4515174888949965,0.34896973925356384,2689511197804649.5,0.15093457076817235,0.39722475007010205
16,1.180,0.48766902298939935,0.3774936255021086,2860855823225375.5,0.16298373277846231,0.3489415704591699
16,1.160,0.5386687958361879,0.41802953683778155,3114363493670543.5,0.17976520605840407,0.2810564134023074
16,1.140,0.6023205739659139,0.46905858745611845,3434284616722507.5,0.2004594604028213,0.19658406488619107
16,1.120,0.6701984330821082,0.5242025609649629,3770695848696937.0,0.22216011746860148,0.10686507355102409
16,1.100,0.7259530475201993,0.5707311179246662,4032074790269243.0,0.23938012208050208,0.033758521458331865
16,1.080,0.7491230073787253,0.5957037512905156,4131982107638703.5,0.24901648358160666,0.0009019967709598515
16,1.060,0.737179559691019,0.5934076725799466,4039832552772701.5,0.2464752622210169,0.015405787729759146
16,1.040,0.7029286321478888,0.5730432022591919,3827586782315440.5,0.23668067363091552,0.05951285583254257
16,1.020,0.667554122661144,0.5510185399128443,3609696806359016.0,0.2263924800557351,0.10525008449810591
16,1.000,0.6475444398995285,0.5408663979386727,3473716271416098.5,0.22098813019151414,0.13073142791508932
16,0.980,0.6809526728346607,0.5880985399173914,3701523565876900.5,0.20464274017681688,0.11371222057625475
16,0.960,0.765619128686679,0.6838979873381412,4216643652911136.0,0.18546847789334578,0.04824558114831425
16,0.940,0.8417183308333738,0.7718864082384208,4659996485323446.0,0.1558241733630454,0.0018212657877774276
16,0.920,0.850933646136148,0.7958120234090356,4702216980794113.0,0.11216863955229806,0.036248902584904624
16,0.900,0.8195305302779053,0.7774485793162091,4493849518859619.0,0.0697778503225648,0.10984155641253733
16,0.880,0.8150440081054484,0.7806680980548493,4412182281814712.0,0.03981959035782968,0.14374551290126775
16,0.860,0.859371552921609,0.8274084650732147,4570068953997027.0,0.022805165423613633,0.11555869806628516
16,0.840,0.9330061329952827,0.8999038423854241,4854893797823236.0,0.016067885629715707,0.04777973700860741
16,0.820,0.9778275581768183,0.9430067749051473,4966300646948942.0,0.01621199391390428,0.0024662785509894786
16,0.800,0.9426174575976674,0.9079819388038073,4665213660150285.0,0.021106490770780945,0.033173236270357724
16,0.780,0.8728362835477248,0.8390862890381013,4203446934475216.5,0.030041812322360834,0.09467958822465948
16,0.760,0.8396223856013386,0.8056886783892917,3932649080599391.5,0.0406554743460129,0.11774689191346543
16,0.740,0.8549417009108286,0.8199515245463083,3896944666832139.0,0.04814283065358641,0.09514933294045232
16,0.720,0.8837622093063946,0.8479373699886045,3921034052693583.5,0.049001484940358685,0.06549921669858697
16,0.700,0.9149411176183448,0.8770997539302767,3943223296818092.5,0.051433163682455776,0.03190581105312303
16,0.680,0.9129442061708356,0.8729879469221044,3812602269841432.0,0.06302055203315239,0.022649097508426464
16,0.660,0.8903220398306771,0.8492242340849435,3599736041718588.0,0.08074024116629365,0.028074533819444625
16,0.640,0.8851395390284418,0.842656535009744,3463657246857897.0,0.10219054422685168,0.012346589408387346
16,0.620,0.7837134761390664,0.7439333821208683,2962307092077568.5,0.0952633175225268,0.12094552127770263
16,0.600,0.7791440631720616,0.7366212125505435,2838571338495922.5,0.074040464086586,0.14636668546529755
16,0.580,0.9064408622463501,0.8545255438517025,3183152054651869.0,0.059855461561451426,0.03247173733220063
16,0.560,0.9319411065322721,0.8785791010882018,3159899260246645.0,0.03770835996323474,0.02827140261794399
16,0.540,0.9390778885207388,0.887926188070036,3079462832037765.5,0.009441490638814186,0.047741388875133024
16,0.520,0.9073235918574619,0.8444356672667162,2820163284201975.0,0.0006372396827524631,0.08543064855845675
16,0.500,0.9643222527007811,0.8706803123244078,2795973626435083.0,0.001064216630428975,0.028149169995554744
16,0.480,0.7378366231191378,0.657048676380882,2025550727016003.0,0.010087855633437512,0.24948093025655926
16,0.460,0.8528238368854143,0.7486885626713091,2211889220797735.8,0.06048333084071109,0.08552791066932836
16,0.440,0.8300175413695803,0.7162341984410885,2024007288030296.0,0.059286660497936725,0.10939345121627447
16,0.420,0.7235082906921183,0.6115439424251423,1649610076842293.8,0.048935019129884884,0.22648715095736432
16,0.400,0.948561797907822,0.7787126805533955,2000513930616253.0,0.044385987815292544,0.005598363292018801
16,0.380,0.8429973396792262,0.6315704669817244,1541380115502448.8,0.055712061266245005,0.10101692174531837
16,0.360,0.8494735741153521,0.5469988966337861,1264716815415101.8,0.08295320231799067,0.06840964507568553
16,0.340,0.8623858804079781,0.49916647212961446,1090005441300736.6,0.09417216012465292,0.044688954376843136
16,0.320,0.8258407759958984,0.41963526743330587,862434856133710.5,0.07592020930938838,0.09952961917472404
16,0.300,0.8326644372920694,0.27514251524812855,530131120634422.5,0.03863544469607982,0.1306948654579983
17,1.200,0.44887175852609323,0.3468471727562987,2659367918363899.0,0.14950123764879097,0.40130871930172674
17,1.180,0.48344513148102086,0.3741099860843694,2820592382448257.0,0.16101113104825063,0.3551447397486749
17,1.160,0.5329750172064336,0.41345331664930973,3064386142722985.0,0.17728082098157233,0.2892432748912922
17,1.140,0.5957199553165072,0.46370923429205246,3377610890581577.0,0.19764831326160562,0.20600620441603226
17,1.120,0.6640171397567012,0.5191022623423177,3714753193448548.5,0.21946937895370985,0.11574761534066014
17,1.100,0.7221008174235142,0.5673844746110464,3987761292878301.5,0.23745821063694042,0.03954051309362421
17,1.080,0.7489185705475927,0.5951880716580279,4107116242360489.5,0.24831210080384955,0.0018134596825688594
17,1.060,0.7400027108350848,0.5953178427822067,4031937441227623.0,0.2468327129670752,0.012223076925050116
17,1.040,0.7067394855978488,0.5758002845553584,3826169759535341.5,0.2374452513732647,0.0549331534649236
17,1.020,0.6704103573509892,0.5530508362054137,3604327500899172.5,0.22690999739168458,0.1018723868857705
17,1.000,0.6483755428439212,0.5412619336840576,3458330582199358.5,0.22087488322225457,0.13001113648480514
17,0.980,0.6789722047809275,0.5861532346672169,3670255195367588.5,0.20372363822661074,0.1166107343651627
17,0.960,0.7625203921592809,0.6809628029085456,4176895817862785.5,0.18444277318785948,0.0523677051110717
17,0.940,0.8415216558949667,0.771603156017359,4634265053884158.0,0.155550591956282,0.002284919812050817
17,0.920,0.8547020160011704,0.7992800534353423,4698354940694574.0,0.1124753495399877,0.03216358069858222
17,0.900,0.8230915617256851,0.780787716449073,4489877604472051.5,0.06994364989527395,0.10610421723541519
17,0.880,0.8153164151002157,0.7808853022070036,4390651237968205.5,0.039739487724754115,0.14354672523919576
17,0.860,0.8562938377513213,0.8243872091092557,4529901060270371.0,0.022657703836924285,0.11878615272654934
17,0.840,0.9290616860229248,0.8960251080935985,4809041069309310.0,0.015942292735691962,0.05185662891251718
17,0.820,0.9772534099206877,0.9423693426860134,4937351219569043.0,0.01613287768634717,0.003114386116121468
17,0.800,0.9456619539874102,0.9108350873813921,4655740434715255.0,0.021075351340607694,0.030142576109238414
17,0.780,0.8751568303700392,0.841247826746368,4192543510278069.5,0.029982641683730674,0.09240466195199443
17,0.760,0.8387829821908542,0.8048167783746285,3908135694430808.0,0.04043986237153754,0.11879617949270516
17,0.740,0.8519732133117124,0.8170351082995903,3863060047605623.0,0.047771585203089544,0.09848594892747387
17,0.720,0.8806883825185101,0.844916560193428,3886917646207585.5,0.048605524488470025,0.06896442550674522
17,0.700,0.912998867145804,0.8751594958517868,3914211331553105.5,0.05106089587774271,0.034212208617537807
17,0.680,0.9131754954480681,0.8731207175703437,3793518676071875.5,0.06269562693681167,0.022729454784160715
17,0.660,0.8895467913290349,0.8483990634077391,3577693536599687.5,0.08021205062102091,0.029365258997639167
17,0.640,0.8869333403602678,0.844337863157359,3452671496320399.5,0.10177366231796696,0.010957057093324502
17,0.620,0.789167802741345,0.7492152770222356,2967955153017315.0,0.0953129630929732,0.11543607147993364
17,0.600,0.7755041536161483,0.7333231686571544,2811290190175520.0,0.0732208107407471,0.15082973425519303
17,0.580,0.9019244586145051,0.8503560827748277,3151286120466207.5,0.05916078160850327,0.03769202287473024
17,0.560,0.9332610292968171,0.8797804282140375,3147903016733973.0,0.03749313121416075,0.027162312221939374
17,0.540,0.9407507339830806,0.8894237463179934,3068749937030489.0,0.009370328654910914,0.04612610447385376
17,0.520,0.9020308506942138,0.8394098482131941,2788922360093668.0,0.0006245474108355448,0.09076677466684523
17,0.500,0.9709244670677014,0.8764057056310534,2799846493515889.5,0.0010505184310428918,0.021503986607711256
17,0.480,0.7376005613342111,0.6565885257305433,2013694327698041.2,0.009906217684260922,0.2498898703249283
17,0.460,0.8436300148517145,0.7407412045147581,2177124953293667.8,0.059131069270646174,0.09608853729511484
17,0.440,0.8415857376470162,0.7259194892508182,2040798626338752.0,0.059534023474967064,0.0975586282326161
17,0.420,0.7174130032382781,0.6059829927335414,1626180490387634.0,0.04806062481803434,0.23346181026668547
17,0.400,0.9450628160411265,0.7754227691131461,1981789673110859.8,0.04379286266492641,0.009690406508856941
17,0.380,0.8461861217378415,0.6336352813976033,1538444977179631.5,0.05540993754651661,0.0981282422505765
17,0.360,0.8443706390170647,0.5436729617225513,1250544804212111.8,0.08183939384657335,0.07461964193707002
17,0.340,0.8686205334372232,0.5024398662711924,1091495699246914.9,0.0942625534808266,0.03837267418111406
17,0.320,0.819857147331819,0.41638850405982514,851349194495919.2,0.07497128830074067,0.10645094950936898
17,0.300,0.8408303220107888,0.27774764446809186,532390944136771.8,0.038816479300852746,0.12237182708854875
18,1.200,0.44626576718851557,0.34475285381403553,2628803632914350.5,0.14805485632905824,0.4053660988378472
18,1.180,0.4791628265411258,0.3706776917766288,2779377181273538.5,0.15899550686852845,0.36144951510168266
18,1.160,0.5270973995765162,0.4087298904765845,3012752242974258.5,0.17471312201624367,0.2976975822908774
18,1.140,0.5887719968440942,0.45808313905564363,3318319417703966.5,0.19469920780437966,0.2159141351489391
18,1.120,0.6573125508020354,0.5135833215510858,3655089070689023.5,0.21657972859627542,0.12535311678032535
18,1.100,0.7176473424442578,0.5635507647581862,3939079617645488.0,0.23530696778080343,0.04615400436730666
18,1.080,0.7482729196226164,0.5943010842628527,4078489123046001.0,0.2474238177724919,0.0033507819153028636
18,1.060,0.7427302425575499,0.5971259707702976,4021988791237366.5,0.24711853137106,0.00920789432429355
18,1.040,0.7107511548701803,0.5786947201026726,3824299437392159.5,0.23824049472069384,0.05012181676547562
18,1.020,0.6735731814361082,0.5553115306835744,3599199281873097.0,0.22750059815427495,0.09811468112110255
18,1.000,0.6494577578973071,0.5418455804760516,3443059800365407.0,0.22082314833064795,0.1289779149037451
18,0.980,0.6770343671416379,0.5842287742822652,3638128621584631.0,0.20280154664427769,0.11946947706565585
18,0.960,0.7591834487128643,0.6778028084113311,4134696413245389.5,0.18334794640012486,0.05679719404927217
18,0.940,0.8410025550115593,0.7710150007601343,4605318930769533.0,0.1552065922590068,0.0031413472657726123
18,0.920,0.8585030818142718,0.802772475536518,4692986784125349.0,0.11277627603613215,0.028050878561413604
18,0.900,0.826939531844116,0.7843950003021055,4485866622179528.0,0.07012663217243503,0.10206203052679298
18,0.880,0.8157747520828428,0.781277216801596,4368746672544383.0,0.039664310320008576,0.1431564300623085
18,0.860,0.853144525646277,0.8212935762772496,4488134957367297.0,0.022505950382212876,0.12208941420655935
18,0.840,0.924778571268596,0.8918156749561935,4760180466078425.0,0.015808851643004006,0.05628090166674172
18,0.820,0.976362850084203,0.9414216296204024,4905316735332647.0,0.016045514704341818,0.004087927773682366
18,0.800,0.9488109608580046,0.9137833647194672,4645176976870875.0,0.021041325905035102,0.02700953615374861
18,0.780,0.8777978884179283,0.843712753564578,4181751746678890.5,0.029927164780452188,0.08980425558514896
18,0.760,0.838115534821554,0.8041059181026627,3883254740513558.0,0.04022475646182142,0.11967225646823117
18,0.740,0.8489019679579863,0.8140163217055086,3827664488867735.0,0.04738682449795101,0.10193867444413682
18,0.720,0.8773427496486366,0.8416309329711748,3850553977478302.0,0.048186131034423846,0.07272495424096373
18,0.700,0.9107495763937177,0.8729202420527294,3882769725993696.5,0.05066082875421117,0.03685347420036581
18,0.680,0.9133697110970396,0.8732120659417154,3773094400773030.5,0.06235270123731109,0.022864248834816324
18,0.660,0.8887536324857377,0.8475500878463685,3554498531185720.0,0.0796627521937414,0.03069426897548459
18,0.640,0.8884205075096578,0.8457214003842004,3439349613564256.0,0.10129107834245107,0.009939123634490501
18,0.620,0.7952205701145424,0.7550681860297662,2974725470037616.0,0.09539621659164386,0.10929392958935957
18,0.600,0.7721096291620264,0.7302623876969255,2784192206852485.5,0.07240464075830151,0.1550436571738608
18,0.580,0.896744238421256,0.8455660552012125,3116338061818710.5,0.05840660727004995,0.043636601242152476
18,0.560,0.9345276408310121,0.8809311105845142,3134721805804513.5,0.03726167416159762,0.026122891622076636
18,0.540,0.942619333288366,0.8911014268914402,3057665191386455.0,0.009296686363078805,0.04431639435772676
18,0.520,0.8966861962717043,0.8343313205144253,2756835935081511.5,0.0006115520682360703,0.09615515790056574
18,0.500,0.9770402777238993,0.8816750955939433,2801222514314666.0,0.0010352130012586396,0.015349198832672908
18,0.480,0.7381865839569666,0.6568416889258778,2003415257040166.8,0.009727603426735848,0.2494701279311803
18,0.460,0.8336808995851822,0.7321345273673834,2140019598230910.5,0.05770364429034841,0.1074805052480839
18,0.440,0.8537514666062053,0.7361060060284487,2058079126921078.0,0.05977579806264953,0.08513104814120968
18,0.420,0.7118949527742335,0.6008953784940446,1603678048720466.8,0.047208597579352383,0.23983596657115483
18,0.400,0.940107492003427,0.7709082138550495,1959438760071701.5,0.043113783174626275,0.01532666703512645
18,0.380,0.8500190494278623,0.6361459604262144,1536064317442476.2,0.05511796970529222,0.0945849826597469
18,0.360,0.8390205192725533,0.5401928508415109,1235720818310488.2,0.08067454233728899,0.08112767851541748
18,0.340,0.8749834327632084,0.5057447687932347,1092645664083946.8,0.09432252108224876,0.03195871641896482
18,0.320,0.8141706864826345,0.4133117266293217,840420690914496.6,0.0740350119031274,0.11306282285731059
18,0.300,0.850243221346145,0.28073247514705985,535159130939137.0,0.03903724021187801,0.11276501718163064
19,1.200,0.44373389795450746,0.34271358094412263,2598036995707249.0,0.14660726293366266,0.4093506400547944
19,1.180,0.4748585565911774,0.36722534214547775,2737457728772972.0,0.1569500548386089,0.3678062150870285
19,1.160,0.5210727954901607,0.40388849871549454,2959731029476708.5,0.17207610256314368,0.30636844343070313
19,1.140,0.5815063796641634,0.45220440135922924,3256659899676558.5,0.19162436464345228,0.22626591008612262
19,1.120,0.6500896184831877,0.5076509404097924,3591831773225149.5,0.21349556872476758,0.13567220339552005
19,1.100,0.7125524149651428,0.5591997883866462,3885907457668832.0,0.23291569689348737,0.05364994012016081
19,1.080,0.7471071133455146,0.5929809452057206,4045733426247232.0,0.2463268939022158,0.005617745706968858
19,1.060,0.7452893007765499,0.5987734185313901,4009600909432459.0,0.2473084047465193,0.006457507493687653
19,1.040,0.7149327388003119,0.5817005436658937,3821779083114191.0,0.23905511804608853,0.045121082427877976
19,1.020,0.6770512409030823,0.5578067195905704,3594319537802857.0,0.2281662529022379,0.09396635085770552
19,1.000,0.6508211287292055,0.5426415446845837,3428039444810077.5,0.22084266948229894,0.12759195125716047
19,0.980,0.6751739341702068,0.5823547655037746,3605342097455595.0,0.20188721392772999,0.12224290367331268
19,0.960,0.75562118869632,0.6744293020259625,4090161289378613.5,0.18218796581498714,0.061517200348479885
19,0.940,0.8401195215941007,0.7700835167643619,4572971043772011.0,0.15478534880489364,0.004438936422323055
19,0.920,0.8622873444364938,0.8062425334902057,4685827569311852.0,0.11306530044869527,0.023966460074073395
19,0.900,0.8310743323801326,0.7882700009151388,4481777362036368.5,0.07032694748500444,0.09771495124611561
19,0.880,0.8164456850038772,0.7818692232276833,4346598848655421.5,0.03959554351569102,0.14254643215069474
19,0.860,0.8499500462490016,0.8181530063883496,4444938454354300.5,0.02235083003667838,0.12544106989047468
19,0.840,0.9201542347808206,0.8872731959176919,4708357361736967.0,0.015667773424354024,0.06105492818843623
19,0.820,0.9751041418798764,0.9401138272568893,4869978713375911.0,0.015949317427796372,0.005439433987214976
19,0.800,0.9520281158532805,0.9167916535622253,4633331866119093.0,0.021003777719975445,0.02381124322215564
19,0.780,0.8807801290742892,0.846500806789612,4171139831896861.5,0.029876189500662793,0.08685683561182599
19,0.760,0.8376639834918101,0.8035982182697797,3858205249697470.5,0.040012571585290736,0.12032867755118323
19,0.740,0.845758046710643,0.8109240748940258,3790920561847177.5,0.04699090142225898,0.10547504012520842
19,0.720,0.8737237684886321,0.8380791103633877,3811977094205386.0,0.04774412218914814,0.07678156663069093
19,0.700,0.9081586986512971,0.8703489844419355,3848790191333605.0,0.05023206680004976,0.03986515333402979
19,0.680,0.913501463453344,0.8732376828625112,3751233960229350.5,0.061990940450537685,0.023079764342862227
19,0.660,0.8879631342774222,0.846696744199441,3530242958955055.5,0.07909544942200354,0.03203788336865155
19,0.640,0.8895331131311516,0.8467418830060329,3423448399570976.5,0.10073722774117803,0.009366310761047757
19,0.620,0.8018715380782423,0.7614913042622207,2982561503345678.0,0.0955122540921877,0.10252010525621495
19,0.600,0.7690607369242027,0.7275333054828194,2757635746512370.0,0.07160194300272063,0.1588981309773376
19,0.580,0.8908880756964347,0.8401437478751972,3078324250028564.5,0.05759405203052877,0.05031647555589795
19,0.560,0.9356782354914629,0.8819724154108698,3120152345451837.5,0.037011985533780684,0.025218003959306637
19,0.540,0.9446790610234997,0.8929548732337603,3046183362197966.5,0.009220636825255243,0.04231683622356427
19,0.520,0.8913823371805052,0.8292865312130794,2724210896318862.0,0.0005983502566427658,0.10150233190620993
19,0.500,0.9824044800845017,0.8862494587747067,2799360030927231.0,0.0010181172953921316,0.009951996889271161
19,0.480,0.7397400975360895,0.6579360859984208,1995068053650805.0,0.009553738649096961,0.24807400817547254
19,0.460,0.8230823285134798,0.722959943754597,2100897369733338.8,0.05621244430569586,0.1195863935495392
19,0.440,0.8662715929336301,0.7465857231242842,2075224697525661.5,0.05999314700932969,0.0723731049308354
19,0.420,0.7071621125323684,0.5964571456875314,1582564088366205.8,0.04639259645162,0.2453876968451056
19,0.400,0.9335275316278433,0.7650325767114561,1933181766284371.8,0.04234418700710737,0.022680292916042333
19,0.380,0.8545427368949035,0.6391334452830081,1534291613511447.8,0.054838219861298894,0.09033844428855106
19,0.360,0.8335133527928175,0.5366167221091592,1220392339907349.5,0.07946880399841376,0.08783358496704834
19,0.340,0.881293175193624,0.5089737162996995,1093218677410293.9,0.09433196460087606,0.02564829782085231
19,0.320,0.8089492173993513,0.4104935242557277,829829861290507.1,0.07312696833519806,0.11918208909114604
19,0.300,0.8609064860208351,0.28409219367751853,538410257431671.3,0.039296229812910206,0.10187253820710417
20,1.200,0.44131205543369684,0.34075729825866435,2567290025638377.0,0.1451705778921996,0.41321428835238766
20,1.180,0.47057064898302997,0.36378295193447513,2695087509375159.5,0.15488841050783966,0.3741628376331399
20,1.160,0.5149411214170858,0.39896071926985066,2905605498172848.0,0.1693846421385608,0.31520101370312364
20,1.140,0.5739582378577053,0.44610134830293513,3192911701042912.0,0.1884377745489349,0.2370123532486259
20,1.120,0.6423614349503718,0.5013167365502241,3525159303725534.0,0.210224119191042,0.1466845327724801
20,1.100,0.7067828806035791,0.5543070607548896,3828173539344109.5,0.23027635789665946,0.06206954446460401
20,1.080,0.745341015798491,0.5911651266159783,4008492574450892.5,0.244996636451324,0.008719279461828528
20,1.060,0.747597458340491,0.6001940615376192,3994349667729042.5,0.24737513946572826,0.00408164924411857
20,1.040,0.7192436110652919,0.5847839239820647,3818363638331939.5,0.23987463427298708,0.03998612613947942
20,1.020,0.6808482224868572,0.5605383359941586,3589665763253461.5,0.22890715459384553,0.0894235230636988
20,1.000,0.6524948498598353,0.5436732053034933,3413394235709554.0,0.22094275532841937,0.12581471914936643
20,0.980,0.6734279757719226,0.5805627227560404,3572101113963741.5,0.20099198112554517,0.12488257818996248
20,0.960,0.7518519967373268,0.6708584875302002,4043436926991394.5,0.18096811974340654,0.06650405752569281
20,0.940,0.8388342693950858,0.7687732575925207,4537061252255315.0,0.15428071298090362,0.006222178782726314
20,0.920,0.865999637669263,0.8096381622773041,4676568704205854.0,0.11333563293577496,0.019972334891414836
20,0.900,0.8354919313651752,0.7924085419832428,4477547267058060.5,0.07054442413310612,0.09306718444953138
20,0.880,0.817356119947509,0.7826869147506326,4324334360899183.0,0.0395346761416551,0.14168829150312162
20,0.860,0.8467394362767564,0.8149934409032336,4400490482365865.5,0.022193332715834742,0.12881102791825663
20,0.840,0.9151902507199275,0.8823993164446606,4653641998925632.0,0.015519348161206445,0.06617686137619018
20,0.820,0.9734240943593199,0.9383947578908617,4831121352772324.0,0.015843703275128972,0.007222892606120783
20,0.800,0.9552685912545739,0.9198166974657601,4619976827861301.0,0.020961911919229193,0.020593477493033804
20,0.780,0.8841208903412757,0.8496285044224385,4160755521397273.0,0.02983040030738628,0.08354433400466711
20,0.760,0.8374748274551425,0.8033382355277678,3833191809991963.5,0.039805807727549616,0.12071634547805442
20,0.740,0.8425771807862791,0.8077926892875752,3753013782820611.0,0.04658646473575045,0.1090566189840877
20,0.720,0.869834657188702,0.8342642940240045,3771244363784554.5,0.04728060295725339,0.08112997100853134
20,0.700,0.9051915045639128,0.8674125714178386,3812170122904599.5,0.04977378470156178,0.04328290880745544
20,0.680,0.9135384331537462,0.8731666602837661,3727816951152784.5,0.06160911357601957,0.02340962673044582
20,0.660,0.8871987437761705,0.8458612163186764,3505028626399306.0,0.0785134848573122,0.03336930419716113
20,0.640,0.8902076103438697,0.8473382423591503,3404750582019713.0,0.10010737509337071,0.009306936381595087
20,0.620,0.8091034447268249,0.7684676048317264,2991339977004523.5,0.09565821937585753,0.09513466103345389
20,0.600,0.7664637135495199,0.725236084941213,2731990446891711.5,0.0708229657178578,0.1622765794094997
20,0.580,0.8843632754895324,0.8340957097214953,3037332954237414.0,0.05672560227487143,0.0577218167325043
20,0.560,0.9366366189026014,0.8828329154633068,3103952490192619.5,0.036741639379051796,0.024526453914751646
20,0.540,0.9469167300731075,0.8949716425656794,3034251364000940.0,0.009142175201402408,0.04014068226683698
20,0.520,0.8862242435391666,0.8243732899551296,2691384685596519.0,0.000585042628132759,0.1067024716112685
20,0.500,0.9867251187643555,0.8898660044833406,2793464401617630.5,0.0009990519667674954,0.005606517882283657
20,0.480,0.7424110275964577,0.6600032924487013,1989004934891607.5,0.009386221666702386,0.24554939597799336
20,0.460,0.8119691764306621,0.7133342008767926,2060152642803364.8,0.05467065469032677,0.1322579065083837
20,0.440,0.8788123736964515,0.757073185341076,2091409430377960.0,0.060161731955602614,0.05964344686665956
20,0.420,0.7034365257195728,0.5928557231610195,1563316200040693.5,0.04562646100545474,0.24988080251773104
20,0.400,0.9251897766519477,0.757688965739881,1902827744967494.5,0.0414816592336957,0.03188710380322675
20,0.380,0.8597918370244374,0.6426192902098411,1533154337261757.2,0.05457180716530258,0.08535283481893229
20,0.360,0.8279641778976254,0.5330183799888302,1204739658478425.0,0.07823443057981268,0.0946102226068045
20,0.340,0.8873259014549277,0.5119954561618781,1092933014513617.6,0.09426694896505636,0.019688860897547067
20,0.320,0.8043622367929072,0.40802293872494094,819753121394174.4,0.07226242304122209,0.12462424971551896
20,0.300,0.8727593312238748,0.2878002343224961,542076923024306.0,0.03958890899630885,0.08975950939663861
21,1.200,0.4390375760076611,0.3389130211426075,2536786649347235.0,0.1437571394500543,0.41690733964234705
21,1.180,0.46633912752677953,0.36038180188482527,2652523878437932.0,0.1528245510707636,0.3804653421525214
21,1.160,0.5087451034001463,0.39398025750272836,2850669646263419.0,0.16665437721669024,0.32413688005224683
21,1.140,0.566168027146861,0.4398064125139404,3127381415476938.0,0.18515510143704206,0.24809728843366166
21,1.120,0.6341498030861544,0.494599164521022,3455300663568952.0,0.20677555102375544,0.15835808965082968
21,1.100,0.7003145122600294,0.5488552697672725,3765866897262094.5,0.22738415703318812,0.07144185464787843
21,1.080,0.7428954501860915,0.5887921488374158,3966433781853606.0,0.2434091511916553,0.01275855024216179
21,1.060,0.7495630119529262,0.6013145796413426,3975777226710998.5,0.24728883807583496,0.0022020428224335765
21,1.040,0.7236320921529403,0.5879021268121177,3813755202459390.0,0.24068096791124363,0.03478677905790796
21,1.020,0.6849615065447365,0.5635030553559675,3585179375649044.0,0.22972128122871097,0.08449085412605974
21,1.000,0.6545064538547483,0.544962430945726,3399233561849547.5,0.22113199483196094,0.12361007581377617
21,0.980,0.6718354565748575,0.5788857101683239,3538615270126291.0,0.20012764402050975,0.12733771264054577
21,0.960,0.7478998825062393,0.6671115844964959,3994699891954868.0,0.17969502919778627,0.07172713632740249
21,0.940,0.837113037196386,0.7670529577443064,4497463474621940.0,0.15368744662295977,0.008530129643542177
21,0.920,0.8695793511011695,0.812902203098523,4664881009797908.0,0.11357985086095916,0.016136597444740587
21,0.900,0.840183649864343,0.7968020153458892,4473087315783362.0,0.07077851152170289,0.08812796644816687
21,0.880,0.8185328650975309,0.7837557714020903,4302073902014660.0,0.03948318284379096,0.14055367952712364
21,0.860,0.843544297076988,0.811845280039735,4354979989372778.5,0.02203450952718094,0.13216656328319534
21,0.840,0.9098928980739219,0.8772002290654253,4596131702690796.0,0.015363952132284437,0.07164004801841281
21,0.820,0.9712691133443321,0.9362128916895858,4788537710929297.0,0.01572811251442257,0.009492676416980435
21,0.800,0.9584782538077448,0.9228062986399378,4604844610633991.0,0.020914763715007167,0.017411527767059967
21,0.780,0.8878329054395159,0.8531079243411643,4150620447264365.5,0.029790318158510357,0.07985346340428179
21,0.760,0.8375966471446448,0.8033725007945585,3808421398146388.5,0.039607020437132656,0.12078401935987305
21,0.740,0.8394009867305997,0.8046621197618083,3714152394387075.5,0.046176459034292835,0.11263878938685193
21,0.720,0.8656843628586378,0.830195192370398,3728439951803406.0,0.04679700706597223,0.0857598079694937
21,0.700,0.9018142501175438,0.8640788298789852,3772817930692541.5,0.049285290278564126,0.047141287595469115
21,0.680,0.9134405126491317,0.8729606784523042,3702695830297656.5,0.06120555026928312,0.023895705639473876
21,0.660,0.8864858678681298,0.8450675612792999,3478962994730254.5,0.07792034151507037,0.03465963135671701
21,0.640,0.890388150110659,0.8474567744722322,3383077698039311.5,0.09939797273486999,0.009820437658952052
21,0.620,0.8168782617502388,0.7759602673058285,3000859179962907.5,0.09582887230475608,0.08718081005465865
21,0.600,0.7644294019236066,0.7234753186114555,2707630593829440.0,0.070078040926348,0.16505773271673801
21,0.580,0.8771995724225725,0.8274495886635741,2993532520090889.5,0.055805252652068295,0.06581882604556483
21,0.560,0.9373129723270621,0.8834283605484555,3085842859616239.5,0.036447811099918626,0.024141099466926046
21,0.540,0.9493085507922303,0.8971292825516765,3021782729295225.5,0.009061203806066438,0.0378119235489371
21,0.520,0.8813281120001479,0.8196997923989761,2658720053172665.0,0.0005717320480946429,0.11163843655513264
21,0.500,0.989693387599605,0.8922471772907237,2782720769621462.0,0.0009778552464561217,0.0026238688411201645
21,0.480,0.7463517718106867,0.663176674057065,1985568718764063.8,0.009226483277671796,0.24174184875587207
21,0.460,0.8005017534194053,0.7033962513034894,2018237742843830.8,0.0530928202512323,0.1453199189849112
21,0.440,0.890941114043184,0.767198494240892,2105595097458876.5,0.06025161496922497,0.04740543138305532
21,0.420,0.7009524161846215,0.5902882520372756,1546421477685286.8,0.04492397374719943,0.253066938854605
21,0.400,0.9150113769261672,0.748812455056545,1868303783320916.5,0.04052653196888931,0.043029795005433476
21,0.380,0.8657843429594625,0.6466121670577435,1532646195189006.8,0.05431865168992261,0.07961022434962164
21,0.360,0.8225132853743233,0.5294874353207976,1188974668831371.0,0.07698565352279951,0.10130324778595894
21,0.340,0.8928188333602709,0.5146573170928831,1091469266067355.5,0.09410034004502275,0.014369904136712358
21,0.320,0.8005751800872276,0.40598651890499454,810356338627099.8,0.07145575447512087,0.12920974710945277
21,0.300,0.8856523206046165,0.2918003032572954,546036200588398.06,0.039906693259626196,0.07658352652722768
22,1.200,0.4369491468469867,0.3372107689658642,2506751288572882.5,0.14237943927688063,0.4203785859480882
22,1.180,0.46220552097216067,0.3570542829209218,2610025914766107.0,0.1507726928154413,0.38665794396423114
22,1.160,0.5025299658613347,0.38898269240519945,2795225390129985.0,0.16390155267761608,0.3331145212541569
22,1.140,0.5581812403186152,0.4333558902443533,3060399487334036.0,0.1817935314267659,0.25945797533755316
22,1.120,0.6254855570854225,0.48752373727905457,3382535428380679.5,0.20316302741760942,0.1706488243002174
22,1.100,0.6931337899450711,0.5428356500321193,3699044977892763.0,0.22423808731557435,0.08178139868548269
22,1.080,0.7396947608508151,0.5858036278820573,3919262730525078.5,0.2415422131160502,0.017833527521460876
22,1.060,0.7510857984753391,0.6020551672388794,3953399642677799.0,0.24701725213645195,0.0009512313042835307
22,1.040,0.7280342111935832,0.5910025609071977,3807599554311488.0,0.24145211153333507,0.029609110820324813
22,1.020,0.6893806597409446,0.5666910771483694,3580759159583651.5,0.23060391451213147,0.07918352030570525
22,1.000,0.6568808520713503,0.5465287781622526,3385646419057757.5,0.22141792763157822,0.12094555211927992
22,0.980,0.670436734648188,0.5773578968082738,3505094660098697.5,0.19930628621904412,0.12955583566300105
22,0.960,0.743794438600771,0.66321478225587,3944155200307452.0,0.1783766175275272,0.07714891688140342
22,0.940,0.8349278998349876,0.7648967387902704,4454092460678243.5,0.15300145291118425,0.011394864905176503
22,0.920,0.8729608938904769,0.8159728447536276,4650419151291003.0,0.11378996814509611,0.012532893931021026
22,0.900,0.845135409354777,0.8014366682418186,4468279009117527.5,0.07102822195419015,0.08291237678078192
22,0.880,0.8200022454376005,0.7851007896591697,4279929857895748.5,0.039442504625446004,0.13911478441836184
22,0.860,0.8403987053679178,0.8087412946324428,4308604546860800.0,0.021875467849576984,0.13547241203641064
22,0.840,0.9042736830062301,0.871687174809404,4535952599529785.0,0.015202053672042061,0.07743249853084916
22,0.820,0.9685864814881566,0.9335175840871877,4742036806519683.0,0.015602029117906386,0.012302237702185631
22,0.800,0.9615929709191822,0.9256986579623692,4587627911555533.0,0.020861190677785597,0.014330895866193101
22,0.780,0.891922836088276,0.8569452968515625,4140723847312175.5,0.029756255902960296,0.07577723279741191
22,0.760,0.8380794722422132,0.8037489101126027,3784099563166450.0,0.03941878511743425,0.12047898354777793
22,0.740,0.8362770710293332,0.801578050265099,3674566414973918.5,0.04576411683540131,0.11617063749783897
22,0.720,0.8612885151436083,0.8258869322476735,3683677964336188.0,0.04629513504215348,0.09065365620005532
22,0.700,0.8979956060721789,0.8603179368197449,3730659245954910.5,0.048766098646748315,0.051472214450790706
22,0.680,0.9131591160716206,0.8725733552219422,3675694642240462.0,0.06077811231265163,0.024588835618467617
22,0.660,0.885850583286842,0.8443404795946272,3452153605414017.5,0.07731951483153815,0.035879281735134515
22,0.640,0.8900300864205978,0.8470544874789208,3358303072769180.0,0.09860701847500829,0.010953506661923306
22,0.620,0.8251333703033762,0.7839090289230415,3010827827676614.5,0.09601625691951317,0.07872907390362108
22,0.600,0.7630715833937058,0.7223584593175137,2684927596261022.5,0.06937738928082145,0.16711749124114225
22,0.580,0.8694514267808827,0.8202563108893262,2947176457177441.5,0.05483858104750566,0.07454736161456184
22,0.560,0.9376045929185814,0.8836623735140323,3065511539828145.0,0.03612733721471635,0.024168050046178932
22,0.540,0.9518179619380641,0.8993932886831104,3008652070971632.0,0.00897751775038508,0.03536748268063791
22,0.520,0.8768198522110769,0.815383198597641,2626598350781900.0,0.0005585215318686455,0.1161832965097272
22,0.500,0.9909981287964192,0.8931137905001406,2766338779803656.0,0.0009543995271096809,0.0013175159408597371
22,0.480,0.7517143231702896,0.6675887876851239,1985083760994472.8,0.009075741984552738,0.23649752699049756
22,0.460,0.7888609441788031,0.6933030191097013,1975647632421587.0,0.05149433103026814,0.15857585843534053
22,0.440,0.9021257082022005,0.7765070714806339,2116540859384380.5,0.06022777254165071,0.03622706903730507
22,0.420,0.6999539258471759,0.588959614778841,1532369049859123.5,0.04429860600473802,0.2546881349023891
22,0.400,0.9029743756485559,0.7383919488338458,1829681551874809.5,0.039482392227946105,0.056122820248561585
22,0.380,0.8725158049245801,0.6511035914173553,1532717982481208.8,0.05407717901400918,0.07311662587306425
22,0.360,0.8173252267618614,0.5261286008496896,1173337570605741.8,0.07573842872305961,0.10773235766301592
22,0.340,0.8974788774799416,0.516790524030428,1088483936033160.8,0.0938029734085366,0.01001322234455445
22,0.320,0.797744086138071,0.40446558722501014,801789049279396.1,0.07071994721351733,0.1327697984250749
22,0.300,0.8993182018465453,0.2959969974857672,550094275708214.8,0.04023580624573083,0.06262490166228105
23,1.200,0.4350867385522036,0.335681508587738,2477407521679558.0,0.1410500617766471,0.42357544366601496
23,1.180,0.4582126715702208,0.35383374084978,2567852292832531.0,0.14874718864879652,0.3926834085533274
23,1.160,0.4963430772122545,0.3840051898416395,2739579265747302.5,0.16114285922940008,0.3420698254555937
23,1.140,0.5500479787923512,0.42678958747999074,2992315995341854.5,0.17837157268201675,0.27102573891280723
23,1.120,0.6164086004921008,0.4801230237450067,3307191497294184.0,0.19940264322294307,0.1835006753209098
23,1.100,0.6852394766081763,0.5362491871499168,3627839954758208.0,0.2208413829588911,0.09308616336963799
23,1.080,0.7356697194645722,0.5821465843062812,3866739337156963.0,0.23937623079479847,0.024033108755294196
23,1.060,0.7520586369444935,0.6023307451259462,3926717739779017.0,0.24652634150728014,0.00047057400232917643
23,1.040,0.7323726615686789,0.5940219916264596,3799484265461035.5,0.24216186065469142,0.024556740070146365
23,1.020,0.6940857800248433,0.570084794538232,3576254495927241.5,0.23154712077437276,0.07352939380556124
23,1.000,0.659639212641722,0.5483885588041497,3372695808446943.5,0.2218066650106028,0.117793854940295
23,0.980,0.6692729582124773,0.5760140242195221,3471745813847192.0,0.19854008329069672,0.13148359219037198
23,0.960,0.7395706149551107,0.6591990283379833,3892033583760009.0,0.17702203511528,0.08272528942213696
23,0.940,0.8322580229180914,0.7622852621114512,4406909828921896.5,0.15221999291809357,0.014840008460136377
23,0.920,0.8760744318669835,0.8187843215578815,4632827531874994.0,0.11395753909344229,0.009239581253511825
23,0.900,0.850326965266331,0.8062928782134503,4462971574379777.0,0.07129207241548435,0.07744216412456388
23,0.880,0.8217896658574646,0.7867460628227312,4258003733117577.0,0.039414027442647465,0.13734477020030977
23,0.860,0.8373390758633026,0.8057164915179796,4261568676983283.0,0.021717365268433673,0.13869091487702997
23,0.840,0.8983497842848699,0.8658768697782595,4473260726643309.5,0.015034217360223923,0.08353643549123438
23,0.820,0.9653258576389231,0.9302605236574935,4691451506776451.0,0.015465004217267831,0.015702580008665208
23,0.800,0.9645381454405889,0.9284219362822407,4567979725612923.0,0.020799870699368915,0.011427766061208681
23,0.780,0.8963896047091275,0.8611394053646395,4131015771099035.5,0.029728269336209544,0.07131666930028059
23,0.760,0.8389739750232533,0.8045159482102736,3760425919403956.5,0.03924365451571635,0.11974789850224336
23,0.740,0.8332589822059663,0.7985918427049626,3634505889681626.0,0.04535294203491887,0.11959502116403503
23,0.720,0.8566703191361875,0.8213619112412636,3637105038328344.5,0.04577718661401913,0.09578610462897096
23,0.700,0.8937083340216303,0.8561040259272343,3685643854961184.0,0.04821601594428415,0.056303228627000955
23,0.680,0.9126367678382113,0.8719498628828304,3646609121114685.0,0.060324186121736074,0.02554923669560046
23,0.660,0.8853179538887725,0.8437037118126482,3424701175167687.0,0.07671435562686302,0.036999830637724135
23,0.640,0.8891034356167149,0.8461024033803817,3330363898906407.0,0.09773438432001337,0.012736300355167322
23,0.620,0.8337779172640645,0.7922267064779184,3020855527738812.0,0.09620942072491102,0.06988120942503644
23,0.600,0.7625050092113299,0.721993962658409,2664241592011405.5,0.06873090661198089,0.16833110814993052
23,0.580,0.8611993738829189,0.8125913718967401,2898604671061232.0,0.053832750050557106,0.08381958648525538
23,0.560,0.9373977610133813,0.8834282070581948,3042622526267769.0,0.035776817927533844,0.02472469227862106
23,0.540,0.9543934280975475,0.9017150321232619,2994689893930849.5,0.008890792225032824,0.03285943866197797
23,0.520,0.8728331017129027,0.8115477735260632,2595411482779909.5,0.0005455120204908117,0.12020233234501132
23,0.500,0.9903447801673883,0.8922021408980366,2743607951500741.0,0.0009286095326021941,0.0019841923793480066
23,0.480,0.7586461945692684,0.6733677252175875,1987844101784092.2,0.008934952350886274,0.22966733490339084
23,0.460,0.7772425592618087,0.6832244705349446,1932902874546092.8,0.049890875881423755,0.17181390807911964
23,0.440,0.9117464983368505,0.7844699795959359,2122842591454308.0,0.06005146754280853,0.026767771355941813
23,0.420,0.7006922586437807,0.589079984699651,1521641501454707.8,0.043763237420914154,0.25447993449956224
23,0.400,0.8891379793739181,0.7264800637900658,1787197217540840.0,0.038356420366145394,0.07109976165631578
23,0.380,0.8799522450421516,0.6560627216902022,1533266847529122.0,0.053843980498301934,0.0659094226022945
23,0.360,0.812586272399978,0.5230599884681759,1158091270954221.0,0.07451003237794063,0.11369423371928754
23,0.340,0.9009969791295704,0.5182188139495525,1083629652417071.4,0.09334538654605097,0.006956842006859881
23,0.320,0.7960110633503261,0.4035339149626445,794179745268832.5,0.07006617863975197,0.13515133591095543
23,0.300,0.9133401842361905,0.30024576477964815,553970874912754.0,0.04055610415560105,0.048319484433046615
24,1.200,0.4334915558786791,0.3343571120985699,2448976844829805.5,0.13978162849080306,0.4264440586324572
24,1.180,0.4544045532339525,0.3507543289950378,2526259236615567.0,0.14676242904171108,0.39848333279575016
24,1.160,0.49023356843999055,0.3790861956510282,2684039028011735.0,0.15839526291786968,0.3509366426657697
24,1.140,0.5418223980388459,0.42015036849302007,2923495754170295.5,0.17490881358920427,0.2827267666725838
24,1.120,0.6069676445466012,0.4724364101873852,3229641008119233.0,0.19551325972762762,0.19684599722926285
24,1.100,0.6766438775212883,0.5291075643800254,3552462669838160.5,0.21720185151721566,0.10533600152207497
24,1.080,0.7307606658463695,0.5777759237587449,3808693839093103.5,0.23689526327929825,0.03143295758885951
24,1.060,0.7523694851909376,0.6020527414556098,3895231475645059.0,0.2457810634931868,0.0009072975043347422
24,1.040,0.7365560824082407,0.596886029099408,3788939061033451.0,0.24277967033382164,0.01975169690296311
24,1.020,0.6990457229010673,0.5736573778037947,3571458619038278.0,0.23253920595729946,0.06757136359704216
24,1.000,0.6627976601236887,0.550553765029756,3360412598796111.0,0.22230245782414895,0.11413460112202879
24,0.980,0.6683853586179097,0.5748887854112783,3438767232755690.5,0.19784107813262966,0.13306767578194598
24,0.960,0.7352683067529766,0.655099648973615,3838587697622068.0,0.17564153914962566,0.08840608661309583
24,0.940,0.8290907919738231,0.7592067643803911,4355928975290136.0,0.15134187519097056,0.018879412090612602
24,0.920,0.8788469210600988,0.8212678892012989,4611747673313628.0,0.11407379897358909,0.006338552481250673
24,0.900,0.8557311478719243,0.8113444359175779,4456979524689792.5,0.07156802810169031,0.07174656317941948
24,0.880,0.8239191178380387,0.7887143075400129,4236383409844026.5,0.03939905869964557,0.1352182944210555
24,0.860,0.8344039752917908,0.8028079320080933,4214081915377277.5,0.021561402420882465,0.14178221057024543
24,0.840,0.8921443999902584,0.8597918358297212,4408242429399757.5,0.014861106240257193,0.08992794315510926
24,0.820,0.96144096892459,0.926397364501498,4636646972153858.0,0.01531668153798436,0.01974053440247028
24,0.800,0.9672285754190891,0.9308941296528258,4545515530184959.0,0.020729307428296408,0.008789141020331053
24,0.780,0.9012225296064822,0.8656797994064358,4121399873357203.0,0.02970610442334554,0.06648274149362443
24,0.760,0.8403304655572987,0.805721722516474,3737588906988061.5,0.039084108798015375,0.11853785777419285
24,0.740,0.8304059922103038,0.7957603217828929,3594238299305059.0,0.04494668422840432,0.1228488140016331
24,0.720,0.8518613375584708,0.8166505425772279,3588902158898413.0,0.045245784942926845,0.10112294356835712
24,0.700,0.8889311708466759,0.8514169921483292,3637753110203122.5,0.0476352297429236,0.061655504875896446
24,0.680,0.9118070984926391,0.871026935026558,3615208630192820.0,0.05984070369904771,0.026846498672167145
24,0.660,0.8849099529408976,0.8431780600118085,3396691467522237.0,0.07610788619238,0.03799627571563488
24,0.640,0.887596009820299,0.8445885466024988,3299271298771453.0,0.09678208503043552,0.015179036215541149
24,0.620,0.8426897262735111,0.8007962461706043,3030446250102440.5,0.09639422720825355,0.060773488054518945
24,0.600,0.7628430950190839,0.7224891061231571,2645912151280604.0,0.06814793184066716,0.1685757278346473
24,0.580,0.852550243881202,0.8045550660877586,2848240350529691.0,0.052796427282224334,0.09351982897877098
24,0.560,0.9365709613786435,0.8826117747759795,3016828424522550.5,0.035392767636212824,0.02593631075663931
24,0.540,0.9569663455977472,0.9040297922966973,2979678244359288.5,0.00880057280628083,0.030357139942206166
24,0.520,0.8695067753005223,0.8083225961015899,2565552642358130.0,0.0005328000602529185,0.12355550606347496
24,0.500,0.9874778367703505,0.8892842490311077,2713960183519548.0,0.0009004802765867627,0.0048812659886966125
24,0.480,0.7672846448707116,0.6806319636390207,1994097757743052.0,0.008804743785657689,0.22111277593825104
24,0.460,0.7658514463178152,0.6733384667492168,1890532400093715.5,0.04829791027020056,0.18481343585186225
24,0.440,0.9191247133367808,0.7905084232218453,2123010028767029.8,0.05968267294465107,0.01974743997903693
24,0.420,0.7034217895582374,0.5908615323102582,1514704355221440.5,0.04332982722143923,0.25217562233885105
24,0.400,0.8736467478222688,0.7131995845554427,1741261269381548.0,0.03715948940566002,0.08780502443101751
24,0.380,0.8880215791232873,0.6614301061929203,1534123853539300.0,0.05361342768525854,0.05806633484167019
24,0.360,0.8085001762557211,0.5204103138268331,1143513413284420.2,0.0733185072829602,0.11896732656457629
24,0.340,0.9030681099361394,0.5187702343438617,1076581304704368.4,0.09270005412206889,0.0055328287428540275
24,0.320,0.7955008452100071,0.40325594361231304,787632490501479.1,0.06950352295544387,0.1362207423389159
24,0.300,0.9271225621920679,0.3043438793170207,557286720054373.8,0.04084010471841315,0.03428893962761059
25,1.200,0.4322060102876368,0.3332703316696564,2421677551818654.5,0.13858674865856796,0.42892938318696194
25,1.180,0.4508261087026029,0.34785087606174014,2485498612563523.0,0.14483274956325093,0.403998400565051
25,1.160,0.48425194244666986,0.37426512257470423,2628910269888654.5,0.15567583321768255,0.35964734790793546
25,1.140,0.5335620519754234,0.4134836270077158,2854312929461689.0,0.1714256492294976,0.29448303882150473
25,1.120,0.5972196476407439,0.46450962740969615,3150294525833382.5,0.19151623792381928,0.2106063888216017
25,1.100,0.6673736786344434,0.5214337707428449,3473203710598450.5,0.2133320514543024,0.11849161546704441
25,1.080,0.7249207277966875,0.5726569634587096,3745042217582343.5,0.2340880341788166,0.04009126590909774
25,1.060,0.7519043653026833,0.6011314804604699,3858457789374853.5,0.24474640233635298,0.002410536568011477
25,1.040,0.7404788252138883,0.5995090187963054,3775439162467824.0,0.2432706843805392,0.015334626905781162
25,1.020,0.7042162606805868,0.5773713157315103,3566102254770726.0,0.2335641639546106,0.061369729956589986
25,1.000,0.6663657840091564,0.5530308431283371,3348788883480979.5,0.2229072089124372,0.10995629833611371
25,0.980,0.6678144371406689,0.5740161139475068,3406344563069287.5,0.1972209275693258,0.13425589605060562
25,0.960,0.7309317606368374,0.6509558063313018,3784087363602677.0,0.17424633042217325,0.09413584073846294
25,0.940,0.8254227448365021,0.7556579102206722,4301218477143348.0,0.15036760566483431,0.023516071846873737
25,0.920,0.8812034467693313,0.8233530867689149,4586827014331122.0,0.1141298417382855,0.0039137192743459
25,0.900,0.8613131381811642,0.8165578622350952,4450080738125453.0,0.07185344993280084,0.0658630726061727
25,0.880,0.8264126244014285,0.7910263314659172,4215140244122675.5,0.03939880146678231,0.13271209001489018
25,0.860,0.8316338879268395,0.8000545036029879,4166356630152072.5,0.021408814821940868,0.14470447901138234
25,0.840,0.8856869758439697,0.8534606164543677,4341113966286850.5,0.014683481823821936,0.09657673792752956
25,0.820,0.9568914499921505,0.9218894988844578,4577529340538921.0,0.015156823915482441,0.024456886817643797
25,0.800,0.9695687461442379,0.9330233615384933,4519817728029444.0,0.020647845061803782,0.006512534674339206
25,0.780,0.9063992818721438,0.8705448383005844,4111725977621564.5,0.029689141656749827,0.0612984645602987
25,0.760,0.8421976623358889,0.8074127825390677,3715759777143313.5,0.03894249751768003,0.11679767830614728
25,0.740,0.8277826922195519,0.7931453816809931,3554045109633241.5,0.04454930364590615,0.125863344871832
25,0.720,0.8469021109039262,0.8117918434206908,3539285493753468.0,0.0447039903096079,0.10662052865075572
25,0.700,0.8836508569893688,0.8462444319774862,3587007464788669.0,0.04702440199165604,0.06754172753200297
25,0.680,0.9105953881090945,0.8697333970372664,3581240406553536.5,0.05932419960962555,0.028558980938834758
25,0.660,0.8846430094783517,0.8427790531095416,3368186142187883.5,0.07550259347789728,0.038849700428283174
25,0.640,0.8855159218746369,0.8425203304765786,3265117237479724.5,0.09575445540916601,0.018269307284712377
25,0.620,0.8517132615228469,0.8094687767135201,3038996551987168.5,0.09655331393339427,0.05157877731638895
25,0.600,0.7641952154407403,0.7239474242672908,2630247969061349.5,0.06763699384867514,0.16773334537664603
25,0.580,0.84363616023874,0.7962715671380435,2796582387999166.0,0.05173962401945718,0.10350574768898178
25,0.560,0.9349996169982122,0.8810961055374975,2987787630459291.0,0.0349718149455983,0.027931143331298435
25,0.540,0.9594492550010821,0.9062550813454835,2963347829596478.0,0.008706270511093413,0.02794900506319432
25,0.520,0.8669821411871804,0.8058388303855772,2537405930092174.0,0.0005204754410649157,0.12610040772662248
25,0.500,0.9822049894157681,0.8841895567228671,2677033474023061.0,0.0008700924438347462,0.010202418327619178
25,0.480,0.7777485586147599,0.6894831564463234,2004025829671717.0,0.008685346663164189,0.21071417670253123
25,0.460,0.7548959125282859,0.6638258798212878,1849057547306543.8,0.04673018048714522,0.19735105499251335
25,0.440,0.9235700686126467,0.7940346034871392,2115585208258543.0,0.059083589801752,0.01589526972520518
25,0.420,0.7083943865351485,0.5945136665444458,1511992194617269.2,0.043008999972844464,0.24751232576584223
25,0.400,0.8567332469007372,0.6987453111931894,1692455717132720.2,0.03590597931022653,0.10599136124491108
25,0.380,0.8966034613348057,0.6671103375019337,1535039952681354.8,0.05337724733851149,0.04971600407322671
25,0.360,0.805282165429732,0.5183149518285821,1129886069360123.0,0.07218196726819967,0.12331855640491281
25,0.340,0.9034156365903043,0.5182913446107635,1067066018167113.8,0.09184394588361557,0.006040397786677977
25,0.320,0.7963185457470723,0.4036855996617348,782224928170151.1,0.06903877881295356,0.13586626488861692
25,0.300,0.939872529595571,0.308025385348144,559559380331577.4,0.0410526128865973,0.021359266191780496
26,1.200,0.4312737169885337,0.3324547935319418,2395723743170145.0,0.13747797655606764,0.430975221942771
26,1.180,0.4475231144961301,0.3451587760109389,2445816211482236.5,0.1429723478162356,0.40916860111404924
26,1.160,0.478449692505388,0.3695820453651404,2574493179458588.5,0.15300157618748766,0.36813339016413493
26,1.140,0.525327167336928,0.4068367046378497,2785145388978528.0,0.1679429878748095,0.30621334844151155
26,1.120,0.5872289758441488,0.45639406078148,3069593726224654.0,0.18743508003794437,0.22469389253259264
26,1.100,0.6574702786186272,0.5132623054921186,3390431288782958.5,0.20924929064764908,0.13249422660184976
26,1.080,0.7181189239556384,0.5667678477730635,3675799821729512.0,0.23094887582319384,0.05004470309092258
26,1.060,0.7505510580084439,0.5994791734098455,3815951592638995.0,0.24338863051509044,0.005126373375301436
26,1.040,0.7440213862630943,0.601794478374874,3758412377504624.0,0.24359599329216527,0.011464099792319169
26,1.020,0.7095382560244818,0.5811769832976581,3559848124361487.0,0.23460114712066912,0.055004562475068595
26,1.000,0.6703449491282346,0.5558193124690647,3337770903245893.5,0.22361992973653394,0.10525858005542368
26,0.980,0.6675990418717084,0.5734283808230236,3374645449043766.0,0.19669061987522632,0.13499838523253693
26,0.960,0.7266088113598264,0.6468098038268343,3728813984916813.0,0.17284835087502734,0.09985474989708511
26,0.940,0.8212602397355093,0.7516443999732465,4242903667512580.5,0.14929948615813635,0.028741360258179298
26,0.920,0.883068858548328,0.8249692755046848,4557728944483674.0,0.11411683284094135,0.002049162927301729
26,0.900,0.8670298135510294,0.8218917927615963,4442015246607770.5,0.07214504879886628,0.059838156512213476
26,0.880,0.8292896176349769,0.7937004367137884,4194326005647335.5,0.03941432622228511,0.12980561723715892
26,0.860,0.8290709330555404,0.7974966454055153,4118605621160823.0,0.02126086375016903,0.1474142334343252
26,0.840,0.8790132990511791,0.8469178623815121,4272120269064931.0,0.014502201719828514,0.10344607612467518
26,0.820,0.9516447639848291,0.9167059067538967,4514054246909636.0,0.014985339729139863,0.029884423300335458
26,0.800,0.9714536666515454,0.9347086995211116,4490442746817676.5,0.02055369432780905,0.0047051075879253786
26,0.780,0.9118837036089273,0.8756996038916642,4101782687251731.0,0.02967633913675426,0.0558011459446957
26,0.760,0.844621208723495,0.8096326965250478,3695085760924237.5,0.038820972698757575,0.11447945453386829
26,0.740,0.8254583910631665,0.7908134035062565,3514217467061366.5,0.04416492667617399,0.1285650446128257
26,0.720,0.8418425667890093,0.806833819912494,3488506064758505.0,0.04415530120784446,0.11222536848398305
26,0.700,0.8778642171405232,0.8405836315658888,3533473679252700.5,0.04638475915837892,0.07396391458070041
26,0.680,0.9089197983303243,0.8679913542502535,3544436529307866.0,0.05877091093559645,0.03077247945505527
26,0.660,0.8845252244071274,0.8425143003336112,3339212891185540.5,0.07490020548474124,0.039550285294917234
26,0.640,0.8828931686754695,0.839926062041562,3228077278056811.0,0.09465820905310975,0.021970437247124365
26,0.620,0.8606592546163081,0.8180632483109995,3045800569542340.5,0.09666625616443354,0.042506754070836685
26,0.600,0.7666635041796248,0.7264656693715156,2617515353322939.0,0.06720553258228103,0.16569428648110732
26,0.580,0.8346123344532661,0.7878868741295713,2744193622322068.0,0.05067345926375838,0.11361077631641212
26,0.560,0.9325623722127312,0.8787672556969096,2955185755791881.5,0.03451094843920243,0.030833837778569243
26,0.540,0.9617346198976788,0.9082895055177715,2945377384743458.5,0.008607163644554184,0.025743748052639345
26,0.520,0.8653993882987,0.8042265266887542,2511334883286927.5,0.000508618830605189,0.12769571524194215
26,0.500,0.9744202727592561,0.8768256712030468,2632728970463280.0,0.0008376225705169054,0.018054322933742234
26,0.480,0.790127186546276,0.6999961777025927,2017714884161324.0,0.00857650274693329,0.19838207863077095
26,0.460,0.7445829422437631,0.6548663950267908,1808978595934589.5,0.04520133703288291,0.20920579884443766
26,0.440,0.9244464750015016,0.7945079822853541,2099296748274019.2,0.05822303892919455,0.0158795402326169
26,0.420,0.7158507798681333,0.6002358464405823,1513889268191523.2,0.04280948988650118,0.2402402155061919
26,0.400,0.8387143699957169,0.6833806721154684,1641517717759820.5,0.0346132977798542,0.12532403130708342
26,0.380,0.9055177107189336,0.6729637581946307,1535670935225198.2,0.053124078853750055,0.041050013572110564
26,0.360,0.8031511138096828,0.5169108125011249,1117483216398260.6,0.07111777365974159,0.1265119557921797
26,0.340,0.9018175512795092,0.5166623151456087,1054893446894220.6,0.090761105304928,0.008717145166293575
26,0.320,0.7985484752539512,0.4048656246732841,778007483478606.5,0.06867640413795256,0.13399926336311438
26,0.300,0.9506063934606622,0.31096433884287517,560215000910720.1,0.04115149484950373,0.010553830209464553
27,1.200,0.4307395176754473,0.33194501195746895,2371324464837896.5,0.13646777567985388,0.4325242449954138
27,1.180,0.4445420813502783,0.34271390583606487,2407450258545983.0,0.14119521206344304,0.413933400245093
27,1.160,0.4728789477370101,0.36507741799703897,2521079543143065.0,0.15038927877761862,0.3763258031006951
27,1.140,0.5171798828511961,0.4002582841105326,2716369024435307.0,0.16448195021160672,0.31783436415472455
27,1.120,0.5770663229859866,0.4481458745966281,2988002898376932.5,0.18329499521334014,0.23901251035099025
27,1.100,0.646989559402066,0.5046389381457093,3304585796117915.0,0.20497543246407463,0.1472659996666503
27,1.080,0.7103429262364417,0.5601016755971052,3601091995559979.5,0.2274785296211841,0.06130485007129246
27,1.060,0.7482034925941162,0.5970134470343926,3767329161708477.5,0.24167676855824785,0.009191981958809586
27,1.040,0.7470516947638043,0.6036362305487619,3737250654454929.0,0.24371317785069083,0.008314775506952138
27,1.020,0.7149359677030658,0.585011333426335,3552286949978915.0,0.23562399925457334,0.048577863155490196
27,1.000,0.6747264112852511,0.5589102346820332,3327251666709808.5,0.22443614463444647,0.10005468790362841
27,0.980,0.6677753293943199,0.5731554956106291,3343814105598704.5,0.19626016250683054,0.13524894992509598
27,0.960,0.7223499672569798,0.6427062564939997,3673054306775063.0,0.1714600470887117,0.10549982963066289
27,0.940,0.8166198012506517,0.7471812795442963,4181166139435095.0,0.1481416517458804,0.034534641992081706
27,0.920,0.8843696685658283,0.8260474233825686,4524143764107384.0,0.11402625217421092,0.0008269915274574012
27,0.900,0.8728292049967458,0.8272964696343168,4432484946563758.0,0.07243884980649516,0.053727824179805775
27,0.880,0.8325662429507976,0.796751753625086,4173969670649974.5,0.039446539908660046,0.12648179173825558
27,0.860,0.8267585347507767,0.7951760276431958,4071039525220847.0,0.021118826267505515,0.14986666133030968
27,0.840,0.8721654463758888,0.8402042761357158,4201532840029907.5,0.014318214824176594,0.11049281042084368
27,0.820,0.9456781210463532,0.9108250007167265,4446234703182025.0,0.014802307863207492,0.03604597904578034
27,0.800,0.9727703580302908,0.9358415992081837,4456931117052449.0,0.02044497123166216,0.0034821355016283117
27,0.780,0.9176235552352634,0.8810937477041031,4091290439421328.0,0.02966617676949479,0.05004470119410482
27,0.760,0.8476419028711809,0.8124203547365428,3675682384823401.0,0.038721412189463816,0.11154040960048131
27,0.740,0.8235063066520641,0.7888344745176686,3475051066074646.5,0.04379779211743723,0.13087630956187637
27,0.720,0.8367421763378063,0.8018336086668171,3436848124480025.5,0.04360364132955889,0.11787397983764508
27,0.700,0.8715801779152632,0.8344434918520929,3477271176531014.5,0.04571817332058717,0.08091131360342048
27,0.680,0.9066934182989056,0.865718156425525,3504523911150786.5,0.05817692548206391,0.03357803002584883
27,0.660,0.8845533352384892,0.8423806088660848,3309755293809991.0,0.07430145943556343,0.040100579468868434
27,0.640,0.8797800448219985,0.8368553288850082,3188408430601542.5,0.09350235892990678,0.02622114347695565
27,0.620,0.8693066737652653,0.8263683060077901,3050063847064418.5,0.09670999742864579,0.033801508597767954
27,0.600,0.7703390322184608,0.7301301758685056,2607925237893343.5,0.06685958747499803,0.1623613423166892
27,0.580,0.8256537856594538,0.7795657429819806,2691685585415932.5,0.049609863555796885,0.12364770516827289
27,0.560,0.9291487851699101,0.8755215472104401,2918760462774471.5,0.03400779759846013,0.03475746082159314
27,0.540,0.963694491819523,0.9100124649835428,2925396179201303.0,0.008502408703996807,0.023870705128729255
27,0.520,0.8648936068438604,0.8036108812143198,2487669841333942.5,0.0004972994171068991,0.12820524550233398
27,0.500,0.9641230585210803,0.867195305798779,2581252630150360.5,0.0008033456428050925,0.028437511179645974
27,0.480,0.804464854363363,0.7122056476212052,2035121017472941.0,0.008477357808719808,0.18407269605564394
27,0.460,0.7351145725240528,0.646635317156857,1770764640719612.2,0.04372365722872087,0.22016302664345558
27,0.440,0.9212494558044096,0.7915014393167362,2073232338022830.5,0.057081168248235295,0.020225366097416226
27,0.420,0.726007297814591,0.6082065726033926,1520701548954280.2,0.04273736710816659,0.23013656577206054
27,0.400,0.8199814508477015,0.6674292364464006,1589310698982285.0,0.03330114371351874,0.1453914348975713
27,0.380,0.9145119270329096,0.6787976975586673,1535562670992027.8,0.05283906076436558,0.032335691243193174
27,0.360,0.8023198708011924,0.5163300144482186,1106556162393582.9,0.07014160088109053,0.12831926654231393
27,0.340,0.8981310072749324,0.5138108412252103,1039981872574456.2,0.08944486306949917,0.013712336647033014
27,0.320,0.8022535414474545,0.40682717505370974,775003247256189.4,0.068418513367879,0.1305548115694647
27,0.300,0.9581962064464354,0.3127914904056623,558624235094010.5,0.04109022267533928,0.003044309256618443
28,1.200,0.4306495282710071,0.3317764226448085,2348682964813366.5,0.13556848916856695,0.43351796986257884
28,1.180,0.4419301962920203,0.340552575911685,2370630177704524.5,0.13951506316972195,0.41823185647917116
28,1.160,0.4675921620760541,0.36079182570679624,2468950087498230.5,0.14785536963826887,0.3841556557416528
28,1.140,0.5091834895342134,0.39379778579400815,2648352274454721.5,0.1610635741019995,0.3292616860938059
28,1.120,0.5668074447496009,0.4398249945756117,2905999668157448.5,0.1791224102319823,0.25345996086739797
28,1.100,0.6360010785467367,0.495620013963423,3216171154233704.0,0.20053650960811506,0.1627112381572787
28,1.080,0.701601250927195,0.5526681579177495,3521160574382549.0,0.2236847289961854,0.07385542306812758
28,1.060,0.7447666702769742,0.5936612738381836,3712292744702313.5,0.2395841812827965,0.01472910221839962
28,1.040,0.7494274360905221,0.6049203712144257,3711326656865782.0,0.24357718925654773,0.0060741973885217295
28,1.020,0.7203156488933782,0.588796844443119,3542935755250838.0,0.23660090430019165,0.04221532082908538
28,1.000,0.6794892577887872,0.5622845518960875,3317063485826942.0,0.22534725168621275,0.09437417269697747
28,0.980,0.6683756044813788,0.5732239072754555,3313965649424947.0,0.1959382389779959,0.1349665758371989
28,0.960,0.7182073674745164,0.6386911475496382,3617093718881612.0,0.17009410592555343,0.11100622082497935
28,0.940,0.8115281017117717,0.7422929136222547,4116241053726003.0,0.14690004034891124,0.04086332211394215
28,0.920,0.8850361551077999,0.8265220804423247,4485800130375782.0,0.11385015896493571,0.0003249696479157943
28,0.900,0.8786501150660604,0.8327133871377107,4421154458516602.0,0.07273017026309471,0.04759803536773092
28,0.880,0.8362545845006865,0.8001914996570725,4154074083457031.5,0.03949615210072707,0.12272779457934357
28,0.860,0.8247410438065941,0.7931351852280378,4023864052285772.5,0.02098398443160046,0.15201601416622104
28,0.840,0.865191580997875,0.8333664104153237,4129646806096012.0,0.014132554115847898,0.11766760041910913
28,0.820,0.9389802947385517,0.9042363703060927,4374147818636376.5,0.014607999651671266,0.042952592746016934
28,0.800,0.9734000826797766,0.9363080603249017,4418820709786305.5,0.020319749615333983,0.0029647204885817954
28,0.780,0.9235482958589306,0.8866593726537781,4079895538999063.0,0.02965660497237865,0.044101932306941906
28,0.760,0.851293607383087,0.8158079674476041,3657624909786068.5,0.03864533243751719,0.10794507835373657
28,0.740,0.8220025413320627,0.7872814007176324,3436840226452778.5,0.04345218835018428,0.13271659080445156
28,0.720,0.83166982567765,0.7968573443639365,3384626168142717.0,0.043053331622342116,0.12349304321112761
28,0.700,0.8648215897723184,0.8278462634795405,3418576986055291.0,0.04502722749981637,0.08835850932676269
28,0.680,0.903827211970785,0.862829220827774,3461237409808908.5,0.05753838051244694,0.03706875781061694
28,0.660,0.8847095496284657,0.8423609809347458,3279742962762121.0,0.07370587316693619,0.040518900942033705
28,0.640,0.876250216638901,0.8333781066263605,3146441725912477.5,0.09229799086411793,0.030936687188862156
28,0.620,0.877407696903124,0.8341470291593568,3050927788432383.0,0.0966595995019577,0.025735825063836003
28,0.600,0.7752972088118204,0.7350124803297522,2601618399695406.5,0.06660344476692674,0.1576547231456831
28,0.580,0.8169512080677135,0.7714878116771713,2639700742128383.5,0.048561242239322226,0.13341315630734618
28,0.560,0.9246680686093911,0.8712737918806316,2878328177463462.0,0.033460930530992875,0.03979443965499927
28,0.540,0.9651814280560753,0.9112850374769736,2902990610204636.0,0.008391062629963843,0.022478892073649878
28,0.520,0.8655900504875079,0.8041078330361325,2466693946634945.0,0.0004865725468489544,0.1275027296276238
28,0.500,0.9514298096231061,0.8554066498944782,2523133664556813.0,0.0007676285691849852,0.041234533093986246
28,0.480,0.8207407720207306,0.7260881978315111,2056024316139680.5,0.008386336744844453,0.16780831217249664
28,0.460,0.7266856363225866,0.639301565012916,1734847205866324.2,0.04230788333782612,0.23001684401254843
28,0.440,0.9136831319354064,0.7847669128960374,2036999828049344.2,0.05565360973889175,0.02923343167562196
28,0.420,0.7390357050426489,0.6185666884304822,1532616336169141.0,0.042794950312727134,0.21702703636520254
28,0.400,0.8009852755088167,0.6512620687707682,1536786042397163.0,0.0319905911302998,0.165721036804855
28,0.380,0.9232496254852792,0.6843582521372492,1534139092847006.2,0.052503529586509216,0.023928281496795867
28,0.360,0.8029837009363405,0.5166923254300402,1097317090629911.0,0.06926640914000935,0.12853251692342949
28,0.340,0.8923112237999704,0.5097226037179118,1022375518831550.1,0.08789929430315008,0.021066575416207642
28,0.320,0.8074743369229923,0.4095892334430183,773207649890554.9,0.0682648588644543,0.12549262785987605
28,0.300,0.9614706499911144,0.31312867408217093,554168358882099.56,0.04082265090567724,4.528814275256654e-05
29,1.200,0.43105120861218604,0.3319854330630383,2327996042131084.0,0.1347923150627719,0.4338967166228982
29,1.180,0.43973531059877524,0.33871151606989536,2335575622100028.5,0.13794531070751553,0.42200267713056305
29,1.160,0.462641860913538,0.35676578273849074,2418372231283376.0,0.1454158007514352,0.39155442456570255
29,1.140,0.5014017075074875,0.38750479516483877,2581451059677376.0,0.15770853694025663,0.340410847677599
29,1.120,0.5565317730166345,0.43149400127610127,2824065391601403.0,0.17494444952080437,0.26792958687910656
29,1.100,0.6245867099199401,0.48627132878698265,3125743325067470.0,0.19596216051103504,0.1787183095923373
29,1.080,0.6919246654338633,0.5444946398142649,3436365322654552.0,0.21958250009751018,0.08765056502715907
29,1.060,0.7401618637977535,0.5893630935312317,3650654770821957.5,0.23709021867359567,0.021837192916407237
29,1.040,0.7509995505182101,0.6055281786334116,3680015610577871.0,0.24314160127367732,0.004938036361369871
29,1.020,0.7255646433927502,0.5924408903411611,3531239397788905.5,0.23749421722333294,0.036067384792505014
29,1.000,0.6845982165628319,0.5659113328055495,3306970757755823.5,0.22633985717619148,0.08826575344085325
29,0.980,0.6694270302915871,0.573655499596481,3285180230851373.0,0.19573183368686162,0.13411709427296947
29,0.960,0.7142336364453974,0.6348107946184708,3561209306658397.5,0.16876316905595345,0.11630862165573418
29,0.940,0.8060215556892454,0.7370126021372888,4048412256749813.0,0.1455822917004767,0.04768335219602898
29,0.920,0.8850045866888517,0.8263334652215931,4442476429527983.5,0.11358146727255032,0.0006140165069677304
29,0.900,0.8844219508031437,0.8380751428414688,4407653366464682.0,0.07301361549571538,0.041524872480572336
29,0.880,0.8403618070419978,0.8040261590502125,4134612511249688.5,0.03956363811517534,0.11853596908197872
29,0.860,0.8230633107034984,0.7914171043381003,3977277074665911.0,0.02085761372927249,0.15381604701681506
29,0.840,0.8581455991314417,0.8264563213887529,4056777188098278.0,0.013946327217086388,0.12491527621999056
29,0.820,0.9315532272489374,0.8969423203348911,4297939834902498.0,0.014402896221123654,0.05060187736481093
29,0.800,0.9732213687067529,0.9359915461484267,4375663102238059.5,0.02017612773627571,0.0032766900711447907
29,0.780,0.9295670448222173,0.8923090916654988,4067165867739363.5,0.02964500243975071,0.03806661549582318
29,0.760,0.8556008065911931,0.8198187273359075,3640938897327078.0,0.038593789960071845,0.10366785510922785
29,0.740,0.821024830358797,0.7862285027788711,3399871220970883.0,0.043132381553671925,0.13400371988854637
29,0.720,0.826703383630504,0.7919797356145677,3332180583252234.5,0.04250904739725094,0.12899987780892513
29,0.700,0.8576267136796353,0.8208289579941852,3357628735625726.5,0.04431525870482748,0.09626388912547228
29,0.680,0.9002338906146328,0.8592417351550268,3414335862442661.0,0.05685170986905745,0.04133575119666911
29,0.660,0.8849584184851642,0.8424216536323714,3249042711157483.0,0.07311153452269235,0.04084267967767161
29,0.640,0.872396388594384,0.829582523291987,3102569592528915.0,0.09105789346028752,0.03601157541649715
29,0.620,0.8846961985570374,0.8411450240645214,3047505746121480.0,0.09648934089186592,0.01860159895681515
29,0.600,0.7815922361985547,0.7411640357263667,2598648569940797.0,0.06643923521446994,0.15151800851132954
29,0.580,0.8087062702546096,0.7638431855296172,2588893383721582.0,0.04754012059386977,0.1426926454929911
29,0.560,0.9190582803959699,0.8659659384191151,2833810469858902.0,0.032870142808308446,0.0460070616304723
29,0.540,0.966031046191316,0.9119524067423462,2877715772840060.0,0.00827211840095999,0.021734404779168777
29,0.520,0.8675984886770703,0.805818821932979,2448627453393961.5,0.00047647731782213715,0.12547750532038496
29,0.500,0.9365762947169756,0.8416751169231492,2459214754895142.5,0.0007309143301301336,0.05620773066471021
29,0.480,0.838843359376656,0.7415399929379192,2079973392463385.8,0.008301006252892843,0.14970319535280377
29,0.460,0.7194829207996646,0.6330268962795693,1701617557764712.8,0.040963169613311944,0.23857099722713943
29,0.440,0.9017208488528953,0.7742869095911175,1990840912112883.8,0.0539540923888676,0.042916656378608836
29,0.420,0.7550333521056986,0.6313946886776782,1549644853227009.2,0.04297930019167369,0.20081707833809248
29,0.400,0.782217918001027,0.6352825341963472,1484939877832204.0,0.030703099729685525,0.18579854524137474
29,0.380,0.9313012465222718,0.6893243721031963,1530696869673815.0,0.05209496110569408,0.01627999917643681
29,0.360,0.8053067741948402,0.5180963338878726,1089920907316948.6,0.0685013430309414,0.1269786201920598
29,0.340,0.8844214191605553,0.5044463912525319,1002249619557031.6,0.08613962636045097,0.03070147758559442
29,0.320,0.8142265218747141,0.413157126392858,772586633211856.1,0.06821268248012886,0.1187998377495576
29,0.300,0.9593729637192241,0.3116413792348074,546334134851288.56,0.04030995255455395,0.002649788016969927
30,1.200,0.4319934480451426,0.3326094850143765,2309453447060119.5,0.13415128407347698,0.4335995446195992
30,1.180,0.4380059756234054,0.33722789878363435,2302495766277055.5,0.13649902320694424,0.4251842123236928
30,1.160,0.4580804566645318,0.3530395843218935,2369598295615171.0,0.14308595297917634,0.3984542726772971
30,1.140,0.49389803160902374,0.381428546237838,2516004308578658.0,0.15443690615133998,0.3511982203385101
30,1.120,0.5463209831295139,0.4232169918634739,2742675677533719.5,0.17078841007966528,0.2823123151494631
30,1.100,0.6128388018850536,0.4766666306173528,3033896574043921.5,0.19128491690061583,0.195162202649886
30,1.080,0.681366642892313,0.535626358619741,3347179729938963.0,0.21519413312780222,0.10261441990985543
30,1.060,0.734331747765323,0.5840768460958791,3582359711911042.5,0.23418178360582612,0.030586727386669035
30,1.040,0.7516169736598969,0.6053400077241823,3642722210498720.0,0.24236024322761643,0.005103711068856443
30,1.020,0.7305512270492173,0.5958357333322157,3516576368654284.0,0.23826055503806368,0.030309332088818863
30,1.000,0.690001410734435,0.5697459926401599,3296663469560589.5,0.2273951114374737,0.08180022949740892
30,0.980,0.670950202310818,0.5744663769955805,3257497019928470.0,0.1956458238383063,0.1326750179646973
30,0.960,0.7104806615479669,0.6311107495267292,3505662854823760.5,0.1674795330857205,0.12134281090782136
30,0.940,0.8001455281918269,0.7313818410705213,3978005355314842.5,0.14419757710996825,0.054940192280406225
30,0.920,0.8842194582652837,0.8254295602123682,4394011422561971.0,0.11321421793640321,0.0017556953358285857
30,0.900,0.8900648297205238,0.8433055491591096,4391580055240121.5,0.07328309676855779,0.03559441732912136
30,0.880,0.8448892113120704,0.808256580649208,4115525129676767.5,0.03964919896233579,0.11390480756768093
30,0.860,0.8217702069705088,0.7900647595730983,3931465586420455.0,0.020740970716763778,0.15522051077257334
30,0.840,0.851086633915253,0.8195310843160576,3983254480236424.5,0.013760704981535641,0.13217534720505467
30,0.820,0.9234133129454183,0.8889590970191312,4217828989629251.5,0.014187699739331755,0.05897671969918058
30,0.800,0.9721138299103872,0.9347766655775939,4327042752967444.5,0.02001230790729142,0.004540684731632393
30,0.780,0.9355669227834815,0.8979344536107527,4052589126775040.0,0.029628148777314626,0.03205519359171514
30,0.760,0.8605757859162552,0.8244641123591203,3625589955487267.5,0.03856727111121945,0.09869593219475005
30,0.740,0.8206510482700727,0.785750181085461,3364414887017192.0,0.04284253486595794,0.13465548639592226
30,0.720,0.8219289609573655,0.7872833450140865,3279872012448256.5,0.04197576127049799,0.13430323984520698
30,0.700,0.8500502399370511,0.8134443086538443,3294725228525374.5,0.04358637305270429,0.10456860503110749
30,0.680,0.8958326439776738,0.8548791751904627,3363620471609942.5,0.05611393159287766,0.04646303438678345
30,0.660,0.8852439794123734,0.8425094015604971,3217451639545667.5,0.07251492726713554,0.04113149410722417
30,0.640,0.8683266055406275,0.8255713234303053,3057228571189930.0,0.0897960603402593,0.041323755772761414
30,0.620,0.8908999364072601,0.8471020477736868,3038930427620448.5,0.09617415258792204,0.012696216195705002
30,0.600,0.789250462679402,0.7486098717221533,2598963238641903.5,0.0663664760146724,0.14392525572527354
30,0.580,0.8011266469898467,0.7568277647841685,2539910340297198.0,0.046558792821874403,0.1512659078188876
30,0.560,0.9122951544732476,0.8595753808057556,2785257368285498.0,0.03223670638950853,0.053418374306732255
30,0.540,0.9660665654192031,0.9118481643395232,2849112672800801.5,0.00814455522595771,0.021815810073830124
30,0.520,0.8710064020223895,0.8088244792660346,2433609919567639.0,0.00046703407486089246,0.12204137545541884
30,0.500,0.9199093693511947,0.8263156932666661,2390613357097647.5,0.0006936981960862973,0.07300752354925874
30,0.480,0.8585392461895834,0.7583496875684317,2106221715181906.5,0.008217938243161067,0.12999486533192484
30,0.460,0.7136856335992751,0.6279662692310296,1671427274348431.8,0.03969712108409281,0.24563836577136325
30,0.440,0.8856341412209736,0.7602988403126251,1935665640270697.8,0.052014699404642116,0.060970930664646636
30,0.420,0.7739806539948323,0.6466715835035401,1571543490862062.0,0.043280203835909775,0.18153653974501124
30,0.400,0.7641937742458271,0.6199105197495309,1434770154597867.2,0.029459566258830946,0.20508785401993768
30,0.380,0.9381416542725646,0.6933069194961782,1524412382367144.8,0.05158733398911315,0.009942170823236706
30,0.360,0.8094066835021722,0.5206093464421834,1084445667261093.2,0.06785058027022776,0.12353599347352319
30,0.340,0.8746320159615893,0.4980929459196064,979902001523443.1,0.0841914948457077,0.04242121120903506
30,0.320,0.8224946224856555,0.41751919623483774,773071677469158.6,0.06825629201764966,0.11049759062603376
30,0.300,0.9511576862305631,0.3081030124265485,534823566492204.5,0.039528731196671434,0.011624899732979808
31,1.200,0.4335266571977734,0.3336871218243931,2293237273431965.0,0.13365723644085395,0.43256418388417056
31,1.180,0.4367915258796371,0.33613939881640076,2271588839419190.0,0.13518891159559504,0.42771438851449023
31,1.160,0.4539601411142295,0.34965321871446553,2322864194546291.5,0.14088056726761355,0.40478822645384716
31,1.140,0.48673517310161635,0.3756174819508461,2452330210348566.5,0.1512679262694058,0.3615417854320004
31,1.120,0.5362575873325365,0.41505846776746463,2662291472777401.5,0.16668125630274894,0.2964985699969315
31,1.100,0.6008579595133833,0.46688583415373364,2941248253282388.5,0.18653938267182218,0.21190756938707514
31,1.080,0.6700027670802646,0.526125866854507,3254181035251847.5,0.21054880236949633,0.11864210938770568
31,1.060,0.7272450496890461,0.5777815880621052,3507501484191396.0,0.23085469166495554,0.0410131773037377
31,1.040,0.7511325721831126,0.6042401213566189,3598911757154872.5,0.24118918436483802,0.006762459979602739
31,1.020,0.7351254715431884,0.598859360030683,3498269902323047.5,0.23885123279589388,0.025139966151458158
31,1.000,0.6956281788131692,0.5737285883219361,3285752075127449.0,0.22848808759765432,0.07507328413373143
31,0.980,0.672957582582387,0.5756655396065443,3230908123188361.5,0.19568253868871202,0.13062554948529528
31,0.960,0.7069983184197606,0.6276346542998407,3450693992548953.5,0.16625484152994482,0.12604723193202702
31,0.940,0.7939531808310796,0.7254492505429958,3905379029660172.0,0.14275636572058284,0.06257019876022463
31,0.920,0.882635612741017,0.8237680972357859,4340313463211404.0,0.11274383081722478,0.0037998370291892577
31,0.900,0.8954900165841255,0.8483200600008176,4372507329825210.0,0.07353187544515577,0.029902270428396355
31,0.880,0.8498312029333366,0.8128769941146899,4096715495182088.5,0.03975271816302025,0.10884002795215365
31,0.860,0.8209060903148748,0.7891205973301268,3886602543367735.5,0.02063527979706513,0.15618370164212433
31,0.840,0.8440784301550672,0.8126521847666183,3909419665876200.5,0.013576908464973147,0.1393826420680326
31,0.820,0.9145922583633737,0.8803177039449547,4134105813681548.5,0.013963337321837084,0.06804441229580435
31,0.800,0.969962709643575,0.9325535476331993,4272598321468156.0,0.01982668678805339,0.006873508106559378
31,0.780,0.941412023008635,0.9034049769109092,4035574614249274.0,0.02960221902395187,0.02620781462119814
31,0.760,0.8662154223292212,0.8297408191963515,3611472797816257.0,0.03856557039871318,0.09303264006983614
31,0.740,0.8209574506932644,0.7859192287825776,3330718538641761.0,0.042586618019319754,0.13459149038531654
31,0.720,0.817439870150936,0.7828575824207569,3228074571138353.0,0.041458673432661054,0.13930443372403545
31,0.700,0.8421637286382253,0.8057611755439099,3230224283647597.5,0.04284542898424569,0.11319614706093269
31,0.680,0.8905545511168812,0.8496764647111908,3308954546589052.5,0.05532296152835497,0.05252183237340649
31,0.660,0.885487468385497,0.8425493857974881,3184693209344644.5,0.07191081595073569,0.041469480243221224
31,0.640,0.8641593383871232,0.8214571744555426,3010878295316690.0,0.08852709096841917,0.04674013032441999
31,0.620,0.895756119225264,0.8517668599048078,3024410437866625.0,0.09569132396350377,0.008305278747718674
31,0.600,0.7982625381551889,0.7573411093204817,2602382212265945.0,0.06638155675677372,0.13488936296293746
31,0.580,0.7944210529905456,0.7506385676754406,2493372516788813.0,0.04562899338152521,0.15891219880194976
31,0.560,0.9043996324513541,0.8521220437674747,2732864676981813.5,0.03156354610882283,0.06200446031750137
31,0.540,0.9651055783302398,0.9108007124565759,2816731310978943.5,0.00800740329135964,0.02290728200551188
31,0.520,0.875870738437394,0.8131769918620001,2421679836560164.0,0.0004582417516368904,0.11713691750920976
31,0.500,0.9018691577491366,0.8097266686511254,2318658278462454.5,0.0006564988299444538,0.09119036625792706
31,0.480,0.8794385603856083,0.7761682859543704,2133661058388790.5,0.00813259941392765,0.1090790651312477
31,0.460,0.7094669312170463,0.624269125602554,1644591299184793.2,0.03851589916338697,0.251039324314744
31,0.440,0.8659808185439436,0.7432843798908307,1872992259881785.8,0.04988346329684798,0.08278945998108794
31,0.420,0.795683626766897,0.6642334654396586,1597711432516883.2,0.04367762824495361,0.15939976761446095
31,0.400,0.7474321503963873,0.605568009128664,1387238762805940.0,0.02827951688476689,0.2230492880293593
31,0.380,0.9431589513549608,0.6958562140722993,1514367938862855.2,0.0509521307661041,0.0055554187697977745
31,0.360,0.8153371360103662,0.5242561270241459,1080872121834129.8,0.0673121706078484,0.11815301007477085
31,0.340,0.8632095659272099,0.4908278812232172,955732691571186.5,0.08208918075383027,0.055925318909097195
31,0.320,0.832220025242484,0.4226405025828866,774549882525505.6,0.06838620307642179,0.10065390648566624
31,0.300,0.9365826738398481,0.3024562053810788,519651342827143.3,0.038478331002139834,0.027212923690231806
32,1.200,0.43570285156739735,0.33525804900774514,2279521263655457.0,0.13332179318087192,0.43072698035209256
32,1.180,0.4361422058516954,0.3354842864225046,2243041861851410.2,0.13402732387606908,0.42953058700889035
32,1.160,0.45033285874848,0.34664634226300906,2278388602885930.0,0.13881370185006947,0.4104902451191246
32,1.140,0.47997461850021494,0.37011890746401227,2390723283259244.5,0.14821984853418807,0.37136174634964525
32,1.120,0.5264236226150737,0.40708230141859925,2583351085018658.5,0.1626491570990798,0.31038005000248337
32,1.100,0.5887505845914248,0.45701305525686214,2848422974333785.0,0.18176135186247835,0.22881207077078713
32,1.080,0.6579290780287974,0.516071618935487,3158034860528659.5,0.20568184308835902,0.13560211332312927
32,1.060,0.7189002877074625,0.570480347819984,3426334362526029.0,0.22711468567499343,0.05311225643795952
32,1.040,0.749410081110069,0.6021222914919714,3548143968685140.5,0.23958899192084848,0.010090137117426451
32,1.020,0.739121413288217,0.6013773842166116,3475605307706884.0,0.2392131276677521,0.020778580584675032
32,1.000,0.7013871332708803,0.5777823326066186,3273764584323744.5,0.22958726108120378,0.06820794856794499
32,0.980,0.6754517978021929,0.5772534526264822,3205352546597101.5,0.1958412885013249,0.1279667562672147
32,0.960,0.7038331654762054,0.6244230734192316,3396513646939102.0,0.1650997740640707,0.13036461023970267
32,0.940,0.7875040021366712,0.7192692133201869,3830914978910089.0,0.14127013681717232,0.07050238243709224
32,0.920,0.8802201116566238,0.8213183050775151,4281367597534724.5,0.11216732037859325,0.0067824512789755095
32,0.900,0.9006007438918819,0.8530265623948582,4349989940279723.0,0.07375263704246794,0.02455265620117758
32,0.880,0.855174179391838,0.8178739491126538,4078047084151175.0,0.03987371564144227,0.10335573543982705
32,0.860,0.8205142064462411,0.7886259587118537,3842843586346966.5,0.020541718998404384,0.1566610751854312
32,0.840,0.8371886085651542,0.8058848035862168,3835618819258833.0,0.013396194700263807,0.14646806097638534
32,0.820,0.9051374356782952,0.8710642284016094,4047130605695237.0,0.013730956740637103,0.07775630187257956
32,0.800,0.9666639901847494,0.929222754860058,4212045089138822.0,0.019617952293502005,0.010380902739321143
32,0.780,0.9469433106554508,0.9085680759866949,4015459630672514.0,0.02956280801970782,0.02068840987398795
32,0.760,0.8724976009366682,0.8356273422959494,3598399871081457.0,0.038587658699238025,0.0867011726403682
32,0.740,0.8220166194019672,0.7868048624766305,3298997171871897.0,0.042368306494818354,0.1337353029569769
32,0.720,0.8133353056955799,0.7787974309872474,3177168111435248.0,0.04096313124854525,0.14389871418339945
32,0.700,0.8340553977312858,0.7978643248270217,3164537708432710.0,0.04209798686686167,0.12205260387363447
32,0.680,0.8843483684480667,0.8435854876226709,3250283183501271.5,0.05447793169799509,0.059564452380344676
32,0.660,0.8855859654591867,0.8424438966085114,3150417506132186.0,0.0712922157105989,0.041966721043929796
32,0.640,0.8600175828696707,0.8173570361401135,2963977945775128.5,0.0872655233131022,0.05212312583065353
32,0.620,0.8990293969214572,0.8549143875576901,3003291616469096.0,0.09502234714938111,0.005682767224466677
32,0.600,0.808574404498782,0.7673063603001825,2608574453647095.0,0.06647718029318664,0.1244716438833838
32,0.580,0.788794472868835,0.7454692315702401,2449857958869065.5,0.044761603194038865,0.16541536388293848
32,0.560,0.8954431562481894,0.843673361492627,2676982622700844.0,0.030855314920814465,0.07168905758265764
32,0.540,0.9629691013103824,0.908641810453777,2780159194828355.5,0.007859821140984624,0.025189436966705846
32,0.520,0.8822079580912728,0.8188908889882277,2412751371133659.5,0.0004500750310844103,0.11074751803204685
32,0.500,0.8829640777516272,0.7923669727494158,2244809841685645.0,0.0006198279614942583,0.11024391519882892
32,0.480,0.9009605262802484,0.7944794876505489,2160762900097504.5,0.00803930859990883,0.08754436110643733
32,0.460,0.7069961398286244,0.6220812697113185,1621392445967663.0,0.037424364245832356,0.2545993740750875
32,0.440,0.8435530112682501,0.7239246583730781,1804800633047689.8,0.04761967106600752,0.10751950252598728
32,0.420,0.8197017694133241,0.6837120560792502,1627068048424341.5,0.044138783594513745,0.13488077751066269
32,0.400,0.7324432987171335,0.5926675549973079,1343242215852899.8,0.027180509119165926,0.23915418723752843
32,0.380,0.9456800413377717,0.696481956237319,1499604222289385.5,0.05016018172558406,0.0038222490660148223
32,0.360,0.8230693660301304,0.5290068658852595,1079063488236178.2,0.06687693722133284,0.11086766509503473
32,0.340,0.8504980068319767,0.4828602618821228,930215498134835.2,0.07987316934480722,0.07082987474579389
32,0.320,0.8432809985822983,0.4284524558154349,776847554801281.5,0.06858770865795044,0.0894050557196034
32,0.300,0.9160370292693688,0.29485174601880987,501196635446242.5,0.03718488271500386,0.04899969932070325
33,1.200,0.4385757067266102,0.33736317278091044,2268469923415072.0,0.1331563154906619,0.4280228813059625
33,1.180,0.4361093336493344,0.3353015486003787,2217030529654986.0,0.1330262480257143,0.4305694773794925
33,1.160,0.4472503615397359,0.34405831751307736,2236372573767957.2,0.1368987144198326,0.4154951838049574
33,1.140,0.47367631952878747,0.364978746763291,2331452297382607.0,0.14530980627116616,0.3805809635498476
33,1.120,0.5168994913654295,0.39935082721945,2506263435452483.5,0.15871708361644354,0.3238512910565989
33,1.100,0.5766263213768724,0.44713458258330574,2756037058280371.5,0.17698691656379834,0.2457298265327906
33,1.080,0.6452594433676847,0.5055557956188586,3059475332664425.0,0.20063372453505443,0.1533399296157156
33,1.060,0.7093281910782551,0.5622019034663808,3339275753116755.5,0.22297798290898907,0.06683695083951827
33,1.040,0.7463316803891394,0.5988958682560622,3490107172747692.5,0.237527132195048,0.015237224941884644
33,1.020,0.7423607774220353,0.6032462090874509,3447854102987922.0,0.23929003969137236,0.01745986926215942
33,1.000,0.7071646896413422,0.5818125183016828,3260146891440304.0,0.23065416555404067,0.061356418419859816
33,0.980,0.6784238169576263,0.5792205254834804,3180710379183616.5,0.1961178691968558,0.12471189053998298
33,0.960,0.7010271254855257,0.6215123191180528,3343297945248705.5,0.16402373749830296,0.1342435824190539
33,0.940,0.7808620862233567,0.7129002834393973,3755006975032685.0,0.13975105079657432,0.07866045991809485
33,0.920,0.8769537213612362,0.8180622941861839,4217239933107959.5,0.11148345836367825,0.01072407528974908
33,0.900,0.905293457982772,0.8573265724280663,4323574046478542.0,0.07393759786002192,0.019657069368169397
33,0.880,0.8608953460917472,0.8232251882692365,4059340010019722.0,0.04001129917512034,0.09747565782249491
33,0.860,0.8206360177211107,0.7886204326071683,3800323642193266.5,0.020461404543668012,0.15660993499739229
33,0.840,0.8304878417223942,0.7992970171993502,3762197455970487.0,0.01321984173468845,0.1533594171274774
33,0.820,0.8951116753475492,0.8612596263401157,3957328005626496.0,0.01349191359250683,0.08804800915572673
33,0.800,0.9621298162872217,0.9247004928614959,4145197076357924.5,0.019385181471108747,0.015152009184927897
33,0.780,0.9519797788443642,0.9132501950169033,3991521596345716.5,0.029504992934098705,0.01568347328874525
33,0.760,0.8793773142632061,0.8420802533760635,3586089982361702.0,0.038631544409776425,0.0797486380402489
33,0.740,0.8238950671594609,0.7884704295024789,3269423930850608.0,0.04219086868632836,0.13201698004532925
33,0.720,0.8097187709510457,0.7752019314618129,3127529750681605.0,0.04049454041058854,0.1479769510166229
33,0.700,0.8258292322072146,0.7898535576548793,3098123498165232.5,0.041350225947193266,0.13102763643450904
33,0.680,0.8771862763103628,0.8365805518642742,3187651127929416.5,0.05357948661878786,0.06761822799858817
33,0.660,0.8854123969154453,0.8420723902500928,3114206957389523.0,0.0706504752407933,0.0427591646349186
33,0.640,0.8560222515698661,0.8133858623937735,2916961524103396.0,0.08602513443180651,0.057338004200267925
33,0.620,0.9005306441968338,0.8563636495901306,2975116803859787.0,0.09415470802515559,0.005030460600798522
33,0.600,0.8200773760231089,0.7784022541586794,2617034466628322.0,0.06664178698418671,0.11279233014515694
33,0.580,0.7844436727853625,0.7415057724767761,2409886766935453.0,0.04396639575250064,0.1705685857144394
33,0.560,0.885549943434845,0.8343464174812348,2618113919024011.0,0.030118348443477994,0.08234132443558427
33,0.540,0.9594926643264954,0.9052170366012466,2739053946359102.5,0.007701181420051302,0.028828111950426585
33,0.520,0.8899821875147294,0.8259320886965249,2406588239918988.0,0.00044248135979540614,0.10290931335153496
33,0.500,0.8637422192373299,0.7747302946271231,2170574267726217.5,0.0005841624062490349,0.12961586832681707
33,0.480,0.922306794055945,0.8125770740525298,2185545787645124.0,0.007931320980144102,0.06619886239180203
33,0.460,0.7064411807157275,0.621546914509823,1602086104444202.8,0.036426222768336194,0.25614656462014684
33,0.440,0.8192963039993401,0.7030308715886905,1733329704912803.8,0.04528784171878094,0.13414939297637649
33,0.420,0.845267265903859,0.7044682247145223,1657924717472079.8,0.04461524048185704,0.1087970615147699
33,0.400,0.7197190111750925,0.5816045419415095,1303592604018184.8,0.026177770617420253,0.2528946897654554
33,0.380,0.9450175033657126,0.6946886871887286,1479203515341755.5,0.04918446446416898,0.005457363876569815
33,0.360,0.8324735348833586,0.5347652443226705,1078747448484688.6,0.06652756487915674,0.1018270654813298
33,0.340,0.8368963080663734,0.47442924008615445,903866877441277.1,0.07758748615027493,0.08669246934643908
33,0.320,0.8554633734423712,0.4348376966541442,779706710562314.2,0.06883882280413636,0.07698689213092809
33,0.300,0.8905541948181019,0.2856490883427917,480184573952718.9,0.03570022086101503,0.07590261126625224
34,1.200,0.4422005575639219,0.34004459513615937,2260237315592666.5,0.13317184425267023,0.42438549670074244
34,1.180,0.4367454907429795,0.3356310299139554,2193719174242188.8,0.13219731895125242,0.4307668207217355
34,1.160,0.44476434194693026,0.3419283115017329,2196999556242147.2,0.13514826693885404,0.41973865568345425
34,1.140,0.4678985210478787,0.36024140730005966,2274759043064398.5,0.142553736683686,0.3891252050360042
34,1.120,0.5077629999677747,0.391924091221397,2431402735485515.5,0.15490848074401128,0.3368109573917878
34,1.100,0.5645955559809056,0.4373369026584725,2664684086329056.5,0.17225161377973772,0.2625147722635051
34,1.080,0.6321221286352314,0.49468150922908904,2959281989002126.5,0.19544878588878514,0.17168277306365687
34,1.060,0.6985924887809957,0.5530012413964402,3246899825313562.0,0.21847126717321955,0.08209673825218133
34,1.040,0.7418056822241194,0.5944918840537926,3424649957069179.5,0.23498033412650945,0.02231877410810779
34,1.020,0.7446584217838439,0.6043175694085403,3414304974480590.0,0.2390245863546713,0.01542658052177163
34,1.000,0.7128243579219613,0.5857060904135334,3244267517795411.0,0.23164331811805125,0.05470083762066595
34,0.980,0.6818510427070522,0.5815455322168188,3156797453444316.5,0.1965040540563106,0.12089180858531315
34,0.960,0.6986161684236486,0.6189332832812522,3291182680729075.0,0.16303456197460578,0.13764031863143966
34,0.940,0.7740942364575897,0.7064034360791784,3678049544067237.5,0.13821159338662467,0.0869651070754752
34,0.920,0.8728318965712485,0.8139959680814287,4148078813451640.0,0.11069286968348674,0.015628692212321015
34,0.900,0.9094595148846604,0.8611168577969116,4292808538022361.5,0.07407864538330643,0.015332437134933393
34,0.880,0.866961481249625,0.8288984730712116,4040368067636280.0,0.04016411424871169,0.09123443373897229
34,0.860,0.8213104457194861,0.7891411267125803,3759153389350189.5,0.02039537392179911,0.155990209263501
34,0.840,0.8240489656478539,0.7929589364587617,3689494797114411.5,0.013049133389727548,0.15998234325258504
34,0.820,0.8845924796513863,0.8509789490599975,3865178789360548.0,0.013247750173950835,0.09884023827935949
34,0.800,0.9562938946897607,0.9189237899844126,4071987164853966.0,0.01912793235120112,0.02125385482006495
34,0.780,0.9563211908628101,0.9172594634431086,3962996804113013.5,0.02942344165032495,0.011399204015279227
34,0.760,0.8867825619619406,0.8490302947396627,3574157591099251.0,0.03869413298107433,0.07225031141980806
34,0.740,0.8266504477572968,0.7909707401088187,3242119783335163.0,0.04205703903508029,0.12937598623297403
34,0.720,0.8066962777912127,0.772172450250475,3079524881899506.0,0.0400582697385429,0.15142752813433924
34,0.700,0.8176034409701116,0.7818422151172297,3031475582793771.5,0.04060883234207429,0.1399961345132595
34,0.680,0.8690690795658941,0.8286633235647773,3121216891074833.5,0.05263002755835071,0.07668006144502221
34,0.660,0.8848173427397912,0.8412932442821344,3075588691026252.5,0.06997550076015721,0.044006593778372884
34,0.640,0.8522851568164836,0.8096499210806908,2870213284365200.5,0.08481824399075381,0.062260580559307395
34,0.620,0.9001343762906123,0.8559943776126839,2939676360034141.5,0.09308339352116526,0.006479005042238146
34,0.600,0.8325979051983594,0.7904636591481304,2627060515858408.5,0.0668590156485946,0.10004135324122923
34,0.580,0.7815529505245093,0.7389225617933928,2373907754563292.0,0.04325182017243603,0.17417885557802895
34,0.560,0.8748957841981793,0.8243068119856574,2556900535630878.0,0.02936049334787652,0.09377721723835233
34,0.540,0.9545388425559999,0.9003975987213861,2693177678087623.5,0.007531158196216974,0.03396169257316234
34,0.520,0.8990915265653345,0.834205247453614,2402775413348113.5,0.00043537796645953694,0.09372499257490054
34,0.500,0.8447628656944735,0.7573194011462665,2097422900281260.5,0.0005499215140015853,0.14874265892178107
34,0.480,0.942453829907166,0.8295592793298938,2205594049082653.5,0.007801110178229515,0.04607761395336998
34,0.460,0.707970583512176,0.6228103518242294,1586903698853460.5,0.035524144884342565,0.2555093576036396
34,0.440,0.7942175273968387,0.6814653695139432,1660861376654717.2,0.04295160513562658,0.16160702257739923
34,0.420,0.871211403881701,0.7255316755619161,1687883961609529.2,0.045041010878052526,0.08238520255553704
34,0.400,0.7097279421187638,0.5727533611581281,1269008573225873.5,0.02528406010802239,0.26378855686564273
34,0.380,0.9405390885419712,0.6900274623757978,1452402174573544.8,0.04800376430836605,0.011114482306358763
34,0.360,0.8433024320590694,0.5413581496353645,1079503607827760.0,0.06623806702330033,0.09130423979802413
34,0.340,0.8228368642774657,0.46579128090434785,877217304260469.8,0.07527725598159557,0.1030362244081079
34,0.320,0.8684225293600623,0.44161057498470463,782755920698057.8,0.0691077208926458,0.06377537093345902
34,0.300,0.8616957605735186,0.27537469163775175,457595976169129.1,0.03409549247334206,0.10629286980841231
35,1.200,0.4466343046063588,0.34334553702582604,2254965370758352.0,0.13337900937239217,0.4197472836029178
35,1.180,0.4381047223743996,0.33651358084547955,2173260704653865.5,0.13155182405161522,0.4300572636119206
35,1.160,0.4429266372338991,0.3402954485405638,2160435743444661.5,0.13357434953400207,0.42315680362368685
35,1.140,0.4626977269577411,0.35594975203648105,2220857894204451.5,0.13996634725256776,0.39692321408912834
35,1.120,0.4990886252957897,0.38485928188638435,2359104679406048.0,0.15124501997922818,0.3491628230361588
35,1.100,0.5527671037991819,0.4277048832090846,2574922238649933.0,0.16758965408846352,0.2790237463005675
35,1.080,0.6186558090042978,0.48355958612478794,2858255033018986.0,0.19017382223029028,0.19044498334704116
35,1.060,0.6867888941390047,0.5429585702321602,3149921871927926.5,0.21363108815092727,0.09875920660737747
35,1.040,0.7357736691007514,0.5888686586399069,3351807002858927.0,0.23193669878210282,0.031405147607141345
35,1.020,0.7458295191371285,0.6044444521238832,3374300775566108.0,0.23836061771724282,0.014919910533288405
35,1.000,0.7182071374141967,0.5893321414476016,3225428000683084.5,0.23250251941441247,0.04845260257811669
35,0.980,0.6856953767523413,0.5841940265759705,3133360843328647.5,0.19698709123952315,0.11655741021504866
35,0.960,0.696629007213636,0.6167102871936848,3240258436928727.0,0.1621382051992069,0.1405201242515447
35,0.940,0.7672679767608945,0.6998402352309384,3600426795089457.0,0.1366642084609459,0.0953363165267068
35,0.920,0.8678651718021515,0.8091293781195427,4074112540808324.0,0.10979805156852626,0.021483318903343415
35,0.900,0.912987325052218,0.8642914854501426,4257257980139631.0,0.07416751165327078,0.01169879877824786
35,0.880,0.873327680754651,0.8348503927587974,4020856299102638.0,0.040330293632493075,0.08467892139253928
35,0.860,0.8225730118458034,0.7902218413917232,3719415569351621.5,0.02034456709410148,0.15476533151624805
35,0.840,0.8179460505473497,0.7869418068675594,3617838102868401.0,0.01288534416945413,0.1662612390378909
35,0.820,0.873670678793358,0.8403100332546016,3771209208380419.0,0.013000166913601266,0.11004015321418856
35,0.800,0.9491164659515404,0.9118552587752994,3992483392471434.5,0.01884632197952384,0.028726285192252617
35,0.780,0.9597526915453225,0.9203901426404537,3929106363789845.5,0.02931257269671037,0.008056722426669882
35,0.760,0.8946102525341569,0.8563784799030401,3562103726978763.0,0.038771093484927424,0.06431387899329556
35,0.740,0.830328308349742,0.7943489650666371,3217142352154989.5,0.04196887472178394,0.1257645940832987
35,0.720,0.804374337904613,0.769810749807158,3033497853893041.5,0.039659551216713745,0.15413845646584287
35,0.700,0.8095083392616407,0.7739551347253651,2965111642610647.5,0.03988086416092505,0.14882047199842857
35,0.680,0.8600303265782965,0.8198667211672819,3051261262442248.5,0.05163387524242435,0.0867121302038696
35,0.660,0.8836330696797762,0.8399476273166971,3034054428349911.0,0.06925614404684917,0.04588820229868506
35,0.640,0.8489018736142913,0.8062400093533831,2824044554626054.5,0.08365505183203492,0.06678502864305114
35,0.620,0.8977924202728989,0.8537600655404243,2897041727584863.5,0.09181188497413596,0.010073239270606412
35,0.600,0.8458880925128657,0.8032546060795744,2637738262599486.0,0.06710728611133954,0.08648826148650357
35,0.580,0.7802899461690653,0.7378783521438464,2342286347235095.5,0.04262481073896369,0.17607135748377417
35,0.560,0.8637033252469541,0.8137642246939553,2494099896719498.0,0.02859082044934579,0.10576450435940826
35,0.540,0.9480102539147975,0.8940925713130735,2642429873452027.0,0.007349806877372587,0.04068797973587345
35,0.520,0.9093529651173781,0.8435398402670048,2400690461543470.0,0.00042864921040920446,0.0833790025122559
35,0.500,0.8265714443164488,0.7406236049982872,2026724783464670.0,0.0005174519161920556,0.16707469339190317
35,0.480,0.9601787018671127,0.8443526473593824,2218157249977974.8,0.007640913614369055,0.028416202859260133
35,0.460,0.7117543096554753,0.6260165634199205,1576053225078927.8,0.03471981800438204,0.25251574594963117
35,0.440,0.7692992293945324,0.6600686188929112,1589530942990366.2,0.040668577973042117,0.18885063002916744
35,0.420,0.8959277588901963,0.7455712604912513,1713821842396299.8,0.045333053385762934,0.057337238175213266
35,0.400,0.7029148713294979,0.566466836769711,1240114270562212.2,0.024509699219673383,0.27137988078200237
35,0.380,0.9317551100405701,0.682159930690446,1418721096181169.5,0.0466067846681079,0.021294809353495647
35,0.360,0.8551810326079855,0.5485293973770415,1080760920886937.6,0.06597389114200032,0.07970845667435501
35,0.340,0.8087681555186736,0.4572099930231017,850788978559013.6,0.07298681051288204,0.11936899775948767
35,0.320,0.8816410515957328,0.44849550136285166,785480293525653.0,0.06935009431006818,0.05033147501831143
35,0.300,0.8313393158477805,0.26465007207261976,434530730370007.0,0.03245125823691938,0.13821702309127276
36,1.200,0.45193517861379584,0.34731015215032945,2252781513851090.0,0.1337878960309266,0.41403991548920605
36,1.180,0.4402427275481095,0.3379911973016639,2155796419438031.8,0.13110070047701372,0.42837415078706836
36,1.160,0.4417894945647636,0.33919900899256156,2126830664664317.8,0.13218831880124374,0.4256859966069219
36,1.140,0.45812879793822203,0.35214517347801877,2169936080148910.2,0.13756112283105976,0.40390660431975306
36,1.120,0.490947023536049,0.37821035204480485,2289664147586454.5,0.14774643573705878,0.3608164271718928
36,1.100,0.5412461951977064,0.41832019981040414,2487263924107375.5,0.16303326549944985,0.29511916268317884
36,1.080,0.6050053057089722,0.47230515329855566,2757190598932867.0,0.18485661775598483,0.20943376124422486
36,1.060,0.6740422914237314,0.5321769080151901,3049174229036785.0,0.20850268998387755,0.11665404356134433
36,1.040,0.7282163605602666,0.5820163274707649,3271815886978081.0,0.22839732660639256,0.04251452028646604
36,1.020,0.7456982884513976,0.6034882242474596,3327279784207359.0,0.23724607047035778,0.016167906927547254
36,1.000,0.7231333797433135,0.5925436204261251,3202880062631998.5,0.2331736379035325,0.042849712162516984
36,0.980,0.6899013535831697,0.5871168340506202,3110075684971079.0,0.1975492353918964,0.11178197570091175
36,0.960,0.6950858172883648,0.6148599597830163,3190566454635298.5,0.16133846731579446,0.1428590070869065
36,0.940,0.7604495526995577,0.6932709951942442,3522501881122508.0,0.13512093437416747,0.10369576199244783
36,0.920,0.8620789105846961,0.8034864753952704,3995643638732092.0,0.10880331123065483,0.028258317972572927
36,0.900,0.9157649147308059,0.866744262896658,4216516794716939.5,0.07419597633180905,0.008876538152219947
36,0.880,0.8799361282225904,0.8410251997211684,4000479325607044.5,0.040507408592005516,0.07786948050278487
36,0.860,0.8244548573112043,0.7918921286799094,3681161123018903.0,0.020309805397593632,0.15290324473562855
36,0.840,0.8122534517317396,0.7813170905613155,3547537211401223.0,0.01272972467563196,0.17212023801651619
36,0.820,0.8624485906685758,0.8293517140440065,3675978378919978.5,0.012750987762540291,0.12154325854434983
36,0.800,0.940588416832442,0.9034870244166212,3906899647684563.5,0.01854108286496945,0.037577779003109706
36,0.780,0.9620514623913832,0.9224290285635712,3889089284718966.5,0.029166768689895112,0.00588518236109127
36,0.760,0.9027224156496154,0.863992497195769,3549309837429082.0,0.03885674483042283,0.056083351323208935
36,0.740,0.834958319577135,0.798633037785354,3194473878327114.0,0.041927593465032484,0.1211518261420995
36,0.720,0.8028577501059398,0.7682168659796629,2989762453402493.5,0.039303376008915,0.15599969563390267
36,0.700,0.8016837766565993,0.7663261741782247,2899559657883698.5,0.039173601579571886,0.15735323303266774
36,0.680,0.8501388530391287,0.810257300499874,2978188723092835.0,0.050597326502330224,0.0976392772449464
36,0.660,0.8816800988399388,0.8378657720825053,2989088228237199.5,0.06848076680297878,0.04859545633184111
36,0.640,0.8459447513561674,0.8032248222103987,2778673021392045.5,0.08254303569562381,0.07083147856050571
36,0.620,0.8935417034807179,0.8496954065402087,2847575904159601.0,0.09035245539502917,0.01576409804763179
36,0.600,0.8596185587612253,0.8164614571373313,2647934801247585.0,0.06735962305086064,0.07248953338006582
36,0.580,0.7808012086386198,0.7385120641178334,2315292884928198.5,0.042090606333815006,0.17609408676617155
36,0.560,0.8522342601240456,0.8029650675278693,2430552623616574.0,0.027819248693854028,0.11803096987558123
36,0.540,0.9398617273079878,0.8862603370104574,2586874875645971.0,0.00715762650236837,0.04905190569997574
36,0.520,0.9204870251213498,0.8536760087790972,2399477983713253.0,0.0004221448262026402,0.07215303010112534
36,0.500,0.8096801273998869,0.7251013682683817,1959697679424703.8,0.00048702005673926634,0.184095893822413
36,0.480,0.9741321697658428,0.8557773849830119,2220354874080492.5,0.00744356790826893,0.014576580341339813
36,0.460,0.7179623914751319,0.6313099011879514,1569714903732073.8,0.03401390017033337,0.24699466065907363
36,0.440,0.7454340361371793,0.6396032885964666,1521190883144018.8,0.03848690671427045,0.2149380016570059
36,0.420,0.9174145034807876,0.7629308895679017,1732027721629087.0,0.04539602496840658,0.03575352495598511
36,0.400,0.6997021909318799,0.5630774984871676,1217442653301566.8,0.02386269553004863,0.2752374743235025
36,0.380,0.9184111194599414,0.6709252766003925,1378091645556282.2,0.044995948311608365,0.03625052309947754
36,0.360,0.8676065084325993,0.5559404744394904,1081810378301402.9,0.06569295496135255,0.06758416653227979
36,0.340,0.7951435763040087,0.44894963299124585,825081571857680.0,0.07075848707698575,0.13519573677533578
36,0.320,0.8943920761940626,0.45510836340749805,787200106522011.6,0.06950724999286505,0.037439716794032865
36,0.300,0.8014363537609457,0.25411169705858894,412065505458600.6,0.030847049272970373,0.16964889359936286
37,1.200,0.4581622997379707,0.35198318248128874,2253795362894066.0,0.13440785176775294,0.4071949162160612
37,1.180,0.44321701037111355,0.34010712946405636,2141455551290388.5,0.13085451544546525,0.4256493934336163
37,1.160,0.4414058825507665,0.33867866265743884,2096317919395976.0,0.1310009447572682,0.4272624710012734
37,1.140,0.45424516963802164,0.3488677602145859,2122154552832469.5,0.13535036780330134,0.41000959907739587
37,1.120,0.48340478127061914,0.37202783077609203,2223334330054958.2,0.14443044220671167,0.37168740637685926
37,1.100,0.5301328384511231,0.40926006584543734,2402167994053997.0,0.15861217451354562,0.3106711690837188
37,1.080,0.591317338454237,0.4610342602573025,2656857590525925.0,0.17954452246559946,0.22845484518067632
37,1.060,0.6605023171045525,0.520778409130106,2945575488005232.5,0.20313835087620552,0.13557912229484942
37,1.040,0.7191575233872661,0.5739597520734863,3185122206065935.0,0.22437725543126194,0.055608026901889075
37,1.020,0.7441078340310834,0.6013265932925649,3272818366760340.0,0.23563609947386002,0.019372485973087078
37,1.000,0.7274064633168916,0.5951805238999072,3175850371112972.5,0.23359397595988096,0.03815172222807632
37,0.980,0.6943944785770527,0.5902487377161635,3086543940035386.0,0.19816735295326757,0.10666322438895116
37,0.960,0.693996993069585,0.6133901568863164,3142095327372599.5,0.1606367194880473,0.14464519398996756
37,0.940,0.7537019983448251,0.6867530061429594,3444607509370591.5,0.13359305731227608,0.11196907998030074
37,0.920,0.8555124087465579,0.7971042571412356,3913039908511476.0,0.10771462320963612,0.035908436742643116
37,0.900,0.9176828356150457,0.8683715074822277,4170224120587382.5,0.07415609343235562,0.00698324351373353
37,0.880,0.8867149521847688,0.8473537308360721,3978860742548747.0,0.04069242432611811,0.0708811628267757
37,0.860,0.8269816217973719,0.7941762168090564,3644405132859181.5,0.020291767652920276,0.15037755005567918
37,0.840,0.8070448572265994,0.776155546074389,3478879390790133.5,0.012583487789782756,0.17748417710790299
37,0.820,0.8510377798385336,0.8182116537222149,3580064362688917.0,0.012502121373757925,0.133235686914288
37,0.800,0.9307341232568499,0.893843427049644,3815599288648625.0,0.018213591093896548,0.047782564956234855
37,0.780,0.9629954150736564,0.923163802222081,3842241789173407.0,0.0289806396849015,0.005112788380712075
37,0.760,0.9109431593286077,0.8717038318099356,3535036225491496.0,0.03894397872131467,0.047742193310803094
37,0.740,0.8405499293757334,0.8038315100966608,3174008368695802.5,0.041933390508700576,0.11552799579864716
37,0.720,0.8022471668694544,0.7674867767201582,2948592247380497.5,0.03899438605456616,0.15690570165567488
37,0.700,0.7942762572143909,0.7590954434254583,2835343923792158.0,0.03849439047034294,0.1654402535367704
37,0.680,0.8394993791422787,0.7999357791596395,2902520903465899.0,0.04952858974370119,0.10934847246037961
37,0.660,0.8787764002032812,0.8348757338609193,2940201501580832.5,0.0676379756421965,0.05232215303805773
37,0.640,0.8434563287217226,0.8006447177718596,2734205408367042.0,0.08148643101917172,0.07435313044473907
37,0.620,0.8875047352268202,0.8439167579468325,2791917762090735.0,0.08872568122086867,0.02340860837600453
37,0.600,0.873375864827936,0.8296904030144405,2656309272746374.5,0.06758387120762872,0.05849095091309612
37,0.580,0.7832071065473918,0.7409379445223818,2293090267445836.0,0.04165255890626885,0.17412313617139458
37,0.560,0.8407792320662749,0.7921829861227366,2367144986247244.5,0.027056117327355585,0.13027496170642722
37,0.540,0.9301101801020032,0.8769178551988711,2526760005376334.5,0.00695559448975291,0.059035577199732084
37,0.520,0.9321041719317614,0.8642520735681574,2398032667984026.0,0.0004156799164151669,0.06043970221193532
37,0.500,0.7945550197280975,0.7111688643188872,1897378871600102.0,0.0004588117786420558,0.19933660393473138
37,0.480,0.9829660753793646,0.8626600304138021,2209490990557805.0,0.0072035794625430255,0.005918119822672418
37,0.460,0.7267600960026411,0.6388297091612439,1568029604844903.5,0.03340583509091195,0.23878099651045057
37,0.440,0.7233848109670669,0.6207204480734493,1457337197595055.8,0.03644363776456256,0.23906800367616357
37,0.420,0.9334394218309595,0.7757668910586165,1738568681890531.2,0.04513275591129705,0.019966978094747418
37,0.400,0.7004909567978255,0.5628985490316093,1201438215166883.2,0.023348855268846485,0.27495370746765657
37,0.380,0.9005663185713316,0.6563955747708685,1330946389354211.5,0.04318990486520903,0.055903822220716735
37,0.360,0.8799634671759528,0.5631813875372899,1081837709476868.6,0.06534785734117377,0.05559355470259723
37,0.340,0.7824164925110673,0.44127229026215264,800565545368963.8,0.06863207527137612,0.15002396476290167
37,0.320,0.9057252593451178,0.46094976711889935,787072791630624.0,0.06950624075516476,0.026122018051957584
37,0.300,0.7738069955205671,0.2443444752483766,391142583419343.2,0.029353103933618712,0.1987026128246132
38,1.200,0.4653749490716541,0.35740939258454707,2258094205917193.0,0.13524721460041503,0.3991446606509246
38,1.180,0.44708695542076765,0.34290593127467756,2130354380085595.5,0.13082341889887242,0.4218134411416397
38,1.160,0.4418298307575077,0.3387747222193794,2069015937425403.8,0.1300224595898992,0.4278219420524344
38,1.140,0.4510991756089847,0.3461565431845949,2077649316685280.2,0.133345276349087,0.41516863790166575
38,1.120,0.47652439627598825,0.36635881422088,2160327113165114.2,0.14131272374084347,0.38169752333467055
38,1.100,0.5195206049147805,0.4005962987411631,2320034624751875.5,0.15435323452500466,0.32555923455998514
38,1.080,0.5777365614093947,0.44986074658674924,2557977405664120.5,0.17428315735123548,0.24731777514279737
38,1.060,0.6463376934207213,0.5088997269709901,2840095423788305.0,0.1975953657049433,0.15530819338211987
38,1.040,0.7086653877601716,0.5647593966582747,3092371441317704.5,0.2199055586081205,0.07058824738515034
38,1.020,0.7409303895006643,0.5978618170859853,3210671244641078.5,0.2334962459128649,0.02469600807202905
38,1.000,0.7308185356390566,0.5970747612621523,3143573091247458.0,0.23369828257374825,0.034631983191986314
38,0.980,0.6990799531171441,0.5935075132352479,3062295849238788.5,0.19881265316074148,0.10132486012057021
38,0.960,0.693361960122595,0.6122989390197008,3094778626809731.0,0.16003165053922122,0.14588057372269866
38,0.940,0.7470833344751773,0.6803388843224084,3367037830998602.0,0.13209079299918375,0.12008799180873511
38,0.920,0.8482173962228055,0.7900313501932222,3826722779878785.5,0.10653941357596053,0.044374521518852246
38,0.900,0.9186373167741485,0.8690750421925224,4118078647341253.5,0.07404043287127642,0.006130309636454673
38,0.880,0.8935772511228192,0.8537524920514733,3955573925674093.0,0.04088166300109803,0.06380472699897893
38,0.860,0.8301721592476529,0.7970917798581663,3609122562814540.5,0.020290962957350885,0.14716882222389996
38,0.840,0.8023923423459053,0.7715263158964484,3412124577163707.0,0.012447795761260224,0.182279558356898
38,0.820,0.8395565366897147,0.807003903322111,3484049660238429.5,0.012255520163506745,0.14499676966093422
38,0.800,0.9196126914088911,0.8829821801048354,3719090742420265.5,0.0178658613962525,0.059279378929250275
38,0.780,0.9623736697036356,0.9223930816220735,3787960908868752.5,0.028749325674344222,0.0059559830311401935
38,0.760,0.9190569381890372,0.8793061473556146,3518427047299488.5,0.039024240886146,0.0395150815896483
38,0.740,0.8470874156683542,0.8099288389937506,3155538125645950.5,0.04198523428291334,0.10890987242933174
38,0.720,0.8026363972432856,0.767709821679391,2910210760199655.5,0.0387367595299934,0.15675824535176827
38,0.700,0.7874359051885348,0.7524063923586503,2772971241643086.5,0.037850487911586794,0.1729238161087473
38,0.680,0.8282509803322136,0.7890355321662792,2824882073334787.0,0.0484375968700601,0.12169052818807681
38,0.660,0.8747489783787957,0.8308144041584001,2886973529881030.5,0.0667174971239977,0.05725194284137334
38,0.640,0.8414434155612406,0.7985061309198397,2690624410034828.5,0.0804858130814019,0.0773425996671314
38,0.620,0.8798824261164914,0.8366152941574803,2730941128621221.0,0.086959198331215,0.03277830562991808
38,0.600,0.8866670680097165,0.8424717581050369,2661346672885541.5,0.06774346500263105,0.04502227890494999
38,0.580,0.7875955986703959,0.745239637212505,2275719800598501.5,0.04131190845579375,0.1700691574074859
38,0.560,0.8296464932165293,0.781708192008822,2304769717867062.0,0.026311748069335658,0.14217719615479346
38,0.540,0.9188408117413623,0.8661464471732395,2462520967516948.0,0.0067451661549630375,0.07055205242020028
38,0.520,0.9436961771265777,0.8747966584213666,2394998843285517.5,0.0004090378236088716,0.04875129521122359
38,0.500,0.7816096629378639,0.6991942382774566,1840613885904341.0,0.0004329374150572819,0.21238012992875085
38,0.480,0.9855069747424776,0.8639859746248801,2183447624793629.5,0.006918259880610457,0.0036221586364403903
38,0.460,0.7382979335326653,0.6487014268114228,1571077227955577.8,0.032893487934719925,0.22772598056665386
38,0.440,0.7037697314685842,0.6039470697454843,1399092420703866.0,0.03456466536897569,0.2605955777950401
38,0.420,0.9418462748801097,0.7823019103096764,1729890167017989.0,0.04446031314299003,0.012220148910400125
38,0.400,0.7056577510628469,0.5662215187960017,1192452835493988.5,0.022971764634124668,0.27014767189722694
38,0.380,0.8786361249390258,0.6389039249854092,1278244702971091.2,0.04122383419102563,0.07980403377425148
38,0.360,0.8915577008415464,0.5697936698312037,1079978152037318.6,0.06488933184634849,0.044479360901509314
38,0.340,0.7710400173476188,0.4344378716826862,777680919086615.0,0.06664472693041698,0.163364091515145
38,0.320,0.9144979666629113,0.46542176264662444,784136218275420.4,0.06926359842715593,0.017602833075122247
38,0.300,0.7500117842053586,0.23584146275394954,372508565533675.4,0.028025711622980176,0.2237651746309294
39,1.200,0.47363144799072937,0.3636327027548821,2265736908145757.5,0.1363129381780933,0.38982387059216517
39,1.180,0.4519137781763125,0.3464334130239203,2122594717381892.8,0.1310170552499816,0.4167954197598628
39,1.160,0.4431167737874011,0.3395283985156374,2045028634986177.2,0.12926260018305047,0.42729921701864715
39,1.140,0.4487424557756205,0.34404980622469733,2036533076874273.2,0.1315560228831863,0.41932187718140157
39,1.120,0.4703644656541339,0.36124711673632487,2100814524857597.5,0.13840698866315845,0.3907744245493226
39,1.100,0.5094958484864734,0.39239472950031656,2241202766557006.2,0.15028020063840264,0.3396731560063191
39,1.080,0.5644021011127319,0.43889352493941386,2461207492068073.0,0.1691153141121665,0.26584045934393963
39,1.060,0.6317297885097741,0.49668679789389597,2733718431919219.0,0.1919338360582,0.17559954341426043
39,1.040,0.6968512802557026,0.5545099597595555,2994387420633257.0,0.2150245389548325,0.08730138299951433
39,1.020,0.7360770435866726,0.5930284085358101,3140804969482115.0,0.23080533907998502,0.0322486387989783
39,1.000,0.7331584119903047,0.5980567450866038,3105329522167232.5,0.23342141925324167,0.03256706551531237
39,0.980,0.7038420161554306,0.5967935062373252,3036794917215311.0,0.19945060863283945,0.09591730986656981
39,0.960,0.6931680713274073,0.6115736334736606,3048493587979909.0,0.15951903816234805,0.14658203117441895
39,0.940,0.740644950822422,0.6740750954891906,3290041944505672.0,0.13062300556330875,0.12799220439647516
39,0.920,0.840256026300897,0.7823261157086456,3737153657723609.0,0.10528628353379972,0.05358580569989333
39,0.900,0.9185335175814836,0.8687652832136692,4059852603561969.5,0.07384232545123956,0.006419435023554096
39,0.880,0.9004203867453803,0.8601230021891629,3930144636836390.5,0.041070778548300525,0.05674737290551639
39,0.860,0.8340370702636035,0.8006485331814467,3575243805473767.0,0.020307699658963802,0.14326611291109304
39,0.840,0.7983654339369061,0.767496024532582,3347501034766834.0,0.012323748203404646,0.18643550015451324
39,0.820,0.8281272114348485,0.795846327110088,3388506850377319.5,0.012013139412182463,0.15670175333435193
39,0.800,0.9073173936010773,0.8709937914294833,3618014854103753.0,0.01750050732357991,0.07197206754103593
39,0.780,0.9599982688010813,0.9199376458489975,3725789319940713.5,0.02846881951414404,0.008607373400648337
39,0.760,0.926808814021459,0.8865555771374997,3498524001781135.0,0.039087595564697396,0.031667581147643176
39,0.740,0.8545243696363283,0.8168801357078831,3138740088664269.5,0.04208064283732217,0.1013464369881872
39,0.720,0.8041093749514029,0.768965805156782,2874781381288755.5,0.03853408709561569,0.1554695759283235
39,0.700,0.7813134154908985,0.7464028876504205,2712917894574128.0,0.03724891658518206,0.1796458518041264
39,0.680,0.8165634857757942,0.7777191142368154,2745977566108135.5,0.04733570343337286,0.1344840032008117
39,0.660,0.8694471971699735,0.8255401540753559,2829094386013292.0,0.06571113294763721,0.0635440279661972
39,0.640,0.8398721516193609,0.7967769296715344,2647780772101802.0,0.07953780368007303,0.07983716117454781
39,0.620,0.8709400659239435,0.8280436306127142,2665693479429521.5,0.08508584956356105,0.04357510252575568
39,0.600,0.8989339923370736,0.8542735143068011,2661420461295837.0,0.06779889404593066,0.032681529212982244
39,0.580,0.7940143579951058,0.7514626870387352,2263084207147831.0,0.04106750350234542,0.16388552598806475
39,0.560,0.8191504080851248,0.7718366488248354,2244288698160256.2,0.02559603639471405,0.15341268935801847
39,0.540,0.9062085614303361,0.8540931106214307,2394772585304566.0,0.006528235367579561,0.08344391231177602
39,0.520,0.9546367502343657,0.884729420471186,2388796270198477.0,0.0004019771772467607,0.037719102238680094
39,0.500,0.7712036662549618,0.6894964814468404,1790059051133392.8,0.000409440459243134,0.22286411622336363
39,0.480,0.9809473704717208,0.8590663767950711,2141081791275174.5,0.006588648042151961,0.008499047800533885
39,0.460,0.7526943658951447,0.6610213183843509,1578841731236134.0,0.032472559319762784,0.21371507523298613
39,0.440,0.6870669807325102,0.5896902599442597,1347230574357372.2,0.03286578932566616,0.2790259810599213
39,0.420,0.9409632896951048,0.7811625298902182,1703554346565589.0,0.043328635479569166,0.01423744886854941
39,0.400,0.7155421777020401,0.5733064923239556,1190726860278728.0,0.02273249715878112,0.26047800333063037
39,0.380,0.8533832232993716,0.6190344006554109,1221416211498979.5,0.03914709611508487,0.10713890579506086
39,0.360,0.9016680546822851,0.5753051469505847,1075390162944843.9,0.06427069796909149,0.03500860167106324
39,0.340,0.7614690058858623,0.4287054511750613,756838510102839.6,0.06483107224584057,0.17472730243737156
39,0.320,0.9194736053148203,0.46787931398343785,777408208681588.1,0.06869398364638513,0.01320230995195193
39,0.300,0.7313059833916239,0.22899090628723023,356701380317310.25,0.026906098581560307,0.24354314777292851
40,1.200,0.4829875143040531,0.3706949209437311,2276745846706634.0,0.13761008543298414,0.3791717655290407
40,1.180,0.4577602866559568,0.35073644824123995,2118261527005671.5,0.13144441789224603,0.41052351536372433
40,1.160,0.445323870477734,0.3409820348125765,2024445821733608.2,0.12873063503074375,0.4256278488157226
40,1.140,0.4472264282774465,0.3425854432693417,1998897055195475.0,0.12999186403042245,0.4224086158487685
40,1.120,0.4649800518887915,0.35673355845853516,2044931006422729.5,0.13572507432840042,0.3988511686814984
40,1.100,0.5001373426618311,0.38471494007836166,2165949908655011.8,0.14641364067163976,0.35291351027141404
40,1.080,0.5514447490819738,0.42823439615649483,2367129261835223.0,0.16408009196443749,0.2838528481128737
40,1.060,0.6168659284512982,0.4842894685585464,2627408263686706.5,0.18621444220344097,0.19620491981817603
40,1.040,0.6838654976287715,0.543336803433491,2892138814419100.5,0.20978805749973875,0.10554306032860418
40,1.020,0.7295059053811803,0.5867994941834325,3063420215350903.0,0.227557802250757,0.0420778686112268
40,1.000,0.7342214666633247,0.5979635485019631,3060492938658439.0,0.23270160232834675,0.032223613954990016
40,0.980,0.7085441702939556,0.5999899755652428,3009447292099782.0,0.20004113844312388,0.09061731427075304
40,0.960,0.6933896288823377,0.6111900182314766,3003061022825914.0,0.15909155423437113,0.1467826215222961
40,0.940,0.7344302115872029,0.6680006876978176,3213819152136418.0,0.12919696978786835,0.13563104430545667
40,0.920,0.8316984768659806,0.774054392633852,3644819099809760.0,0.10396468910722174,0.06346263041148976
40,0.900,0.9172887123596752,0.86736425808371,3995404024850983.0,0.07355609797424381,0.007939197026582114
40,0.880,0.9071256646004593,0.8663515096290295,3902055839603033.0,0.04125474814116113,0.04983307131344166
40,0.860,0.8385770343704072,0.8048466389580002,3542650077597885.0,0.020342050084960022,0.1386686590965383
40,0.840,0.7950301785713273,0.7641278816672608,3285201436147883.0,0.012212370855294655,0.18988468382802148
40,0.820,0.8168735384000566,0.7848580206853804,3293985055883905.0,0.01177689842973215,0.16822452413994202
40,0.800,0.893973261484513,0.8579992138371582,3513124560052668.0,0.01712066805169118,0.08573207434047432
40,0.780,0.9557162776432374,0.9156520149168593,3655457419929220.0,0.028136284088369767,0.013223274992046959
40,0.760,0.9339074526441237,0.8931736341749208,3474290734777526.5,0.03912289932161489,0.024502968995490124
40,0.740,0.8627777340477292,0.8246054971669879,3123162754000475.0,0.042215447329874936,0.09292509701542
40,0.720,0.8067366935007253,0.771321689185699,2842396838657816.0,0.03838923461722653,0.15296603248741777
40,0.700,0.7760570945340212,0.74122637994651,2655617846973730.5,0.03669633289866391,0.18545103809513058
40,0.680,0.8046320949395869,0.7661730891054325,2666566863001563.0,0.046235301815097406,0.14752097978689607
40,0.660,0.8627567464361544,0.8189460616466748,2766405921832454.0,0.0646137067338915,0.07131822369787945
40,0.640,0.8386644380430561,0.7953830890502103,2605391538573772.0,0.07863493006979753,0.08192246869215794
40,0.620,0.8609882770497476,0.8184976529399336,2597322030602384.5,0.08314145766863662,0.05545256063157381
40,0.600,0.9095790745975728,0.8645259337948199,2654886428072080.0,0.06770993285512837,0.022106877556183353
40,0.580,0.8024608012882026,0.7596050520060962,2254927117416512.5,0.040915451719263016,0.15557867351222138
40,0.560,0.8096007424193299,0.7628599976636784,2186500296639952.0,0.024918102102672614,0.16366184215952126
40,0.540,0.8924343600582546,0.8409669264578148,2324284828263123.0,0.00630705799648118,0.09748709681764167
40,0.520,0.9641964571046173,0.8933750206823177,2377682274438519.0,0.0003942442985760579,0.02807839999973803
40,0.500,0.7636446937034812,0.6823473204217729,1746192691088832.8,0.00038830789715186203,0.23047853970903937
40,0.480,0.9690082868197983,0.847678807099645,2082520255192059.2,0.00621990775991413,0.020824461095303958
40,0.460,0.7700086148201104,0.6758325945515342,1591159208149222.2,0.032135738542182775,0.1966960598460843
40,0.440,0.6736320451501634,0.5782522050429848,1302226849248223.8,0.031354377192416946,0.2939957945182042
40,0.420,0.9300023576995837,0.7717082560413719,1658895802560342.5,0.04173581427590911,0.026810041954396346
40,0.400,0.7304179326936021,0.5843593338124761,1196345576082458.0,0.022628879684306175,0.2456726004591417
40,0.380,0.825854761030528,0.597572813745629,1162227371427747.0,0.03701851388889316,0.13680214174694003
40,0.360,0.9096105681581969,0.5792724772318403,1067338233249690.9,0.06345267909718277,0.027903671678857298
40,0.340,0.7541613882551214,0.4243343444388275,738420546090441.0,0.06322327650862747,0.1836241680588832
40,0.320,0.9194956249005194,0.46772077310585736,766043282439121.2,0.06772385370697982,0.014148874913010975
40,0.300,0.7186558775196517,0.2240834434282938,344070703641047.0,0.026021793634177663,0.25704505997518123
41,1.200,0.4934939346172583,0.37863395104489045,2291096422098729.5,0.1391411577472574,0.3671350618509248
41,1.180,0.46469037152841436,0.3558625718388652,2117419401512789.5,0.13211362644323507,0.4029257071281018
41,1.160,0.4485102609410702,0.3431792914078161,2007343195266237.8,0.1284353644960465,0.42273987851286915
41,1.140,0.4466027997484972,0.34180134252902544,1964812820501010.5,0.1286612429464717,0.4243686802603091
41,1.120,0.4604231930445324,0.35285636208771404,1992776268562570.0,0.13327709017304956,0.40586557259770606
41,1.100,0.49151629588538603,0.37761029566951965,2094493803459928.8,0.14277096514174545,0.36519160851361754
41,1.080,0.5389848905554457,0.4179764561606085,2276240481154811.5,0.15921228973845894,0.30119961531832073
41,1.060,0.6019329685920156,0.4718563701211139,2522076499493253.0,0.18049635910105027,0.21687805174378352
41,1.040,0.6698907687293556,0.5313904812364147,2786696535479371.0,0.2042591380349476,0.12506727417134564
41,1.020,0.721227699427361,0.5791910232071726,2978959244731543.0,0.22376505691945806,0.0541615078191398
41,1.000,0.7338210335598345,0.5966482113244412,3008575473410567.0,0.23148404320776605,0.03384329287982962
41,0.980,0.7130305793673388,0.6029644387128442,2979616309032253.0,0.20053912946547603,0.08562600699547969
41,0.960,0.6939870907105805,0.6111116796241048,2958246673497136.5,0.15873861746895632,0.1465325124481829
41,0.940,0.7284733110026566,0.6621462579727476,3138516024204230.5,0.1278181806385585,0.14296479430982537
41,0.920,0.8226203113849619,0.7652870189546142,3550215712901544.0,0.10258459607645257,0.0739194306467446
41,0.900,0.9148352213574596,0.8648083782730219,3924686446753853.0,0.07317728424785874,0.010761904753516351
41,0.880,0.913558536043155,0.8723092095425097,3870755125144840.5,0.04142788584550462,0.043202348927199194
41,0.860,0.8437809330168246,0.8096749135591886,3511168749886736.5,0.02039381075816913,0.13338780596880817
41,0.840,0.7924482001713304,0.7614807765922514,3225379326267652.0,0.012114604822488282,0.19256431045029418
41,0.820,0.8059180745134825,0.7741568420643371,3200997806729052.0,0.011548645505167392,0.17944021419661815
41,0.800,0.8797329785042926,0.8441458641182357,3405258233664372.0,0.01672990665759388,0.10040266153606804
41,0.780,0.9494211767174188,0.909435335570378,3576918088059865.0,0.027750332264861958,0.019912001975379075
41,0.760,0.9400315652247935,0.8988534134604446,3444649451346537.5,0.0391181072837422,0.018355471466605575
41,0.740,0.8717216582822764,0.8329841707957589,3108214885820099.5,0.04238355490285884,0.0837780864666532
41,0.720,0.8105715894262991,0.7748277639208556,2813068050706362.5,0.03830418716608545,0.14919222784652378
41,0.700,0.7718100481543498,0.7370132156834936,2601452396134560.0,0.03619891091305828,0.19018973407157783
41,0.680,0.7926706982492421,0.7546016321298447,2587433642272504.5,0.04514938175884366,0.1605741929717288
41,0.660,0.8546127808886324,0.8109723253491813,2698935695929102.0,0.06342389299681735,0.08064096431157042
41,0.640,0.8376962528909221,0.7942071648856881,2563045655894770.0,0.07776567171339573,0.08373420118784398
41,0.620,0.8503613448223606,0.808295843369628,2526996280469048.0,0.08116249409941038,0.0680398928940754
41,0.600,0.9180030178982965,0.8726574092211581,2640204691717542.5,0.06743857019383881,0.0139360640518077
41,0.580,0.8128697538678172,0.7696053669530012,2250809030544982.2,0.04084869671035379,0.14522086227283224
41,0.560,0.8012933852383989,0.7550568304441803,2132113084517944.8,0.024286016527101544,0.17262001181153028
41,0.540,0.8777964254922244,0.8270307991561537,2251946199904721.5,0.006084145215985991,0.11239974921447254
41,0.520,0.9715765590615981,0.8999946039349624,2359857706615444.5,0.00038559156507403077,0.02063434323679155
41,0.500,0.759191751339839,0.6779742718401663,1709329490265208.0,0.0003694805485722526,0.23496239479895112
41,0.480,0.9500238571177146,0.8301386329548147,2009252098561244.0,0.005820987473233178,0.04025471509776188
41,0.460,0.7902007525199584,0.6930905297148294,1607645777409147.2,0.03187157427154458,0.17672013692815122
41,0.440,0.6637209613728977,0.5698501343366337,1264316772033636.8,0.03003120664316047,0.30524779323415135
41,0.420,0.909298882683706,0.7542279415088604,1597329364454003.0,0.03973344686132169,0.04955027566778699
41,0.400,0.7504381901446652,0.5994886435007973,1209159297014242.8,0.02265412885792867,0.22558470440195266
41,0.380,0.79727913817449,0.5754288274275311,1102599470060560.2,0.034900293552778246,0.1675027212781086
41,0.360,0.9148035178361077,0.5813239111654614,1055269182234838.9,0.06240764748975024,0.023773124217819717
41,0.340,0.7495759891289885,0.4215832855798501,722777906701758.5,0.06185080330769514,0.18956705714046823
41,0.320,0.9137167775291447,0.4645066008532495,749522088246788.5,0.06630802098518243,0.021333746734397092
41,0.300,0.712785427279127,0.2213289520436041,334812797911142.4,0.025389085784045258,0.2635324093828185
42,1.200,0.5051933615854893,0.3874813319336316,2308703667782928.0,0.14090522307846465,0.3536720484218008
42,1.180,0.4727681184530405,0.36185928874076634,2120107563854331.5,0.1330316023535656,0.3939309797556233
42,1.160,0.45273721395710353,0.34616524421682815,1993781737804965.2,0.12838508129594478,0.41856572731566094
42,1.140,0.44692408603568573,0.34173577574479075,1934333979886517.2,0.127571886269582,0.42514180600416956
42,1.120,0.45674352115210926,0.3496516302009343,1944418493467309.5,0.13107158518158288,0.4117594247105443
42,1.100,0.4836966902723329,0.3711282270573076,2026995735562544.8,0.1393665545522183,0.37642902948567863
42,1.080,0.5271311830733495,0.40820310062499476,2188951895616063.5,0.15454204922317388,0.3177418376816174
42,1.060,0.5871115538126783,0.4595303770551525,2418556590780084.5,0.17483544776866872,0.2373822055317461
42,1.040,0.6551339261666439,0.5188398820935042,2679185932467847.0,0.19850707032781542,0.14559762400694534
42,1.020,0.7113079902609536,0.5702632038873815,2888096394913944.5,0.21945579923914554,0.06840518423481781
42,1.000,0.7318004901120725,0.5939895015790203,2949272708779432.5,0.22972470335051734,0.037626932978091006
42,0.980,0.7171289094128477,0.6055712392853546,2946642710028219.0,0.20089536461371435,0.08116514203990874
42,0.960,0.6949065384823324,0.6112896115145415,2913764255198648.0,0.15844631067505224,0.14589959982891634
42,0.940,0.7227983955184758,0.6565331678876298,3064225257102101.5,0.12649021209126035,0.14996571384828877
42,0.920,0.8130997562281386,0.7560972778441095,3453835624932985.5,0.1011561299823625,0.08486781035532219
42,0.900,0.9111229023566124,0.8610507900678359,3847755272344628.5,0.07270279806236633,0.014940929678732071
42,0.880,0.9195694630570712,0.8778530961733159,3835665093981485.0,0.04158388419193337,0.03701138128196497
42,0.860,0.8496237668308914,0.815108840619934,3480568758646064.5,0.02046245810795434,0.12744914081712155
42,0.840,0.7906757239469766,0.7596083418030305,3168145905851483.5,0.01203129587397728,0.19441709149763084
42,0.820,0.7953798541645648,0.7638571540154797,3110012723186399.5,0.0113301279260491,0.1902275857542949
42,0.800,0.8647713787240486,0.8296023080701683,3295308674416063.0,0.016332087518028317,0.11580455156136589
42,0.780,0.9410623293269137,0.9012404074745192,3490369627718068.5,0.027311236870497312,0.028724157376571212
42,0.760,0.9448403187594024,0.9032695831626827,3408530160280593.0,0.03906072617105655,0.013579374387393423
42,0.740,0.8811816172786536,0.8418489805319032,3093157775147999.0,0.04257673127966736,0.07408858168794906
42,0.720,0.815645247027099,0.7795131752617926,2786712202878870.5,0.0382798688433715,0.14411593711655066
42,0.700,0.768707514495859,0.7338920914932149,2550741280129236.0,0.03576224113317476,0.19372075591565727
42,0.680,0.7809045076806542,0.7432194856631427,2509355332229381.0,0.044091076882379523,0.17340486639341002
42,0.660,0.8450105726335795,0.8016162915996147,2626918708146080.0,0.06214481370959534,0.09151402930611285
42,0.640,0.8367984772127336,0.7930891572341309,2520218233720638.0,0.07691473766305304,0.08545696610154124
42,0.620,0.8393954013849342,0.7977584690220171,2455835516066276.5,0.07918389645575888,0.08096596726978553
42,0.600,0.9236519807527038,0.87813943357184,2616079232765952.0,0.06695239279388533,0.008755794406946741
42,0.580,0.8250988311391774,0.7813290355789179,2250080833329196.5,0.040856535602109806,0.13296530612441185
42,0.560,0.7945027793525903,0.7486855696471822,2081726412340058.0,0.023706609805638646,0.1800052911505389
42,0.540,0.8626175519799625,0.8125894323963239,2178718358187550.8,0.0058621380971905545,0.12785510278398765
42,0.520,0.9759642302747866,0.9038370325854258,2333617312893795.0,0.00037580115199180596,0.016206308858218332
42,0.500,0.7580576171360752,0.6765629315084138,1679632875972742.5,0.0003528621400991205,0.23610124324853857
42,0.480,0.9249169221390453,0.8072745901582915,1923971715391576.2,0.005403547553515362,0.06585224167223706
42,0.460,0.8130767422880097,0.7126146399955081,1627603948980711.2,0.03166308586939815,0.15399837875969394
42,0.440,0.6575142637880306,0.5646368151174453,1233553616182309.0,0.028892191980419504,0.3126052307121854
42,0.420,0.8802826699140047,0.729913579503233,1522148053982403.0,0.03741867078219169,0.08092882176535744
42,0.400,0.7755443413165879,0.6186338936205578,1228654751864058.2,0.022794679937858026,0.2002865006414313
42,0.380,0.7689471061068027,0.5535479114679919,1044419510282104.5,0.032851947271461304,0.19788991745206555
42,0.360,0.9168191180209762,0.5811929349400787,1038864701344250.1,0.061122310503188206,0.02305734678539432
42,0.340,0.7481640506882505,0.4207061124916424,710221641821216.8,0.06073968600458254,0.19207933142902767
42,0.320,0.9018268638790625,0.4580767921024946,727820745858559.4,0.06444450265058813,0.03506867099006552
42,0.300,0.714221538241289,0.22087282481106357,329002882674499.25,0.02501531877909835,0.26247222188240615
43,1.200,0.5181160172269207,0.3972589410919557,2329405493339941.5,0.14289680513659397,0.3387579952870569
43,1.180,0.48205640784804615,0.3687729907686647,2126333010056027.5,0.13420361363791755,0.3834711795482115
43,1.160,0.45806810384580965,0.3499863509882832,1983806302258023.8,0.12858747548717472,0.4130343146623051
43,1.140,0.4482441114600624,0.34242776777491757,1907497575958322.0,0.12673088335329763,0.42466705890602396
43,1.120,0.45398895222562907,0.3471538741280604,1899897658502032.0,0.1291157264409567,0.41647761553638485
43,1.100,0.47673587994514505,0.3653107116625376,1963564901778235.5,0.13621196016222845,0.3865568194172572
43,1.080,0.5159799416660296,0.39898758877254564,2105587581379274.8,0.15009472778310537,0.33335773727519064
43,1.060,0.5725713789586713,0.4474448912607775,2317584553903920.5,0.16928281093120628,0.2574963742531819
43,1.040,0.6398165851459269,0.5058646415274061,2570738090220274.0,0.19260428185600473,0.16683977567580582
43,1.020,0.6998656060916203,0.5601188521547481,2791711467624183.5,0.21467505000270207,0.08464487288496834
43,1.000,0.7280449005656656,0.5899012054462865,2882500904652091.0,0.22739379512952324,0.04371937353307463
43,0.980,0.720654821052175,0.6076554984281799,2909870598007490.0,0.20105790556886574,0.07747121317369624
43,0.960,0.6960795026526186,0.6116621390424938,2869280460421577.5,0.15819738368887842,0.1449696803074858
43,0.940,0.7174189618700513,0.6511730162026751,2990986259228018.0,0.1252146259753602,0.156618733337792
43,0.920,0.8032150456810149,0.7465584106621124,3356153288553846.5,0.09968923991579547,0.09621953625561985
43,0.900,0.9061210347837579,0.8560631446746992,3764770252312935.5,0.07213105590545202,0.020508694604099594
43,0.880,0.9249955830639981,0.8828275801251425,3796196925661209.5,0.04171588916834025,0.031430250490947734
43,0.860,0.8560643897035227,0.8211084120032218,3450556327001314.5,0.020547100094026678,0.1208948148673839
43,0.840,0.7897625356330427,0.7585579561249239,3113567049265155.5,0.011963183251406141,0.19539230502559346
43,0.820,0.7853723337742085,0.7540678480154583,3021443271999985.0,0.011122967847434695,0.20047111894806488
43,0.800,0.8492789846300264,0.8145520291489157,3184190083668832.0,0.015931242299780397,0.13174254497766338
43,0.780,0.9306513626610633,0.8910797392431116,3396263208146725.0,0.02682104177551661,0.03964611758628383
43,0.760,0.9479878714020068,0.9060923076252054,3364931318937587.0,0.03893841291478862,0.010533850882505096
43,0.740,0.8909294705531168,0.8509816598784951,3077103390412439.0,0.04278443303862509,0.06409582569637967
43,0.720,0.8219613117885916,0.7853807031014475,2763140010098680.5,0.03831593369024336,0.137733808906071
43,0.700,0.7668742768834005,0.7319815891042488,2503735034461892.0,0.035391240226535996,0.19591406166689032
43,0.680,0.7695626288303221,0.7322448699391376,2433074567006715.0,0.043073234327106184,0.1857705849298235
43,0.660,0.8340121160404196,0.7909386203409419,2550802806675497.0,0.06078430397221513,0.10386765295732092
43,0.640,0.8357609246011404,0.791830413437267,2476294660316548.0,0.07606361971469984,0.08731971992606279
43,0.620,0.8284085625299895,0.7871886368575008,2384847837049766.5,0.07723722742381715,0.0938810185650908
43,0.600,0.9260690996319912,0.8805357273982192,2581596722336208.0,0.06622799012058748,0.007046778867242621
43,0.580,0.8389122051552755,0.7945527842659934,2251857560234264.0,0.04092411986754552,0.11906292637200593
43,0.560,0.789475953697872,0.7439788532188709,2035817236313116.0,0.023185349043443403,0.18556461132912913
43,0.540,0.8472498710644621,0.7979749365929489,2105586945587768.0,0.005643677189923451,0.1434969127482305
43,0.520,0.976607251125446,0.9042080752706353,2297533717284970.0,0.0003647118444192965,0.015552606055953704
43,0.500,0.7604082290858751,0.6782565514343227,1657120806878619.0,0.00033832622093791446,0.2337278300256322
43,0.480,0.8950691076616015,0.7803123372657912,1830205598345101.2,0.004980409025918753,0.09621750191950776
43,0.460,0.8382181048405436,0.7340277840233775,1649910928640597.2,0.03148623149903438,0.1289737266494488
43,0.440,0.6551380106948508,0.5627184901484054,1209856970038975.5,0.027929823346250927,0.31594933670982106
43,0.420,0.8451826367801488,0.7006144953430112,1437866539612356.8,0.03491524798253235,0.11858936671365693
43,0.400,0.8053281435704019,0.641457085312039,1253769689999932.8,0.02302712938348565,0.1702102842058379
43,0.380,0.7421038481912853,0.5328326667824596,989383373592749.9,0.030925455423634896,0.2266660928950252
43,0.360,0.9154097456285415,0.5787349631391142,1018057692007050.9,0.05959818063273242,0.02600190867613402
43,0.340,0.7503513887089994,0.4219421852626545,701006481476017.9,0.059911117483154426,0.19071457930590616
43,0.320,0.8841997933809049,0.448626016312134,701495035944861.4,0.06218197485186392,0.054931617838095276
43,0.300,0.7233102917101464,0.22280304374570947,326612305192885.56,0.02490005734755811,0.2535197032903819
44,1.200,0.5322740670408412,0.40797468473145243,2352942186409950.0,0.14510449875029965,0.32239216565484735
44,1.180,0.49261483390563204,0.37664735455429177,2136061358003028.8,0.13563265438033897,0.37148371670141656
44,1.160,0.4645681385929511,0.35469022582472287,1977443141599887.2,0.12904946499618125,0.40607349965563766
44,1.140,0.45061844937843654,0.34391741785673396,1884325032487014.2,0.1261447365480089,0.4228823437356207
44,1.120,0.4522064116155186,0.3453965658339534,1859228776833705.8,0.1274154760285222,0.4199672345620015
44,1.100,0.4706853822737468,0.360194900020125,1904263483405911.2,0.13331615423562027,0.39551444930046004
44,1.080,0.5056151453321134,0.3903930950810383,2026388340672595.0,0.1458909657450351,0.34794260716672504
44,1.060,0.5584676246436294,0.4357210822624458,2219786642800850.0,0.16388375578279263,0.2770198831180241
44,1.040,0.6241656780682966,0.4926475048403303,2462444334114933.5,0.1866232535509694,0.188494023114545
44,1.020,0.6870673027520703,0.5488987216669546,2690848122740240.0,0.20948203362323567,0.10265436101225899
44,1.000,0.7224909228372648,0.5843398921852794,2808421770152272.5,0.22447861866573937,0.05219670753822789
44,0.980,0.7234181973357189,0.6090585039781543,2868678522635836.0,0.20097394002558333,0.07478737131658245
44,0.960,0.6974232542569819,0.6121552615489672,2824422187821767.5,0.15797136582629492,0.14384604701389297
44,0.940,0.7123375359525126,0.6460673725368223,2918787363974202.0,0.1239909308018299,0.16292181742247308
44,0.920,0.7930419686388174,0.7367413222506068,3257614214545969.5,0.09819339225002126,0.10788930006105733
44,0.900,0.8998194633982177,0.8498366622136057,3675993772866912.5,0.07146204018276875,0.027475463395647257
44,0.880,0.9296632900049713,0.8870669802972975,3751767185645134.5,0.04181661318477739,0.026640246690347223
44,0.860,0.8630431090045849,0.8276158444792854,3420771321617354.5,0.02064642474219678,0.1137860026212934
44,0.840,0.789750838428981,0.7583696514582676,3061660462802045.0,0.011910887347286033,0.1954469557415978
44,0.820,0.7760016670959516,0.7448906889889195,2935642678790541.5,0.010928644267876172,0.2100627616241517
44,0.800,0.8334550842633692,0.7991867626890675,3072805444598104.5,0.01553143460841297,0.14801260258870974
44,0.780,0.9182645578334332,0.8790277721639161,3295292682639666.5,0.026283554451109102,0.05259763841872912
44,0.760,0.9491416286991944,0.9070047095781723,3312988506548436.0,0.03873969551337026,0.009563934875845453
44,0.740,0.9006803887343054,0.8601099766535291,3059021291277571.5,0.04299372972992356,0.05409829071953658
44,0.720,0.8294895463600004,0.7924007283916988,2742042345498100.0,0.038410525074577144,0.13007796811183375
44,0.700,0.7664220303925168,0.7313876701796648,2460608214459477.5,0.03509006503476459,0.19665347847030057
44,0.680,0.7588711393527461,0.721892887485513,2359274482319454.5,0.042108038102795474,0.19743260743585503
44,0.660,0.8217475445645218,0.779064516423928,2471235616762725.5,0.05935478648815074,0.11755922063297679
44,0.640,0.8343402188404782,0.7902011723080041,2430605288231513.5,0.07519145849288729,0.08958702284237385
44,0.620,0.8176844543390033,0.7768565879891896,2314884555319787.0,0.07534928661130677,0.10647451937542296
44,0.600,0.9249426592803186,0.879548199756183,2536341275132676.0,0.06525381611470962,0.00913266263886552
44,0.580,0.8539642913296882,0.8089491340638947,2254997178648381.5,0.041032019091998495,0.1038791261631302
44,0.560,0.7864277137945224,0.7411390062000073,1994731714592992.5,0.022726268632325367,0.18907863155811874
44,0.540,0.8320588017211308,0.7835316891180019,2033513783135222.8,0.005431280565574665,0.1589556951506002
44,0.520,0.9729001954192059,0.9005501275443218,2250650350778407.5,0.00035224474462502395,0.019283597414991686
44,0.500,0.7663568199183394,0.6831509435913129,1641660964740001.8,0.00032572037489847006,0.22772799403406507
44,0.480,0.8621230306650817,0.7506995839134256,1731825808234142.5,0.00456392825082727,0.12968915501251024
44,0.460,0.8649005959782509,0.7566861969524473,1672901761240249.2,0.03130851207464737,0.1024038753770215
44,0.440,0.6566796068039503,0.5641683127740073,1193048670539466.0,0.027134242414674697,0.31520239055800314
44,0.420,0.8065828432624237,0.6684695819542081,1349359699270370.8,0.0323507138229599,0.1598161468386533
44,0.400,0.8388456574864391,0.667196939041636,1282657873366182.0,0.023314506831757162,0.1363385987174078
44,0.380,0.7178716097347226,0.514087499883852,938895884712398.5,0.029162380759903222,0.252666986384938
44,0.360,0.9105038865123952,0.5739241140521265,993010333942731.8,0.05784980743993012,0.03266339724303499
44,0.340,0.7565071960726221,0.42549921606660995,695303597054091.5,0.05937913233723286,0.1850900956883429
44,0.320,0.8618952210981116,0.43670316792894265,671634684023101.1,0.05961590058008074,0.07976901788566716
44,0.300,0.7401799745545647,0.2271407767533792,327501396458427.1,0.025034414167029014,0.23655580204455026
45,1.200,0.5476544372446313,0.4196170029544573,2378932012823291.0,0.14750928725093837,0.30460668301514693
45,1.180,0.5044967378641042,0.385521065813461,2149204930480985.2,0.13731861998495423,0.357915357897363
45,1.160,0.4723037388619878,0.3603251461873414,1974696096551061.0,0.12977692883367647,0.3976109691004019
45,1.140,0.45410475933516575,0.34624613840285107,1864822484087390.2,0.12581937004129504,0.419724057843545
45,1.120,0.4514425587708141,0.34441268475765263,1822404872177928.0,0.12597575414873377,0.4221766814682128
45,1.100,0.46559179686570534,0.35581383603695227,1849112029766414.8,0.1306858070381973,0.40324861754896135
45,1.080,0.4961089533908631,0.3824731579159206,1951517383006280.5,0.1419469070432626,0.361408073301695
45,1.060,0.5449386119405587,0.42446610911825056,2125673667344453.0,0.15867716386643202,0.2957753672344472
45,1.040,0.6084046220759541,0.4793672618806434,2355317273141101.5,0.18063372191849453,0.21026692963620036
45,1.020,0.6731191912035326,0.5367742725217223,2586661331250638.0,0.20394709226084592,0.12215691815309221
45,1.000,0.7151337092504454,0.5773101377948244,2727450584814583.5,0.2209853490165256,0.0630575864548742
45,0.980,0.7252310044353576,0.6096244313277659,2822514268901406.5,0.20059204938583192,0.07335328668902999
45,0.960,0.69884167933392,0.6126835134120937,2778786204606240.5,0.15774481246987407,0.1426483678030342
45,0.940,0.7075456355364111,0.6412077741084522,2847569546674445.0,0.12281659025589328,0.16888599440716642
45,0.920,0.7826517247423962,0.7267125791726976,3158626044741702.0,0.09667730689881712,0.11979712863276167
45,0.900,0.8922289185287781,0.8423824119150829,3581784947883031.5,0.07069729776422458,0.03582901991376347
45,0.880,0.9333918065293971,0.8903989601289867,3701817662413840.5,0.04187848875813878,0.02283013535196798
45,0.860,0.8704792366075925,0.8345532537987648,3390784684972101.5,0.02075864736097849,0.10620541200454899
45,0.840,0.7906739654257866,0.7590748828628382,3012392892520465.0,0.011874895538906294,0.19454708206267632
45,0.820,0.7673653199277092,0.7364189888235861,2852899926050523.0,0.010748480882914161,0.21890333272047816
45,0.800,0.8175008512871694,0.7836998799441903,2962016505080071.0,0.015136632714280111,0.16440887696482895
45,0.780,0.9040407810081432,0.8652188292814583,3188366752965094.0,0.025704213957518644,0.06743405846211212
45,0.760,0.9480031161072151,0.9057228098088259,3252045433870263.5,0.038454766486040064,0.010978797270589272
45,0.740,0.9100928045898434,0.8689077516166378,3037757475762271.0,0.04318936477458576,0.04445366997180092
45,0.720,0.8381586560284272,0.8005044162622708,2722976765256705.5,0.038560005010332146,0.12122348188836071
45,0.700,0.7674465209851046,0.7322009583745243,2421452978158333.5,0.03486202202442287,0.1958396627029053
45,0.680,0.7490470993450269,0.7123698253352974,2288559114539175.0,0.04120670654076512,0.2081621725760361
45,0.660,0.8084109150370401,0.7661796174494087,2389033484533294.0,0.05787274916298466,0.13237800391346866
45,0.640,0.8322719318611203,0.7879521281630927,2382470400784803.5,0.07427623617473676,0.09254570005970521
45,0.620,0.8074598253102159,0.7669878966614367,2246611135354448.8,0.07354120586354393,0.11848848301703056
45,0.600,0.9201422469716757,0.8750514810548465,2480461905133691.5,0.06403193848629934,0.015142086732377684
45,0.580,0.869786024186981,0.824073324066291,2258091606323102.5,0.04115597166727906,0.08790778728846024
45,0.560,0.7855362868589552,0.7403339360456491,1958679560594021.0,0.02233192811973737,0.19036614555338172
45,0.540,0.8174078290276855,0.7696019917964209,1963394860401069.8,0.005227241262769157,0.17386411545837527
45,0.520,0.9644680223673289,0.8925194041494221,2192646991535844.0,0.0003384224244539249,0.02777743230405854
45,0.500,0.7759505573769419,0.6912827329995195,1632952005306586.5,0.0003148674734558658,0.21805413233851767
45,0.480,0.8277712814018764,0.7199208922486786,1632577178915284.2,0.004164682742574269,0.16455723531465605
45,0.460,0.8920148950154634,0.7796119847899182,1694275557162888.8,0.03108822974325128,0.07544150686797656
45,0.440,0.6621969913542468,0.5690340607673321,1182874436622448.5,0.026493938655566422,0.3103178187763533
45,0.420,0.766990215862631,0.6355502103593477,1261092271493542.5,0.029837176264419934,0.20198611272448302
45,0.400,0.8744040905549642,0.694502648886215,1312446487148428.5,0.023602713137009967,0.10042135719571062
45,0.380,0.6972107168634046,0.49799188150662965,894033034621225.0,0.02759301300484668,0.2749015677629447
45,0.360,0.9021769468573307,0.5668335771803098,964063800944499.1,0.055901441628509525,0.04294193080899035
45,0.340,0.766894031690148,0.43152531926255505,693159063894878.9,0.05914709010951293,0.17494035545365344
45,0.320,0.8365034200714366,0.42312981529068666,639692580670930.0,0.05687372200785593,0.10786547063629592
45,0.300,0.7646292881980955,0.23380818144821144,331381809954632.25,0.02539803377324962,0.2118017532493179
46,1.200,0.564209898696228,0.4321480587270969,2406843158540339.5,0.150082560583895,0.2854774310946807
46,1.180,0.5177451137849546,0.395424688152462,2165607596150450.2,0.13925723607893087,0.34272739310250644
46,1.160,0.4813414399843142,0.3669391961007358,1975541113830698.2,0.13077431561227032,0.38757572748859676
46,1.140,0.45876296578239767,0.34945676960708505,1848980314134169.8,0.12576008302148753,0.41512695901810576
46,1.120,0.45174447523762495,0.34423523161073355,1789399525708509.2,0.12480057700046497,0.42305483943508615
46,1.100,0.4614977916938487,0.3521972233103917,1798094824002050.5,0.12832557004535414,0.4097119792567489
46,1.080,0.4875226089386429,0.3752724260683756,1881067536294785.5,0.1382745295008344,0.37368085918979266
46,1.060,0.5321046086992931,0.41377226218145147,2035641129261936.0,0.15369523356580034,0.3136102236254872
46,1.040,0.5927457297038503,0.46619273286630536,2250260602589436.5,0.17470034834929304,0.231881257065993
46,1.020,0.6582558472979007,0.52393864775056,2480359232702727.5,0.1981479579169666,0.1428399285345747
46,1.000,0.7060297911303801,0.5688664180640679,2640245279348976.5,0.21693948606049973,0.07621988342572954
46,0.980,0.7259164450515676,0.6092080896693008,2770931025594905.5,0.19986478630593818,0.07339340688689387
46,0.960,0.7002268447554425,0.6131514338378253,2731951337286865.5,0.15749170805860793,0.1415107148190951
46,0.940,0.703024019466798,0.636575986973206,2777231507629293.5,0.12168708101747686,0.17453504953899235
46,0.920,0.772109166411354,0.7165327720348726,3059552176199609.5,0.09514874458342537,0.13187035699464977
46,0.900,0.8833804891501712,0.8337307873256222,3482589822542168.5,0.06983987334079764,0.045535260497347387
46,0.880,0.9359977576547316,0.8926489159071304,3645837704811443.0,0.041893862909865166,0.020191379991231252
46,0.860,0.8782687196061166,0.8418204100839736,3360097506474393.0,0.020881459172060038,0.09825971331782393
46,0.840,0.7925549034383484,0.7606951199912626,2965677308548404.5,0.011855545432848915,0.19266925515347877
46,0.820,0.7595510034483197,0.7287365883018309,2773437640833980.5,0.01058363917170288,0.22690360067755094
46,0.800,0.80161295557373,0.7682802515872234,2852618109359738.0,0.014750598085832392,0.1807302364315216
46,0.780,0.8881750330933457,0.8498408706255686,3076565701509094.5,0.025089843897667646,0.08395301285484798
46,0.760,0.9443296385276146,0.9020161918326352,3181719603646597.0,0.03807627371644182,0.015029234097327556
46,0.740,0.9187726812156597,0.8769990005685299,3012068166288201.5,0.04335400825269811,0.035574349324904754
46,0.720,0.8478484648349325,0.809576289672881,2705354956153318.0,0.03875866141436709,0.11129649924333196
46,0.700,0.7700242323813901,0.7344935944867576,2386272468866534.5,0.03470946175182372,0.19339352877514948
46,0.680,0.7402937378828299,0.7038685858379172,2221439415967221.0,0.040379272610511004,0.21774554407126553
46,0.660,0.7942507468754701,0.7525209185646895,2305135666726044.5,0.05635787970893114,0.1480554937130494
46,0.640,0.8292869283632076,0.7848299505492743,2331253601877171.0,0.07329626782368656,0.09648699052470355
46,0.620,0.7979162960776572,0.7577556246986299,2180493700169393.5,0.07182799499681758,0.1297261786981286
46,0.600,0.9117355229315589,0.8671089953798918,2414676302591958.5,0.06257826289078697,0.024991665872349904
46,0.580,0.8857776539736387,0.8393564196885372,2259479409494887.5,0.041266989508356465,0.07177838542006396
46,0.560,0.7869385483446162,0.7416926286807141,1927728942462761.5,0.022003370835094457,0.1892889067149008
46,0.540,0.8036454030239074,0.7565137406619071,1896027178480681.8,0.0050335510255519675,0.1878702227011549
46,0.520,0.9512295182189632,0.880044363079247,2123938254670370.0,0.000323376229485974,0.04111608847115823
46,0.500,0.7891475220471533,0.7026090579971823,1630488450098636.2,0.000305563994610398,0.20474840319691454
46,0.480,0.7935808238337698,0.6893445833900025,1535718382534094.8,0.003790693566179688,0.19924026655413146
46,0.460,0.9180149502582364,0.8014505484813226,1711073007002015.2,0.03077519309855619,0.04968539257661051
46,0.440,0.6717201246249692,0.5773392179653164,1179010612019434.0,0.02599608109401637,0.30127837093123466
46,0.420,0.7285317199308683,0.6036108254927562,1176631005848044.0,0.027460181823831076,0.24288336610008676
46,0.400,0.9093861851829562,0.7212984929773247,1339087617487329.2,0.02381895928226706,0.06515335448754617
46,0.380,0.6809158113315958,0.485099398097646,855555742025317.9,0.02623712975765542,0.2925550481884187
46,0.360,0.890610322605741,0.5576083390075702,931677781803668.2,0.05378324268226141,0.05662585533881626
46,0.340,0.7815921982365793,0.44006629433405864,694434040346148.0,0.05920263494092501,0.1601975935077229
46,0.320,0.8098858959082057,0.4088650756027755,607245034108129.0,0.054093989715220364,0.13722362301651295
46,0.300,0.7959259871946965,0.2425692765075224,337746630954379.1,0.02595356440728904,0.18002548526673146
47,1.200,0.5818483636326026,0.4454955743513133,2435962931138501.5,0.15278387372783797,0.2651370008588221
47,1.180,0.5323871152264822,0.40637647295716256,2185025949788641.2,0.1414386995240475,0.3259024897821819
47,1.160,0.4917461558988871,0.374578924766652,1979918725233247.8,0.1320440950688446,0.3759003823238979
47,1.140,0.4646552094432312,0.3535935179107176,1836771708443539.0,0.12597143061330046,0.409024333077009
47,1.120,0.4531602781738344,0.34489768021794465,1760168850727493.2,0.1238931581538732,0.422550359500531
47,1.100,0.4584431017877508,0.34937219485368964,1751164959720499.5,0.126238347451402,0.41486187460259216
47,1.080,0.4799076072568356,0.36882760555428457,1815069293959070.8,0.13488204283868277,0.38470121762050546
47,1.060,0.520067639797579,0.40371690025356494,1949974043758721.2,0.14896353704391688,0.33039674359350496
47,1.040,0.5773842520256228,0.4532781037437897,2148048657605224.2,0.1688809608277741,0.25308368771809714
47,1.020,0.642728255050827,0.5105968032769028,2373145130002082.5,0.19216576574377053,0.1643709498101667
47,1.000,0.6952954092288782,0.5591112773611301,2547676536062081.5,0.21238484072226713,0.0915233798642565
47,0.980,0.7253188060452966,0.6076831726174444,2713621811016543.0,0.19875138167515183,0.07510439052435362
47,0.960,0.7014613390530424,0.613455713009356,2683493103538660.5,0.1571840412519296,0.1405786459164594
47,0.940,0.6987432257687185,0.6321445327247346,2707635970003091.0,0.1205959995889549,0.1799048800056836
47,0.920,0.7614714705678625,0.7062552823028637,2960707961589324.5,0.093614349435212,0.14404511599369607
47,0.900,0.8733242869452125,0.8239302141042235,3378928279465039.5,0.06889418181131939,0.056539657684231436
47,0.880,0.937300669337165,0.8936452416883893,3583388161318383.0,0.04185522860408292,0.01891240057070569
47,0.860,0.8862820314890612,0.8492927479544699,3328142415807179.5,0.021011981221671996,0.09008170179785988
47,0.840,0.7954045860405566,0.7632402197723833,2921370026938480.0,0.011853004793030357,0.1898023130388138
47,0.820,0.7526358808585332,0.72191710353388,2697411586751307.0,0.010435115752272048,0.23398508330747939
47,0.800,0.7859780114104722,0.7531069231236148,2745318028630886.0,0.01437679508938374,0.1967859277519238
47,0.780,0.8709082456789524,0.8331256620976966,2961086877963834.5,0.024448314399778473,0.10190500414705982
47,0.760,0.9379543239672592,0.8957270941321309,3101953894610449.0,0.03760001538209677,0.02188686940008551
47,0.740,0.9262833349237173,0.8839673744364233,2980670649951295.0,0.04346875014239566,0.027917069230427596
47,0.720,0.8583818514813362,0.819446585475883,2688432776249934.5,0.038998410779968934,0.10048263662630125
47,0.700,0.7742083684744778,0.7383154248466236,2354973459094910.5,0.03463364715159161,0.1892604106296309
47,0.680,0.7327968691560661,0.6965652948834192,2158324698564659.2,0.03963444462459522,0.22598774402772798
47,0.660,0.7795564803511692,0.7383638496535072,2220549179500168.2,0.05483196172764497,0.16428006185543914
47,0.640,0.8251311686988672,0.7805960378032823,2276419785674909.5,0.07223190541233256,0.10168501718519428
47,0.620,0.7891758588358115,0.7492760617678723,2116798808597356.2,0.07021846641550743,0.14005671779950196
47,0.600,0.8999817947534551,0.8559669248720926,2340206973217582.0,0.06092111445187769,0.03839381819308568
47,0.580,0.9012130528064669,0.8541093448982499,2257290751761079.5,0.04133200983006341,0.05625103529209954
47,0.560,0.7907238802101478,0.7452993501750174,1901799832078505.8,0.02174005760429519,0.18575784960448857
47,0.540,0.7910947383153751,0.7445708400677374,1832085842589338.0,0.004851852667106693,0.2006477426982028
47,0.520,0.9334246875649126,0.8633506870792089,2045674905875540.8,0.0003073384887383515,0.059057750375801785
47,0.500,0.8057822838618767,0.7169772073496995,1633508464251855.2,0.00029757577646783627,0.1879774210280237
47,0.480,0.7608799053980955,0.6601250518146858,1443821441753197.5,0.0034472087468620438,0.2323990735439979
47,0.460,0.9409332325638947,0.8204870257324172,1719790655261241.0,0.03031382682869478,0.027162083837361788
47,0.440,0.685243687906796,0.589076495672944,1181055771481075.0,0.025626511681166017,0.28810343434720825
47,0.420,0.6928173867107758,0.5739768635963902,1098473823855031.0,0.025275916705447495,0.28083914016572614
47,0.400,0.940235489137976,0.7447764854548811,1357475446075552.2,0.023875108421372658,0.03418570313997056
47,0.380,0.669637103860988,0.47585482913015403,823956174910418.1,0.025105724114818578,0.3049658955556465
47,0.360,0.8760550083185935,0.5464407341747157,896378852552200.2,0.051528141448490626,0.07343124848369544
47,0.340,0.8003922997562455,0.45100444210186585,698724178265115.9,0.059510937920288706,0.14110588601689678
47,0.320,0.7838993004574608,0.3948624162285453,575760427539208.6,0.051406176651274754,0.1658600405318481
47,0.300,0.832524203961345,0.25294667073517874,345777123803639.2,0.026639261618987806,0.14283100469062676
48,1.200,0.6004205702155476,0.4595434553221178,2465366165179279.5,0.15555855032758534,0.24378940450858405
48,1.180,0.5484268802622061,0.4183769000209792,2207106577113501.8,0.14384599726821665,0.3074535514014276
48,1.160,0.5035786060702647,0.3832873718851916,1987724084997394.5,0.1335860154950888,0.36252446092775903
48,1.140,0.4718454841737779,0.35870165300510226,1828150010727809.8,0.1264570131165,0.4013485678522375
48,1.120,0.45573961818024306,0.34643433612651553,1734652763435361.8,0.12325596211851488,0.42061110852014616
48,1.100,0.4564654921502383,0.347364048768135,1708248913869673.5,0.1244255407341566,0.4186591200378934
48,1.080,0.47330701614427484,0.3631685170296191,1753499103069607.5,0.13177431681448545,0.3944211801790111
48,1.060,0.5089121059497264,0.3943630225180286,1868855193361091.2,0.14450132090407275,0.34603119181480857
48,1.040,0.5624942136166791,0.4407597235961691,2049315577632608.8,0.16322539803081884,0.27365014977675667
48,1.020,0.6267917705048155,0.49695575316258883,2266164826115356.0,0.18608118814617616,0.18641363000327268
48,1.000,0.6831003542407219,0.5481898742808009,2450781590028376.5,0.20738112681666915,0.10873834167433721
48,0.980,0.7233131699644618,0.6049503035560367,2650448528270736.0,0.1972203410680619,0.0786427877385268
48,0.960,0.702421424898558,0.6134880394489566,2633000448916340.5,0.15679255668973366,0.1400052968017579
48,0.940,0.6946643995684748,0.6278774799734884,2638617023868565.5,0.11953521759683407,0.18504251125095228
48,0.920,0.7507872529280158,0.6959254649820017,2862359349959988.5,0.09207954742495573,0.15626732117198
48,0.900,0.8621273965736702,0.8130451821095447,3271378461907161.5,0.06786582816342708,0.06876949143983804
48,0.880,0.9371292108934496,0.8932252956121908,3514125647675061.0,0.04175548519437451,0.019172056992795082
48,0.860,0.8943625608497211,0.8568198583952101,3294288079299808.0,0.021146728674173144,0.08183195086692237
48,0.840,0.7992199204664441,0.7667065469225837,2879267782533427.5,0.011867247508281107,0.1859493659127126
48,0.820,0.7466859835483489,0.7160233753087417,2624911423258010.5,0.010303742823023442,0.24008063430124976
48,0.800,0.7707680855960415,0.7383448143123715,2640722804862000.0,0.01401832458306966,0.21240015160892492
48,0.780,0.8525143967451441,0.8153363913058874,2843184412497723.5,0.023788147771993604,0.12100671899895472
48,0.760,0.9288019187029679,0.8867854172418612,3013045812050593.5,0.03702544196502999,0.03162780991686298
48,0.740,0.9321616997288786,0.8893717348093887,2942311455760323.0,0.04351386508255221,0.021965856163588357
48,0.720,0.8695171604043609,0.829884076361685,2671305312942423.5,0.039268526225008746,0.08903486234259646
48,0.700,0.780023875069673,0.743689279688014,2327357830945760.0,0.0346345847283004,0.1834152237559546
48,0.680,0.7267224187841085,0.690616971807629,2099518759794176.0,0.03897953550312832,0.23271510560699343
48,0.660,0.7646425575823272,0.7240071283058012,2136290836570431.2,0.05331766650026556,0.18071411101103182
48,0.640,0.8195873882430961,0.7750469965372684,2217591823139558.5,0.0710673038461973,0.10837331236606289
48,0.620,0.7812995315364886,0.7416074833702226,2055603710642080.2,0.06871545378157007,0.14941619061945524
48,0.600,0.8853034299516305,0.842027037547482,2258660138115331.5,0.05909840661802042,0.054888184964418135
48,0.580,0.9152608026393128,0.8675428496529511,2249533826983182.8,0.041315272071901894,0.04219400778720536
48,0.560,0.7969257351392316,0.7511856812882791,1880654112506797.5,0.021539754039317297,0.17974165716889073
48,0.540,0.7800467428545307,0.7340465725572719,1772111218668106.5,0.0046834192732192895,0.21190320248006492
48,0.520,0.9115976232081562,0.8429450498780681,1959639605575832.5,0.0002906199467565285,0.08105406520022751
48,0.500,0.8255195671507535,0.7340837842775116,1640926901838520.8,0.000290632083649938,0.16807895846427537
48,0.480,0.7307106425386198,0.6331627964664742,1358720806383429.0,0.0031369230953418093,0.26298422137794314
48,0.460,0.9585080301159925,0.8347605325999158,1716695778280466.5,0.02964943650493662,0.010192213012148845
48,0.440,0.7027096831612863,0.6041926706048714,1188506959184737.2,0.025369428672951104,0.27086677539034104
48,0.420,0.6609402266356678,0.5475456894573764,1028118691204329.2,0.023314313409637667,0.31472877068890526
48,0.400,0.9627631255631679,0.7616427611542138,1362024469834683.5,0.02367894403434914,0.011807251619227355
48,0.380,0.6639137792839462,0.4706197403288485,799516326100922.5,0.024203040836543777,0.31159038436588155
48,0.360,0.8588124322602824,0.5335568058985237,858730255797879.5,0.04917005183718716,0.09302286431903194
48,0.340,0.822655639740129,0.46397850468447516,705261827099760.0,0.06000654286923197,0.11836874919076835
48,0.320,0.7601792705550127,0.38195801338889823,546435874894149.0,0.04891638944808869,0.19203534344827855
48,0.300,0.8717638890632143,0.2641333783576023,354256755566716.8,0.027362062850989945,0.10296513862570052
49,1.200,0.6197067027826555,0.4741216275079427,2493886212340668.0,0.1583353317020379,0.22172580815170168
49,1.180,0.5658364195254336,0.4314017610602589,2231359481286572.8,0.14645288729399344,0.2874348512957482
49,1.160,0.5168916661069184,0.39310128160556473,1998794154056393.2,0.13539612627244982,0.3473990388950763
49,1.140,0.4803988490599716,0.36482688112764633,1823044641185939.0,0.12721915061092612,0.39203226682428344
49,1.120,0.45953401425735524,0.34888056650018373,1712775425397733.8,0.12289069821175763,0.4171838398409321
49,1.100,0.45560164193727243,0.34619691691572263,1669250452722976.5,0.1228872534240638,0.4210669181125025
49,1.080,0.4677568493092426,0.35831918602877644,1696287414932139.2,0.1289533076265458,0.40280275541428123
49,1.060,0.4987059977056795,0.3857603022102365,1792375587686838.0,0.14032197695018114,0.3604321194465386
49,1.040,0.5482259959370082,0.42875431476917253,1954553059329270.5,0.15777492225496775,0.2933888231695089
49,1.020,0.610695146687597,0.48321576185048615,2160463260321880.8,0.17997100904594404,0.2086421215355711
49,1.000,0.6696579900706968,0.5362814966545966,2350706641581315.5,0.20200041698211474,0.12757905304053485
49,0.980,0.719814011862047,0.6009440511641964,2581462007323916.5,0.1952516571613306,0.08411422084364395
49,0.960,0.7029809703608288,0.6131386115136405,2580093951916509.5,0.1562876715267453,0.13994652862834692
49,0.940,0.6907404075084471,0.6237314958064295,2569988321745077.5,0.11849508434444349,0.19000477913662908
49,0.920,0.7400961107752274,0.6855802332527312,2764723706265560.0,0.09054849785118423,0.1684931796693416
49,0.900,0.8498712531609268,0.8011537367722493,3160559667890354.5,0.06676138658817929,0.08213669501568407
49,0.880,0.935327888072647,0.891241785596273,3437825541246806.0,0.041588215222538215,0.021132664104248012
49,0.860,0.9023257893186445,0.8642247411844867,3257847627358212.5,0.021281591791952888,0.073699657145082
49,0.840,0.8039815264194707,0.7710748217762122,2839104838504678.5,0.011898025123193165,0.18113009517126016
49,0.820,0.7417557609687347,0.7111070483095074,2555962379546208.0,0.010190190387903458,0.24513489377192238
49,0.800,0.756137359155998,0.7241415309999836,2539329537916747.5,0.013677881631653694,0.22741545648316683
49,0.780,0.8332862776901901,0.796754008791261,2724109003289362.0,0.02311810716449198,0.14095571582240513
49,0.760,0.9168979608678197,0.8752173854472882,2915648392795172.5,0.036355883613434746,0.04422321332157412
49,0.740,0.9359411978835068,0.8927680112304588,2895849330616406.5,0.043469846554178515,0.018208060278011567
49,0.720,0.8809421741717255,0.8405903947069969,2652910148736878.5,0.03955543567322623,0.07727974601407488
49,0.700,0.7874612743023853,0.7506051268938662,2303112689139787.0,0.034710809386485256,0.17586886426965953
49,0.680,0.7222148034038476,0.6861600147336561,2045219574870665.0,0.03842044206546315,0.23777692081510665
49,0.660,0.7498320203906532,0.7097571877245107,2053332856030501.8,0.051837377838297706,0.19701167854004883
49,0.640,0.8124962866610058,0.7680346023378617,2154598645008492.2,0.0697920431901956,0.1167219731913763
49,0.620,0.7742885675111127,0.7347513531437291,1996814426458043.5,0.06731624634831053,0.1578060309812412
49,0.600,0.8682407040419161,0.8258037027882659,2171869356928907.5,0.057153912966202786,0.07389052644317667
49,0.580,0.927026132707465,0.8788072832548672,2234226829708639.2,0.04118051635111666,0.030539548175446723
49,0.560,0.8055101295849226,0.7593196520340283,1863881461028234.0,0.021398357234970366,0.17127846684835193
49,0.540,0.7707558138050723,0.7251796740270824,1716504728995924.0,0.004529155410192511,0.22138015369331684
49,0.520,0.886537442912194,0.8195601365041882,1868055570438948.0,0.0002735765779065312,0.10630966969369929
49,0.500,0.8477981517741967,0.753425351195339,1651261499826945.8,0.0002844196356468843,0.14561849251381126
49,0.480,0.7038339577512015,0.6091101483574003,1281571067550467.0,0.002860450647095448,0.2902306326990204
49,0.460,0.9684522372966048,0.8423007899039268,1698363553019134.0,0.028737506115530984,0.0011119956448448274
49,0.440,0.7239784194040597,0.6225634505524191,1200720481212588.5,0.025206792555362432,0.24972619070270793
49,0.420,0.6335575762609759,0.524854546798493,966259720356459.8,0.021584990287617175,0.34388427288911555
49,0.400,0.9728785828912767,0.7686964187468174,1347784540902582.2,0.02315398479283169,0.0021926443944335107
49,0.380,0.6642067714545293,0.4696973456571613,782361236040562.2,0.02352837688654979,0.3119680112172506
49,0.360,0.8392368355708919,0.5192160088488473,819324981545792.8,0.0467434943208862,0.11501214419747548
49,0.340,0.8471581389302266,0.4782934162790409,712818465445968.9,0.06058530663906329,0.0933131004342803
49,0.320,0.7400195887311387,0.37080883276848897,520122534979684.7,0.04670079703364653,0.21438144209675483
49,0.300,0.9097087048523479,0.2749464580395575,361555527661130.44,0.027996025093377272,0.06448077666113988
50,1.200,0.6394030413879556,0.48899593096140936,2520093724478322.0,0.16102439776055444,0.19933986263560116
50,1.180,0.5845444058713042,0.44539367174438443,2257128326127240.5,0.1492215617678214,0.2659555831869679
50,1.160,0.5317253654421525,0.4040473002907551,2012891658201372.5,0.13746552375440846,0.33049299868736387
50,1.140,0.4903800772127017,0.37201429181886897,1821355315506330.8,0.12825841616598627,0.38101006777145474
50,1.120,0.46459696967951897,0.3522728593915017,1694444735242953.8,0.1227982417564064,0.41221415590238764
50,1.100,0.45588791066996687,0.3458943368874716,1634053751411565.8,0.1216224451612088,0.4220499361204238
50,1.080,0.46328741012943236,0.3542989015459179,1643326137618319.8,0.12641845690018344,0.4098161841303732
50,1.060,0.48950249661915346,0.3779464149839425,1720546034538809.5,0.1364336138127414,0.3735381887749419
50,1.040,0.5347054732700668,0.4173584264254551,1864115111677311.2,0.15256212219926113,0.3121411010773837
50,1.020,0.5946713839188669,0.4695630833054151,2056952765607668.5,0.17390535996946052,0.2307530055504027
50,1.000,0.6552126168042306,0.5235890211930037,2248644148428791.8,0.19632286337192673,0.14772074868083826
50,0.980,0.7147816904819511,0.5956380922950137,2506909991377033.0,0.19283837066680226,0.09156532468655812
50,0.960,0.7030160373053318,0.6123001979451503,2524444542194249.5,0.15564052473278983,0.14055528482395727
50,0.940,0.6869172272507783,0.6196571448606655,2501551894784358.0,0.11746467403550306,0.1948566919345003
50,0.920,0.7294285583661383,0.6752480107931935,2667972460478127.5,0.08902409257091723,0.18068925631754448
50,0.900,0.8366486179141989,0.7883445928690881,3047114713168123.0,0.06558815255267737,0.096541130614376
50,0.880,0.9317637886039629,0.8875691927915451,3354401883926051.5,0.041347960648099674,0.024932954132591428
50,0.860,0.9099595937556871,0.8713041375425328,3218091803173150.0,0.021411840869748122,0.06590233383299071
50,0.840,0.8096511864911707,0.7763076957526115,2800550311203596.0,0.011944833732024821,0.17538334668015154
50,0.820,0.7378876824961178,0.707208201607582,2490527505956287.5,0.01009496892787407,0.24910468618681533
50,0.800,0.7422199212962718,0.7106252672038035,2441523078818644.5,0.013357735491122184,0.24169497412564955
50,0.780,0.8135212779107486,0.7776636040296566,2605053086783754.5,0.022446805907720108,0.16144507520929122
50,0.760,0.9023697376996417,0.8611463502607367,2810740549433760.5,0.035598455200817294,0.05953841743799432
50,0.740,0.9371802904120978,0.8937364457616526,2840346931016763.5,0.04331866043566864,0.01710447722449062
50,0.720,0.8922711239995414,0.8511972650428918,2632042620530911.5,0.03984265009775754,0.06562053236662607
50,0.700,0.796469162961315,0.7590129611464878,2281799253243252.0,0.03485911720268045,0.16667599998994037
50,0.680,0.7193958115300745,0.6833091652019636,1995521265191472.0,0.03796165189365702,0.24104655846802037
50,0.660,0.735441350856595,0.6959138143033925,1972557149945251.2,0.05041216562795482,0.2128346496570884
50,0.640,0.8037743768395921,0.759482548045145,2087507162596186.8,0.06840237618565996,0.12681853203452734
50,0.620,0.7680877547839399,0.7286555221854385,1940189507638196.0,0.06601317888475243,0.16528913416836272
50,0.600,0.8493985022042227,0.807873113234003,2081730985811050.2,0.05513329158965079,0.09475002243789532
50,0.580,0.9356145015617771,0.8870529394850568,2209569846138792.0,0.040893936742907956,0.022217264113765855
50,0.560,0.816360613288417,0.7695915494072966,1850881091766729.0,0.021309659003900663,0.16049117192967952
50,0.540,0.7634378711839347,0.7181725186140451,1665531089721262.8,0.004389613763212646,0.22886113335094677
50,0.520,0.859190362554594,0.7940730703068732,1773348177983210.0,0.000256572533540695,0.1338708153416261
50,0.500,0.8717719089688494,0.7742467179081506,1662568618892598.0,0.00027857930629070644,0.12144864372982397
50,0.480,0.6807672274737359,0.5884053098010049,1212964308937168.5,0.002616881152342496,0.31361926602375767
50,0.460,0.9688450871912176,0.841469564079753,1662365225377087.0,0.027554338832443823,0.0018701704829645236
50,0.440,0.7487865630235973,0.6439572532472454,1216858043859417.2,0.02511750438571821,0.2249663443830502
50,0.420,0.6110029694970991,0.5061734241725075,913016931524174.9,0.020083634840322714,0.3679759039937599
50,0.400,0.9676351140641093,0.7636519726137013,1311854504314305.5,0.022262970357193494,0.008331499300654336
50,0.380,0.6709188085721772,0.47334807012216246,772492744285417.2,0.0230772344982308,0.3057002924038588
50,0.360,0.8177538585548694,0.5037206911096723,778793813310204.9,0.04428411530327415,0.1389381414895001
50,0.340,0.8719635901740745,0.4928457972126979,719648088217502.0,0.06109987736720785,0.06802037029042304
50,0.320,0.7243399778038766,0.361876814137523,497325740686185.9,0.044805579214933826,0.23193374656728527
50,0.300,0.9413689432258374,0.2838956288150923,365771751503695.25,0.028392977328867374,0.03250378668356728
51,1.200,0.6591104500208972,0.5038594595798226,2542290480205232.0,0.16351623533771054,0.1771403471038837
51,1.180,0.6044229032909915,0.46025205134564623,2283559062507793.0,0.15210007294172842,0.243195710040561
51,1.160,0.548100230827093,0.41613693666746604,2029685568113071.2,0.13977878318126113,0.3118012570216185
51,1.140,0.5018515697342959,0.3803067514534332,1822944284612435.8,0.12957299712624146,0.3682213685712417
51,1.120,0.4709838001105654,0.35664866157272596,1679550744818874.5,0.12297846807630099,0.40564684601212675
51,1.100,0.45736094878589,0.3464796991364863,1602525642065914.5,0.12062902549678962,0.4215736008302737
51,1.080,0.45992453892642143,0.35112319142390364,1594475239013285.0,0.12416704348853339,0.4154383384955171
51,1.060,0.4813417766670767,0.37094851321372047,1653308919135435.8,0.13283966925755925,0.3853057567430485
51,1.040,0.522034411355734,0.406648890041503,1778227978678624.5,0.14761120102291933,0.3297809019352701
51,1.020,0.5789308349909466,0.4561645719622741,1956393598767855.8,0.1679457281428742,0.25247418637747954
51,1.000,0.6400255940910846,0.5103274913806488,2145771501782736.2,0.1904321510919893,0.1688180541016162
51,0.980,0.7082259965097781,0.5890478408308968,2427231237904910.0,0.18998726471156432,0.10097950006135814
51,0.960,0.7024099060619816,0.6108725462854833,2465791489294099.0,0.15482410516465805,0.14197543228311416
51,0.940,0.6831355881376496,0.6156004121229787,2433107313522884.5,0.11643207297186198,0.1996695007939361
51,0.920,0.718806302945235,0.6649490024459423,2572235186603448.0,0.08750799584191132,0.19283215810120966
51,0.900,0.822560334689794,0.7747140448260084,2931692712514851.0,0.06435388213034038,0.1118740975035709
51,0.880,0.9263329023433317,0.8821097760047478,3263922333545498.5,0.041030478437138376,0.030681485546831578
51,0.860,0.9170260267233293,0.8778302800235672,3174267461341866.0,0.0215321628324514,0.0586839895603737
51,0.840,0.81616903969273,0.7823470852794296,2763206002218514.0,0.012006876446068942,0.16876998645346472
51,0.820,0.7351118092465364,0.7043549516699957,2428510206734438.5,0.010018431215817587,0.2519594493479358
51,0.800,0.7291285838712246,0.697903688681148,2347577775376485.0,0.01305972852130517,0.2551236119920163
51,0.780,0.7935083825780438,0.7583419600748118,2487105443728227.5,0.021782368168636764,0.1821767830170612
51,0.760,0.8854386049175911,0.8447853457318248,2699569250069327.0,0.03476363834830342,0.07734105454528284
51,0.740,0.9354944578451229,0.8919120693526772,2775161546849312.5,0.043045111805402846,0.019055915476541865
51,0.720,0.9030465373184573,0.8612683563263248,2607387002339537.0,0.0401108935976835,0.05453516366247043
51,0.700,0.8069453715442113,0.7688144275408225,2262841178748501.0,0.035074246630826075,0.15594425630488154
51,0.680,0.7183635796854906,0.682156565302649,1950417049377141.8,0.03760625384302927,0.24242248304937108
51,0.660,0.7217678376112338,0.6827582059497858,1894721454259481.8,0.049060985117753454,0.22786621712366503
51,0.640,0.7934256985008361,0.7493973482352477,2016631908586341.8,0.06690189203718266,0.13865555055792128
51,0.620,0.7625905344507421,0.7232191627264165,1885367962694520.0,0.06479433930776911,0.17198403628275374
51,0.600,0.8293936819668658,0.7888231094169368,1990056397183571.5,0.0530804685945957,0.11680555834951
51,0.580,0.9402123089766942,0.8915066977602237,2174138028710986.0,0.04042759382912199,0.018069897445695
51,0.560,0.8292598443284833,0.7817965195398194,1840840956614879.2,0.021265059317876544,0.14760617527731884
51,0.540,0.758269774114252,0.7131906061482957,1619324484931924.2,0.004265020112992023,0.23416822771457735
51,0.520,0.8305618268368652,0.7674147812624335,1677907488144278.0,0.00023994632999708182,0.16272401986395071
51,0.500,0.8962619541062522,0.7954992906480597,1672415984236855.5,0.00027270938777318075,0.0967574178903209
51,0.480,0.6618363720472571,0.5713186663598184,1153065982217616.0,0.0024043039763535627,0.3328243134793633
51,0.460,0.9585567920661182,0.8313273882733427,1607919969680439.8,0.026105705467660972,0.013593879575098361
51,0.440,0.7766920503863906,0.6679877643856024,1235821346742198.8,0.025076449210792787,0.19705490195787811
51,0.420,0.5933951772184358,0.49159532802038747,868143555851136.0,0.018797496903255922,0.38689745391408237
51,0.400,0.9461915628957638,0.7458903272293017,1254496561252449.5,0.021024480713732405,0.031048150678396596
51,0.380,0.684389183925636,0.4817870981238741,769791783052674.0,0.02284150087909267,0.2924558205707125
51,0.360,0.7948828711868238,0.4874274877377252,737814228733153.9,0.04182927994757752,0.16424463110108806
51,0.340,0.8944120297406558,0.50611419678667,723539000102257.1,0.06136437146564566,0.04533342100098328
51,0.320,0.7137120871796476,0.3554433322478929,478249867839365.4,0.0432507699001707,0.24410137384472905
51,0.300,0.9615249287129818,0.2894300440981578,365089526358071.3,0.028410112400899436,0.012383954670408846
52,1.200,0.6783273305463191,0.5183273571803656,2558527332947258.5,0.16568197567824186,0.15575787583862255
52,1.180,0.6252724225800733,0.4758218768478768,2309569823626919.0,0.15501969459681186,0.21942355072306807
52,1.160,0.5660086788732503,0.4293600688419881,2048728102110467.5,0.14231205307258513,0.2913552814495022
52,1.140,0.5148703272980711,0.3897425910921841,1827626316446281.2,0.13115785099904526,0.3536142012827231
52,1.120,0.4787510891024777,0.3620459325539296,1667962870626547.2,0.12342998282477911,0.39742670066814934
52,1.100,0.4600581138494278,0.3479765408266213,1574516931651323.8,0.11990387869206934,0.4196036567537783
52,1.080,0.45769071078861906,0.34880467435004375,1549568342746049.2,0.12219447351197775,0.4196513325633985
52,1.060,0.4742528486420522,0.3647847222328854,1590549501388139.5,0.12953951432386185,0.3957064236817595
52,1.040,0.5102917995825158,0.39668400728316805,1697003408434827.2,0.14293853723789718,0.3462127739396301
52,1.020,0.5636566698837829,0.44316422736391,1859385978840771.0,0.16214374313985058,0.2735706448916005
52,1.000,0.6243616534092407,0.49671297605180026,2043196749848378.8,0.18441113731423472,0.19052305073232728
52,0.980,0.70020623307767,0.5812301338295078,2343035567941215.0,0.1867185723311505,0.11227712593040813
52,0.960,0.7010582197965795,0.6087668562538882,2403958223761602.5,0.15381438391814511,0.14433547836258914
52,0.940,0.6793328222826677,0.6115044103123243,2364460867488038.5,0.11538469919908234,0.20451852697893844
52,0.920,0.7082427985172104,0.65469572386325,2477604694180008.5,0.08600071651494293,0.2049079081392072
52,0.900,0.8077120448371626,0.7603628421546267,2814933103077246.5,0.06306653213867526,0.1280218814516662
52,0.880,0.9189655020358715,0.874798667007099,3166616484471497.5,0.04063295415528579,0.038451034854808185
52,0.860,0.9232649082120079,0.8835543755995083,3125621724007123.5,0.021636736781669035,0.05231145130734348
52,0.840,0.8234505931919397,0.789111336715366,2726605159903959.0,0.012083022214986854,0.16137594259198593
52,0.820,0.733445258350583,0.702562953626521,2369756818022780.0,0.00996077206029478,0.2536817734273553
52,0.800,0.7169545440710019,0.6860636313303011,2257662753834822.5,0.012785289818931343,0.2676083796804127
52,0.780,0.7735172635156191,0.7390471266797104,2371217650465102.0,0.021132161204285,0.202872942980283
52,0.760,0.8664045575230691,0.8264222575894834,2583570286283715.0,0.03386458891105964,0.09731721117170467
52,0.740,0.9305880897425421,0.8870150460896628,2700022541177833.5,0.04263816748072857,0.024369897058754374
52,0.720,0.9127478377632738,0.8703075727613329,2577566877921142.0,0.04033851000461893,0.04456725523353656
52,0.700,0.8187270165970276,0.7798534033123299,2245513628755786.2,0.035348518251129286,0.1438445536600383
52,0.680,0.7191912390283628,0.6827705034771733,1909802014004491.0,0.03735592872266966,0.24182962361211158
52,0.660,0.709080171613393,0.6705441107900774,1820438331877261.2,0.047800134355026974,0.24182084940465673
52,0.640,0.7815453108909801,0.737871448444409,1942519393474828.2,0.06530146151318093,0.1521271622598502
52,0.620,0.757645850574957,0.718299346640416,1831900344795768.0,0.06364437542166694,0.17805726066302358
52,0.600,0.8088101502223298,0.7692103365016746,1898458226699635.2,0.051034809000108955,0.13943350978060703
52,0.580,0.9401739791057021,0.8915547522791126,2127064680805884.8,0.03976275628848001,0.01876278101911765
52,0.560,0.843868832930481,0.795614966589195,1832718039703265.5,0.021253266712303296,0.13297449322878577
52,0.540,0.7553891651791351,0.7103624527334477,1577896240470850.0,0.004155299972799189,0.23716320453755185
52,0.520,0.8016271377777843,0.740487368826193,1583892425368146.5,0.00022398559849546565,0.19188615674724593
52,0.500,0.9197422271215575,0.8158292223027238,1677930410324552.8,0.0002663800998512075,0.07308276462492115
52,0.480,0.6472290968622296,0.557999783059277,1101742114868930.2,0.002220238591877899,0.3476593253639767
52,0.460,0.9375604509867369,0.8118987709416313,1536258854887625.0,0.02442968042697488,0.036273208712097355
52,0.440,0.8070084548075238,0.6940575643253191,1256182826549079.8,0.025053576990941694,0.16670919468010884
52,0.420,0.5807283446575724,0.4811107618341775,831187580679480.0,0.017709515830117737,0.4006718354369741
52,0.400,0.9101807960545771,0.7167384444339856,1179302922020849.0,0.01951233291673621,0.06863308710773314
52,0.380,0.7048483296840148,0.4951536566451421,773977384263879.2,0.022808353288694003,0.2720168117066789
52,0.360,0.7712488054297482,0.47075193911572144,697106772340233.9,0.03941798095678242,0.19026838589527997
52,0.340,0.9113343373093904,0.5162781416427348,722050110303830.1,0.06117457499722455,0.028621962815274824
52,0.320,0.7084095402910207,0.3516362976677856,462858624703122.3,0.04203542502322491,0.25061200329648026
52,0.300,0.9660804169164658,0.2903408037676488,358289443929018.4,0.02794990475405878,0.008304912712420698
53,1.200,0.6964504146552875,0.5319376432524476,2566656206424339.0,0.16737591735224963,0.13594157910995516
53,1.180,0.6468062352185312,0.49188193239278083,2333826718428648.5,0.15789251998603057,0.19501387160995817
53,1.160,0.5854042196051059,0.44367683002452446,2069428701675336.8,0.14503081702832607,0.26923612927207363
53,1.140,0.5294837364816021,0.40035241146046313,1835156176542801.8,0.13300362161852683,0.33715053180531485
53,1.120,0.487955666243118,0.3685023383067146,1659525768320328.2,0.12414973009156051,0.38749992577579084
53,1.100,0.46401765007770024,0.3504086556599066,1549862749370274.0,0.11944281104440414,0.41610603879259844
53,1.080,0.45660594196464593,0.3473537572749445,1508417235401966.2,0.1204944983070469,0.42244139655017426
53,1.060,0.4682553224968446,0.35946556105044464,1532106247896169.5,0.1265290121781763,0.40472470952503686
53,1.040,0.4995357918631611,0.38750520728147786,1620453644368690.0,0.13855341168749608,0.36136922410964123
53,1.020,0.5490025396577399,0.4306815228689556,1766371876540406.0,0.15654066771529576,0.2938472857642864
53,1.000,0.6084766093427953,0.48295267828456495,1941915411909877.0,0.17833804467017142,0.21250138578000696
53,0.980,0.6908277263870045,0.5722799269587707,2255071510845672.0,0.18306469849257184,0.12532033126285172
53,0.960,0.6988738576274608,0.6059099734000377,2338864509385452.5,0.15259136147777866,0.14774264459842282
53,0.940,0.6754448654259932,0.6073112147822248,2295434391792383.5,0.11430964374129486,0.20948081747127137
53,0.920,0.6977440084320569,0.6444937252157374,2384142724159724.5,0.08450170377479738,0.21691108699098485
53,0.900,0.7922110175442785,0.7453931792732824,2697451553875346.5,0.06173401281024001,0.1448691762895208
53,0.880,0.909630092642039,0.8656075888877267,3062876298104657.5,0.04015415337037615,0.0482744847654423
53,0.860,0.9283994846156812,0.8882120632770809,3071431600151366.0,0.02171935413973087,0.04706856882751664
53,0.840,0.8313836836112947,0.7964923485757864,2690212732716755.0,0.012171762528945767,0.15331530009846808
53,0.820,0.7328914911042047,0.7018347352215966,2314059068687294.0,0.00992202489354504,0.2542681200016904
53,0.800,0.705767691778404,0.675171418095349,2171849692831171.2,0.012535459062376712,0.2790780581055074
53,0.780,0.753789962200101,0.7200104860030913,2258183104581887.0,0.020502608160717677,0.22328430907747157
53,0.760,0.8456250774692404,0.8063995508839276,2464277428590976.5,0.03291625817869586,0.11909351457675381
53,0.740,0.9222819331988369,0.8788767382080915,2615082649456633.5,0.04209204684418418,0.0332320404366466
53,0.720,0.92080835188327,0.877775349197372,2541216147917380.5,0.04050220791298871,0.0363083029491464
53,0.700,0.8315800247743131,0.7919060903689594,2228935250953650.0,0.0356714569213744,0.13062199294270277
53,0.680,0.7219248178371933,0.6851934555954141,1873474769153321.2,0.03721089852385297,0.23922152993519386
53,0.660,0.6976124004449678,0.659492160532521,1750166241503647.8,0.04664296141089218,0.2544506456517472
53,0.640,0.7683137519479217,0.7250777969205286,1865908358458576.2,0.06361844245511507,0.16703540016764154
53,0.620,0.7530667532198453,0.7137192821993386,1779282261893516.8,0.06254539355822676,0.18371381636972875
53,0.600,0.7881657723740095,0.7495286669024076,1808278121694268.5,0.049029269566620494,0.16208270924513332
53,0.580,0.9350996940734934,0.8868165019027063,2068175976256567.5,0.03889249789553039,0.02470339499666734
53,0.560,0.8597062755238437,0.8105930320610328,1825225900203843.2,0.021260052315355278,0.117092716209875
53,0.540,0.754893784671617,0.709778982792616,1541141888560312.5,0.004060101212758875,0.23774818168932207
53,0.520,0.7732634623247844,0.7141013422324943,1493100093528121.2,0.00020891278043221208,0.2204729971653699
53,0.500,0.9403868256891375,0.8336203344154055,1675961484293602.0,0.00025916344565497763,0.05226490344139884
53,0.480,0.6370413687134295,0.5485182446418458,1058663754900934.9,0.002061953309776579,0.3580302310533889
53,0.460,0.9069971678050114,0.7842208003011524,1450513978663520.8,0.02259151656700034,0.06870087329893018
53,0.440,0.8387366580886975,0.7212996557096761,1276127686301260.2,0.02501331442946648,0.13496526071630008
53,0.420,0.5729388543258042,0.4746628676564499,801604743975595.2,0.016801110191313338,0.40938132402725613
53,0.400,0.8632433766291187,0.6790921991303608,1092230909482183.4,0.01783615127356863,0.11732952082053229
53,0.380,0.7323135827237595,0.5134393076079359,784509921479193.8,0.02295758999317609,0.24438606273629646
53,0.360,0.7475735250584318,0.4541605943154361,657412079911707.2,0.03708968928687868,0.21624894492291502
53,0.340,0.9195667917729411,0.5215094976915395,712962797455430.9,0.0603461319173789,0.021230371676914064
53,0.320,0.7084561425627244,0.35045658691159876,450930836368506.0,0.04114235848486715,0.2514590003707761
53,0.300,0.9534092595227659,0.286158587219321,345186472147978.2,0.02699486494925905,0.021906005552773698
54,1.200,0.7127871311339448,0.544160910041559,2564424852105205.0,0.16844092013743947,0.11854133459333574
54,1.180,0.6686356347796181,0.508133849081671,2354732205044589.5,0.1606097571395367,0.170464332298877
54,1.160,0.6061883814093123,0.45900782016208114,2091026149850113.0,0.14788737784949285,0.24559004344976096
54,1.140,0.5457239004907785,0.4121548095424156,1845213458282605.8,0.13509528449056024,0.3188132866910066
54,1.120,0.4986529801784737,0.37605399201322415,1654053741677018.0,0.12513245786809174,0.3758163050267253
54,1.100,0.4692785825238418,0.3537999847503123,1528381897260156.8,0.11924041215121918,0.4110471165404921
54,1.080,0.45668847053503564,0.3467791534953978,1470815262002038.2,0.1190593532162942,0.4237980562527781
54,1.060,0.4633609932574718,0.3549952151002266,1477779898208544.8,0.12380100545356458,0.41235597822685044
54,1.040,0.4898059649918604,0.37913893998063514,1548506814545942.5,0.13445880824347087,0.37520765583745774
54,1.020,0.5350920992753524,0.418811228053055,1677644271170158.5,0.15116746688806088,0.313149345274687
54,1.000,0.5926073132394272,0.4692369555678647,1842780459754874.2,0.1722834510811079,0.2344453403298688
54,0.980,0.6802351164250392,0.5623243306694975,2164184791458879.2,0.1790680833336108,0.13992184937846638
54,0.960,0.6957911105423352,0.6022479320909154,2270533639125176.5,0.1511399346544741,0.15227781862494882
54,0.940,0.6714083258862504,0.6029637502362737,2225873336424180.8,0.11319401910961681,0.21463272502391603
54,0.920,0.6873093057213352,0.6343424422600797,2291885871387460.5,0.08300945757401725,0.22884382127488723
54,0.900,0.7761632225071192,0.7299059198921877,2579828198970525.5,0.06036396217922191,0.1623022413736613
54,0.880,0.8983355234347856,0.8545468132083371,2953248018008176.0,0.039594494504077746,0.06014263191076272
54,0.860,0.9321442660354531,0.8915309481059148,3011038197674285.0,0.021773585924329802,0.043248186469625076
54,0.840,0.8398255875156927,0.8043528424856746,2653427812890740.0,0.012271168449089586,0.1447332457220565
54,0.820,0.7334393694148719,0.7021588104682353,2261156344533761.0,0.00990205428425056,0.25372977781441375
54,0.800,0.6956173518848917,0.6652735924795932,2090122121994739.8,0.012310916203097272,0.28948242620312636
54,0.780,0.7345352943075288,0.7014314307925367,2148627922341141.8,0.019899080132228363,0.2431960088653833
54,0.760,0.8234909836876269,0.7850911651642571,2343230828804671.0,0.0319344372472686,0.14226230369171966
54,0.740,0.9105317404065661,0.8674573433003312,2520932618314233.5,0.041406900196466756,0.045686678195622936
54,0.720,0.92664157717948,0.8831137514711105,2497068947494314.5,0.04057817137652414,0.030370237750342373
54,0.700,0.8451891701323546,0.8046716112294856,2212066148816139.0,0.03602943823199005,0.11660620264280731
54,0.680,0.7265800210035074,0.6894390626839868,1841137353153278.2,0.03716981554203526,0.2345837143660012
54,0.660,0.6875609047025474,0.6497870724100606,1684210584541582.0,0.04559978271064118,0.2655484525403189
54,0.640,0.7539831880963194,0.711256589790391,1787671297391573.2,0.06187525088118729,0.18310548147612804
54,0.620,0.7486407674052747,0.7092782135747815,1726989510390721.5,0.06147794251712143,0.18918584198763413
54,0.600,0.7678922088513498,0.7301899414596009,1720554709169788.0,0.0470895156140105,0.1842955152627416
54,0.580,0.9248869563284431,0.8771936184197998,1998043076858419.8,0.03782291899769175,0.035988498439330247
54,0.560,0.8761321497188711,0.8261270888945638,1816838315119843.5,0.02126815829130469,0.1006195453178017
54,0.540,0.7568393579949756,0.7114915799116319,1508845996035136.5,0.003978808308024987,0.23586773722463028
54,0.520,0.7462084925616587,0.6889375710623147,1406904449911174.8,0.00019488130395446492,0.24774088716081843
54,0.500,0.956204693930405,0.8471142441334122,1663387290521387.5,0.0002506793926735787,0.03631060759502679
54,0.480,0.6313133506922887,0.5428951337576217,1023383890613308.1,0.0019266791138169799,0.36389904469437206
54,0.460,0.8689540445991781,0.7501426947493638,1355136696746277.5,0.020671756294372144,0.108706326795594
54,0.440,0.8705097259674577,0.7485306552793513,1293432167760693.0,0.02491474610765647,0.10323290270181792
54,0.420,0.5699505067411078,0.47218459447439687,778829681216183.6,0.016053871874078342,0.41312061009521145
54,0.400,0.8099731146829565,0.6365810280434986,999988654439700.9,0.016112633555697618,0.17241849636411707
54,0.380,0.7664057493385061,0.536361362202232,800428367467989.8,0.02325717633355798,0.20997493447125676
54,0.360,0.7246451595845584,0.4381501898717871,619450909718603.4,0.03488228707168978,0.24136130353631763
54,0.340,0.9167003463609505,0.5204007333525349,694861432026865.1,0.05876323208571594,0.025680572571011678
54,0.320,0.7136579392563258,0.35179649842313104,442102408456579.25,0.04054161422197737,0.2468659306526173
54,0.300,0.9249313420568853,0.2773199328740296,326726026586507.8,0.02561596423464376,0.05169940825784765
55,1.200,0.7265828503766266,0.5544213864097962,2549618646799116.0,0.16871711350232219,0.10447180355113075
55,1.180,0.6902587675130104,0.5241939327751441,2370434740310264.0,0.16304135379207488,0.14640703061274488
55,1.160,0.6281955508710511,0.4752228074303598,2112561063140511.2,0.15081819763186274,0.2206462781870742
55,1.140,0.5636002361248945,0.42515082839437274,1857384799774689.0,0.13741050045280873,0.2986154062415915
55,1.120,0.5108947139050568,0.3847336319859847,1651323575280267.8,0.12637001941924744,0.3623322845838583
55,1.100,0.4758802685142859,0.35817424772293416,1509875189252580.0,0.11928982120334522,0.4043943765881182
55,1.080,0.45795518146306774,0.34708820052302736,1436539630047796.5,0.1178798125196698,0.4237136522249586
55,1.060,0.45957518254751034,0.3513726100598765,1427341115403602.0,0.12134571516334296,0.41860469531667066
55,1.040,0.48112565279929065,0.37159861396022376,1481021730705297.8,0.13065221447994582,0.38770723064784374
55,1.020,0.5220199568155932,0.40762436521930173,1593361478721734.5,0.14604530649481026,0.3313609415688952
55,1.000,0.5769642731860853,0.4557335664930756,1746485656916570.2,0.16630818093014554,0.25608332641616965
55,0.980,0.6686031682682885,0.5515146403221854,2071271967057305.5,0.17477843686113062,0.15585698314943047
55,0.960,0.6917687525344629,0.5977484978164013,2199093690808502.2,0.14945049510676103,0.15799188058981584
55,0.940,0.6671625207979336,0.5984076368464316,2155653666278849.5,0.11202529770188169,0.22004753098848312
55,0.920,0.6769324412669891,0.6242361093555807,2200851401654766.8,0.0815216452385458,0.24071469811517943
55,0.900,0.7596707359376363,0.7139981420124762,2462598424156090.5,0.05896354849237333,0.18021169744779927
55,0.880,0.8851310027506573,0.8416651117803124,2838415721991555.0,0.038956033037217605,0.07400418509689934
55,0.860,0.9342149374038687,0.8932401066858764,2943883857408521.5,0.02179299502665335,0.041141989205970356
55,0.840,0.848600557735954,0.8125240476015438,2615589079827546.5,0.012378851474180148,0.13580858159554848
55,0.820,0.7350619421694315,0.7035085366116287,2210737765259560.8,0.0099005436557625,0.252094094522778
55,0.800,0.6865332646437038,0.6563978793721575,2012385421377723.2,0.01211201308534779,0.29879124669953544
55,0.780,0.7159258028826291,0.6834744857096724,2043011991347880.2,0.019325858419456672,0.26243064008823785
55,0.760,0.800402148850661,0.7628793139612525,2221894517083068.2,0.03093483330889588,0.16640690346020506
55,0.740,0.8954347569488207,0.8528519178344993,2418573868808577.0,0.040588943769742834,0.061630208396030325
55,0.720,0.9296761577939741,0.8857798380716418,2444062419810998.0,0.04054350486894135,0.027348912981837475
55,0.700,0.8591502232954332,0.8177646294630052,2193715826018209.5,0.0364054224637438,0.10221948166821657
55,0.680,0.7331375716199234,0.6954877480734879,1812393110353007.8,0.03722957685826956,0.22793850962426218
55,0.660,0.6790837551520048,0.6415771063732141,1622731998847752.5,0.04467795634317002,0.2749484410298196
55,0.640,0.738857366173732,0.6966962066381412,1708745665916880.2,0.06009750672256283,0.20000772746490986
55,0.620,0.7441418945165986,0.7047628487642128,1674513672861306.2,0.060422065499416304,0.1947195451303589
55,0.600,0.7483264492199065,0.7115158639051496,1636024654327707.2,0.04523383943046536,0.2057163752749763
55,0.580,0.9097434455447921,0.8628823732824286,1917933730625779.8,0.03657262398913927,0.052391758084761104
55,0.560,0.8923416235123404,0.8414579617945106,1805819993882384.8,0.021257492074992446,0.08438170651832283
55,0.540,0.761235268491452,0.7155080573687481,1480683697227162.5,0.0039105452950555075,0.23151325508152654
55,0.520,0.7210443282341358,0.6655325801577656,1326253888841902.5,0.00018197987732439415,0.27310300056921766
55,0.500,0.9652687844930334,0.8546136545064431,1637547242005963.0,0.00024065316490537176,0.02716226260500562
55,0.480,0.6300535217546339,0.5411241281688186,995387408372712.2,0.0018117366283046583,0.36525951977801197
55,0.460,0.8260393155598499,0.7119519707322318,1255054353003118.0,0.018751745383046397,0.15359576903253805
55,0.440,0.9005765347307267,0.7742376862572852,1305512364996691.2,0.024713113116806743,0.07331062662354036
55,0.420,0.5717015760333046,0.47362086248426544,762314395216426.2,0.015450445054284653,0.41196882026458076
55,0.400,0.7548099004674891,0.5926971402674202,908545808761044.0,0.014440892757724907,0.2293527687070275
55,0.380,0.8060742104067163,0.5631732406195522,820124174689602.8,0.023657185348226136,0.1698844458473376
55,0.360,0.7032724233902266,0.4232186973967695,583876980040917.0,0.032829627785400446,0.2647639677777705
55,0.340,0.9018034984656106,0.512382046754915,667616139881342.6,0.05641868055547632,0.042909946725066345
55,0.320,0.7236150425810293,0.3554481680908874,435893371383648.94,0.04019256464815539,0.2372726493483178
55,0.300,0.8845440795432447,0.2649934214180419,304656433305021.25,0.02394789163827156,0.09366210240363944
56,1.200,0.737064654363329,0.5621305864839197,2520245330540356.5,0.16805384582404953,0.09465669782006325
56,1.180,0.7110566135369446,0.5395904952524873,2378869698813703.0,0.16503772217914167,0.12361079410349408
56,1.160,0.6511763870654896,0.49212843709929505,2132852421245002.0,0.1537413405621973,0.19473624751546456
56,1.140,0.583090089284753,0.43931695818006994,1871143844770270.5,0.1399176780110272,0.27661117132004087
56,1.120,0.5247254658310421,0.3945681108739385,1651065722791284.5,0.12785048983712696,0.347015177399271
56,1.100,0.4838615382414316,0.3635542660495226,1494122777079279.0,0.11958238915441485,0.39611762012594814
56,1.080,0.4604217475315438,0.34828695847583185,1405352673743425.8,0.11694515747330197,0.42218323025328364
56,1.060,0.4568977887655405,0.34859225284541784,1380536687466865.2,0.11915104177766418,0.423483075004517
56,1.040,0.4735041687990889,0.3648864321621022,1417801430994821.2,0.1271263680083837,0.39886589601016076
56,1.020,0.5098535984168091,0.39716993096311787,1513564347514911.2,0.1411863329596103,0.34840236686542875
56,1.000,0.5617269774029369,0.4425841453550913,1653560952623758.8,0.16046208094608244,0.27718579262698834
56,0.980,0.656126098295592,0.5400172159510196,1977233851651589.5,0.17024963751233405,0.17287739312664485
56,0.960,0.6867916763301112,0.5924024307441293,2124772422325903.5,0.14751919117392717,0.16490380338470212
56,0.940,0.6626513649010711,0.5935928916411832,2084687206746322.0,0.11079162062231969,0.22579324527383374
56,0.920,0.666602513695197,0.6141646728357404,2111042687744594.2,0.08003521637427773,0.2525376794765122
56,0.900,0.7428295343620311,0.6977610548207882,2346246249351674.5,0.05753930410812493,0.19849490285326557
56,0.880,0.8701039436041571,0.8270476392354873,2719177478375262.0,0.038242354939201535,0.08976802836409561
56,0.860,0.9343399649695826,0.8930811972639068,2869549714562392.0,0.021771385420195855,0.04102861044241487
56,0.840,0.8574981408965371,0.8208041379861215,2575984107697776.0,0.012491932867018754,0.12675544626851812
56,0.820,0.7377149449944891,0.7058406990023708,2162444175489789.2,0.009916977731846703,0.2494060015147485
56,0.800,0.6785266323886995,0.6485542084057334,1938476876651985.2,0.011938803690022984,0.30699318654033425
56,0.780,0.6980968807018068,0.666268505402793,1941637912081645.8,0.018786153144486076,0.2808491348501962
56,0.760,0.7767455642552954,0.7401335551173951,2101590237874376.2,0.02993226684723987,0.1911244251036537
56,0.740,0.8772225860470035,0.8352834114643639,2309350923592458.0,0.039650006470861025,0.08081869424932715
56,0.720,0.9293971156890667,0.8852849314958043,2381441538795039.0,0.0403779041221774,0.027781090873701487
56,0.700,0.8729663867792963,0.8307120606775915,2172565665938166.5,0.036778860715851694,0.08798047289306493
56,0.680,0.7415369015364842,0.7032807738852904,1786742688978166.8,0.037385055345998536,0.21935166515393187
56,0.660,0.6723016670867199,0.6349750315310719,1565759083720348.2,0.04388204867610978,0.2825249893290796
56,0.640,0.7232683480444843,0.6817111654496113,1630064304450964.2,0.058312017452806744,0.21738287184526744
56,0.620,0.739343842163296,0.6999599258399652,1621396465799507.5,0.05935838288081731,0.20056087875522494
56,0.600,0.7297114974373178,0.6937386257703978,1555147126177007.8,0.04347365228089984,0.2260906573424792
56,0.580,0.8901575322777148,0.8443457465424583,1829669588385973.8,0.035170500990672836,0.0733954744426265
56,0.560,0.9073767405459451,0.8556819158485133,1790295568667015.8,0.021205750088408096,0.06936161986877577
56,0.540,0.7680373877826384,0.7217859603014106,1456218506743829.8,0.0038541660757401503,0.2247301385838711
56,0.520,0.6982009935132557,0.6442819885929968,1251709908722406.5,0.0001702418148995215,0.2961257996764959
56,0.500,0.9660111434146429,0.8547431856716858,1596724567724824.0,0.00022897062329075576,0.026400463405529078
56,0.480,0.6332508121511845,0.5431821601144836,974116929821615.4,0.001714596482794739,0.36212490465779085
56,0.460,0.7809131565811107,0.6719660079438589,1154860406520159.0,0.01690135240075656,0.2006344534038377
56,0.440,0.9268568381728717,0.7966270672082548,1309580172321875.8,0.02436313607287771,0.0473272114620397
56,0.420,0.5781570244720331,0.4789384532726201,751542168892234.5,0.014974828349914348,0.4059769799630532
56,0.400,0.701304402388487,0.5502214970801913,822284116965849.0,0.012889824846106106,0.28450612229771893
56,0.380,0.8492511331904051,0.592426383848416,841089757616493.9,0.024083323356272095,0.12625771343671008
56,0.360,0.6842358678587218,0.409835769758574,551234914016907.0,0.03095939398845644,0.28564977085889626
56,0.340,0.8757641111701312,0.4979238335625157,632508240180410.8,0.05342366376350735,0.07192018430995073
56,0.320,0.7377167977977669,0.3611037104782054,431724092612669.2,0.040044990875174755,0.22333904712621874
56,0.300,0.8372791146088219,0.2506779316242883,280971139907763.28,0.022145849315654668,0.14261920248969068
57,1.200,0.7435002219463628,0.5667324149911389,2474746785512293.5,0.16632401842423822,0.08995554494565326
57,1.180,0.7303003874824738,0.5537699081308738,2377841098808008.0,0.16643436413236407,0.10296914763325644
57,1.160,0.6747811547827269,0.5094559810790259,2150483545519229.8,0.1565544122142738,0.16831225794162194
57,1.140,0.6041272165879469,0.45459659181940587,1885829808431079.8,0.14257378195819587,0.2529099187402973
57,1.120,0.5401783018833113,0.40557505899646124,1652953864151923.0,0.12955708088229725,0.3298486988948701
57,1.100,0.4932593446179403,0.3699609228739367,1480880480323220.5,0.12010722781783807,0.38619076474032504
57,1.080,0.46410245661092747,0.3503800695204374,1377002153106330.0,0.11624305563441246,0.41920483452406787
57,1.060,0.45532401433690617,0.3466448184535585,1337094331086861.8,0.11720276479562985,0.4270101521037919
57,1.040,0.46693878161365754,0.358995021254991,1358605080369338.2,0.12386991211001891,0.4086977514314102
57,1.020,0.49863587312040364,0.3874770462795588,1438194493501593.0,0.13659460250070696,0.364226669733534
57,1.000,0.5470416604169352,0.4299026685349321,1564377677627360.0,0.15478357481076352,0.2975679052524517
57,0.980,0.6430064881911582,0.5280041205291502,1882932956458893.5,0.16553659895887113,0.1907253300412939
57,0.960,0.6808708922047504,0.5862233089963087,2047886037439630.0,0.14534781594479454,0.17300076553626326
57,0.940,0.6578249917023635,0.5884753771832707,2012925116780481.2,0.10948205689656382,0.23193072380528526
57,0.920,0.65630488092489,0.6041146490563297,2022454052070736.2,0.0785465091162732,0.2643310834936534
57,0.900,0.7257276971342431,0.6812783069453492,2231200195481964.5,0.0560969918160942,0.21705788814461757
57,0.880,0.853375773133976,0.8108118780576333,2596415803274230.5,0.03745838574528554,0.10730760936293861
57,0.860,0.9322732185839301,0.8908205202917012,2787790496069002.0,0.021703073667898132,0.0431606978218068
57,0.840,0.8662727000996039,0.8289578272405825,2533863362702965.5,0.01260702708648662,0.11782381184481606
57,0.820,0.7413350240114691,0.7090938344796043,2115870243891301.0,0.009950619525567275,0.24572982134687557
57,0.800,0.6715910929224944,0.6417356659684134,1868175332243585.5,0.011791070369623671,0.3140948148251191
57,0.780,0.681147575014323,0.6499074809711642,1844665426690482.5,0.018282162445894614,0.29834989535192497
57,0.760,0.7528774972109847,0.7171937915119195,1983451489069062.8,0.028940047261645344,0.21604428519465763
57,0.740,0.8562413049923843,0.8150835691547955,2194852438450058.2,0.03860654477661633,0.10288877824850864
57,0.720,0.925388869470588,0.8812355321750761,2308851312727804.5,0.040065364979317036,0.03209959536763721
57,0.700,0.8860516361844156,0.8429563599480481,2147210395430963.2,0.0371258736279514,0.07450063993335361
57,0.680,0.7516681344061845,0.7127126857431006,1763578806239655.5,0.037628746444435396,0.20894073953374528
57,0.660,0.667299758555916,0.6300598486507567,1513203055156568.0,0.04321403598841803,0.28819072493672127
57,0.640,0.7075531739704983,0.66662007139808,1552493637996611.5,0.05654485723820666,0.2348673497225747
57,0.620,0.7340337351141125,0.6946692038446206,1567260560885917.5,0.05826914467929861,0.2069407632717945
57,0.600,0.7122032719041645,0.6770074647746439,1478142067491473.8,0.04181432060777803,0.24525691760511825
57,0.580,0.8668331998840914,0.8222517097120795,1735418601098525.0,0.033652266205956724,0.09825918595351626
57,0.560,0.9201632850543374,0.8677854028465093,1768364699790729.8,0.021089587954062187,0.05665928585426205
57,0.540,0.7771376739887093,0.7302228359685982,1434896709097088.5,0.00380823246599494,0.21562828286922786
57,0.520,0.677972559040216,0.6254555739274604,1183508224309884.2,0.00015965652479244566,0.31651278846258457
57,0.500,0.957514071417849,0.8467057485243163,1540543557247743.8,0.00021571337816116308,0.03495053791165708
57,0.480,0.640874735609101,0.5490297120139092,958977802586713.6,0.0016328910985686732,0.3545278029202296
57,0.460,0.7359173627244403,0.6322127721689728,1058260451754735.9,0.015171887803866432,0.2474248289145135
57,0.440,0.947097510326223,0.8137601986764047,1302928519609581.0,0.02382432779071573,0.02757995339977353
57,0.420,0.5893078448509184,0.48812526267006706,746022703957461.2,0.014612271990279497,0.39516877350858165
57,0.400,0.651862674812631,0.511028520703613,743834983061709.4,0.011497278852254125,0.3354300942983479
57,0.380,0.8925303844969933,0.6217501987882201,859747652733957.0,0.024433100600967032,0.0826050341035318
57,0.360,0.6682475570161014,0.39841948637374996,521932741329597.75,0.029291755553204187,0.3032874746791712
57,0.340,0.8410477418020846,0.47840586542510155,591898012987357.5,0.049979104778651876,0.11004738485258674
57,0.320,0.7551292831609325,0.36835146985386996,428927464106715.9,0.040039758553002305,0.20595685777043277
57,0.300,0.7879474283536787,0.23580034576706607,257416962694315.1,0.02034697851722164,0.19363415320963218
58,1.200,0.7452662911705161,0.5677554485100959,2412209198688318.0,0.163439042999536,0.09108025334931494
58,1.180,0.7471745838214318,0.5661145418819244,2365150225398397.0,0.16706002276559095,0.08546910461393807
58,1.160,0.6985452186900769,0.5268508325072058,2163804762979070.8,0.15913355732798562,0.14196302017951237
58,1.140,0.626588175434067,0.4708899884967113,1900626240686291.8,0.1453219846605454,0.22769200643644774
58,1.120,0.5572689789823521,0.4177585838224439,1656592983147647.5,0.1314668459913118,0.31084004192023573
58,1.100,0.5041068309893575,0.37741169631948535,1469875167700334.5,0.12085063809554618,0.3745943496649677
58,1.080,0.46900969286593036,0.3533703574249752,1351220681483661.2,0.11575935070709135,0.41478023665777414
58,1.060,0.45484474870365915,0.34551746983023546,1296726208576135.2,0.11548464140349086,0.42921129952767295
58,1.040,0.4614163518402126,0.35390878652245955,1303158067277378.2,0.12086793957288153,0.41723086535925374
58,1.020,0.4883876874759794,0.37855725513237354,1367112197933636.8,0.1322670531283295,0.37881598465791877
58,1.000,0.5330210656200706,0.4177755322029701,1479160884631287.0,0.1492998387898155,0.3170896096617931
58,0.980,0.6294447682124961,0.515644336607291,1789158188580046.2,0.16069237489046556,0.2091470593014419
58,0.960,0.6740418516203668,0.5792458947845829,1968822709662778.5,0.1429433225252021,0.18224031412975678
58,0.940,0.6526409923152491,0.5830178957211902,1940359278899901.0,0.1080867944535619,0.23851223696650392
58,0.920,0.646021961228847,0.5940698791310177,1935074870108995.5,0.07705134190348131,0.2761166908301137
58,0.900,0.7084440106893745,0.6646246791229058,2117831412533379.0,0.05464150247858984,0.23581685714053052
58,0.880,0.8350960295232102,0.7931019592333028,2471064647333406.0,0.03661012957286098,0.12646711456310686
58,0.860,0.9278066516554195,0.8862611105034103,2698562969281525.5,0.021583161997452534,0.04775191884012182
58,0.840,0.8746446081287913,0.8367175633224133,2488459539706481.0,0.012720245677845354,0.10929828362716798
58,0.820,0.7458377272484918,0.7131863354710152,2070566954369131.8,0.010000482046109737,0.24115131379853702
58,0.800,0.665703514159279,0.6359192750448266,1801210161771565.5,0.01166834409073908,0.3201197860472593
58,0.780,0.6651425650552821,0.6344524655196037,1752129108329069.8,0.01781515679948278,0.31486672778435265
58,0.760,0.7291106162696828,0.6943580303170271,1868398316791433.0,0.027969550037102633,0.24084154222139564
58,0.740,0.8329218705744645,0.792664613936403,2076794873993188.0,0.03747827163626996,0.12738872094692963
58,0.720,0.9173740368636754,0.8733701535336225,2226400317681322.2,0.03959568481162935,0.0405928968316007
58,0.700,0.8977436754245618,0.8538679508775052,2116221710837920.2,0.03741980437826845,0.06247072944441031
58,0.680,0.7633625385943905,0.7236223164390958,1742181016809823.5,0.03795034143470673,0.1968851005478721
58,0.660,0.6641293985701968,0.6268785925655735,1464872369395350.0,0.04267349164717746,0.29189449038414705
58,0.640,0.6920331127105835,0.6517260631502222,1476785691145855.5,0.05481974291284277,0.2521157036818692
58,0.620,0.728025230738381,0.6887158559315091,1511834263235584.5,0.05713917069611917,0.21406101410548165
58,0.600,0.6958810357189011,0.6613985977761592,1405034320447243.2,0.040256154704804335,0.2631354812625475
58,0.580,0.8406040591413924,0.7973916154870586,1637465169542911.5,0.03205649509184827,0.1261097277055177
58,0.560,0.9295775424420274,0.8767080213063222,1738262734276441.2,0.020886368641386616,0.04742362991795356
58,0.540,0.7883505163698129,0.7406434547105939,1416039478952245.0,0.0037709825212772284,0.2043958254371838
58,0.520,0.6605393715428778,0.6092179467211362,1121626973154317.5,0.00015018099931151302,0.3340821081449946
58,0.500,0.9397050722708716,0.8304529484326479,1470135782451122.0,0.00020115742173595056,0.05288601327476344
58,0.480,0.6528631357717739,0.5586005114950381,949325133387156.1,0.0015643922454713455,0.34253251117776556
58,0.460,0.6928716034394268,0.594257926077716,967843699463566.5,0.013594546170212685,0.2921123195425926
58,0.440,0.9591381446368027,0.8237833153173956,1283329213756937.0,0.02306773684254904,0.01626193529646042
58,0.420,0.6051578010978921,0.5011791495395197,745271815988536.9,0.014348878619209778,0.3795542225530468
58,0.400,0.6078409922946111,0.47616531731773404,674357455335368.9,0.010276208152073406,0.3807528360672854
58,0.380,0.9310818576904567,0.6477958233974722,871553703719494.2,0.02457997753741846,0.04388546168629253
58,0.360,0.6559259157537791,0.3893231461153682,496232423723749.9,0.027838999115876506,0.3170472472390023
58,0.340,0.8009932512941655,0.455719035886252,548590774001318.9,0.04632202594856994,0.15371932502243021
58,0.320,0.7747876611128239,0.37667436655795217,426764668628875.06,0.04010980084748117,0.18625631797090195
58,0.300,0.7403121581622006,0.2214718475404711,235240555282015.88,0.01865010777550186,0.24285413082393953
59,1.200,0.7419170014501594,0.5648649513820985,2332533637627860.5,0.15936191645192638,0.09851368351762466
59,1.180,0.7608185877611254,0.5759747361364448,2338769828886197.0,0.16674851961183887,0.07213770194088466
59,1.160,0.721879957718606,0.5438662034072995,2170961401816104.5,0.1613342336864778,0.11642196172341784
59,1.140,0.6502769988137189,0.48804305128883774,1914542563507576.8,0.14808934132729268,0.20122647055337467
59,1.120,0.5759886598242963,0.43110388560528917,1661506332131749.5,0.13354918341803698,0.2900286631841769
59,1.100,0.516430716209883,0.38591869813112845,1460799283137925.2,0.1217954122879817,0.3613188501056805
59,1.080,0.47515303574208667,0.3572581442351371,1327724393300418.0,0.11547776337237556,0.4089161363287907
59,1.060,0.45544659170044915,0.3451939031299591,1259131307845753.8,0.11397840795851648,0.43011820297575887
59,1.040,0.4569145743163153,0.3496049528108515,1251160303493847.5,0.11810241584817008,0.42450560787480596
59,1.020,0.47911063763667927,0.3704067566317579,1300113035397391.8,0.12819444066968297,0.3921779602504757
59,1.000,0.5197456789103637,0.40626280393417574,1398006216020983.2,0.1440274233924876,0.3356537728738987
59,0.980,0.6156300318519102,0.5030961874751657,1696598750181132.2,0.15576570360827896,0.22790451262786865
59,0.960,0.6663612284757178,0.5715231759717713,1888022302500833.0,0.1403170062463292,0.1925544050892924
59,0.940,0.6470651747379353,0.5771908439812571,1867021536571973.5,0.10659724775263661,0.24558060152884353
59,0.920,0.6357338811846525,0.584012141535446,1848892855798138.5,0.07554508630485199,0.28791902322821933
59,0.900,0.6910469466192245,0.6478651345557486,2006453775322881.2,0.05317678145570378,0.2546992848579852
59,0.880,0.8154352183220329,0.7740818122368838,2344075395945758.0,0.0357043583878449,0.1470689381271748
59,0.860,0.9207818857516277,0.8792537576007191,2602044533111882.0,0.021407787909871853,0.05496508797986121
59,0.840,0.8823035694815251,0.8437867586073031,2439012537128749.0,0.012827228079194843,0.10149473562006926
59,0.820,0.7511153466554247,0.718014414494843,2026044855811259.0,0.010065295335025749,0.2357798766522191
59,0.800,0.6608245382456728,0.6310665344312633,1737269431145202.5,0.011569917281007846,0.32510828210220366
59,0.780,0.6501148411518819,0.619934167067889,1663957449069332.2,0.017385574831578262,0.33036606064736385
59,0.760,0.705706158778839,0.6718749642003028,1757130800817159.5,0.027029988599424303,0.26524498240297323
59,0.740,0.8077452576050377,0.7684859571671665,1956904790776185.8,0.03628659913373119,0.15381490928675356
59,0.720,0.9052416085965947,0.861585979760757,2134681864665124.5,0.03896550094002203,0.053375814291492706
59,0.700,0.907328673494982,0.8627688422479016,2078234421020373.0,0.037632224101215445,0.05263496663866217
59,0.680,0.7763819608462769,0.735782835137581,1721712393302855.5,0.038336253895964664,0.1834369942271789
59,0.660,0.6628095590557905,0.6254476606349606,1420485970833264.0,0.04225772058544868,0.293619858299528
59,0.640,0.6769972471862946,0.6373013950938498,1403546753586668.0,0.053156823529789315,0.2688182379253405
59,0.620,0.7211697534752062,0.6819610487958063,1454967526345882.5,0.05595658653515293,0.22208235362820145
59,0.600,0.680759249540096,0.6469265180967574,1335697905173636.8,0.0387954112940828,0.27971558458665496
59,0.580,0.8123439379567582,0.7705952947238812,1538000183487956.5,0.030420884116855573,0.15603449614006676
59,0.560,0.9345416187368066,0.8814324370742939,1698552975797267.8,0.02057637044408551,0.04275476191426617
59,0.540,0.80139637063276,0.7527844953419155,1398834922998940.8,0.0037402943792392077,0.19131562308055555
59,0.520,0.6459914126172507,0.595650233999092,1065851501179522.4,0.00014174997561775094,0.34874299349298554
59,0.500,0.9133823200610917,0.8067052113529526,1387991823330539.0,0.00018573040742951897,0.07940288150648049
59,0.480,0.6690966976897473,0.5717799909641422,944435344400928.0,0.0015069654154827954,0.3262606790153481
59,0.460,0.6530267798291024,0.5591685335155462,885120901841101.5,0.012182815778747285,0.3334297499992434
59,0.440,0.9612520651094153,0.8252214024601646,1249468179677863.5,0.02208260970132277,0.015113814917518766
59,0.420,0.6256961014620945,0.5180851861927359,748777017140208.6,0.014170967912485765,0.35915769124832514
59,0.400,0.5698000283099031,0.4460544871438769,613973949544469.4,0.009222856497214495,0.4199162912736281
59,0.380,0.959098276137869,0.6665484204863059,871600239835209.9,0.024391376335317794,0.0160417741617048
59,0.360,0.6477862180336642,0.3828319504393539,474255872898599.2,0.026605974024932706,0.32640970563121224
59,0.340,0.7589968542116053,0.4317991184685716,505199264090996.94,0.042672048729993854,0.19932398994889178
59,0.320,0.7954070993829434,0.3854567616715152,424451123641754.3,0.04018206159052781,0.1655933282051482
59,0.300,0.6968632589495181,0.20842334533903967,215164024020575.72,0.017113392674410963,0.28773715107772685
60,1.200,0.7332398162316401,0.5579052297315186,2236528247042364.2,0.15411567835946216,0.11244526214277353
60,1.180,0.7703868332947679,0.5827146965482995,2297051265798477.0,0.16535364998114455,0.06396692517402995
60,1.160,0.7440732657507182,0.5599641440009865,2169955947163392.2,0.1629945615626117,0.09256337312525123
60,1.140,0.674909039610506,0.505835606150832,1926402161452274.8,0.15078478270623796,0.17388919576387998
60,1.120,0.5962949987551663,0.4455707174423228,1667121964462134.0,0.1357641716708211,0.2674968672806337
60,1.100,0.5302478930377139,0.3954861488257274,1453304679762003.0,0.12292001057742269,0.3463689046680249
60,1.080,0.48253793691056746,0.3620402592618486,1306210985180748.2,0.11537950532607787,0.4016258710976669
60,1.060,0.4571115047580561,0.3456541134722815,1223996860826938.2,0.11266369049806377,0.42976929917246987
60,1.040,0.4534027959342723,0.3460542733094633,1202292851697438.2,0.11555248196038284,0.43057352861491943
60,1.020,0.4707893833648302,0.36300841934976513,1236942691061621.8,0.12436218665587007,0.40434253408225396
60,1.000,0.507265913640122,0.3954002218681506,1320899019475196.2,0.13897315494694967,0.3532030938569516
60,0.980,0.6017326583944378,0.49050134351518543,1605827851655057.5,0.15079911113811909,0.24678457106710902
60,0.960,0.6579024411942209,0.5631223450022103,1805954078249827.0,0.1374834267052008,0.20385496436958148
60,0.940,0.6410717749089146,0.570972370675643,1792980870240673.5,0.10500607239038705,0.253168954501161
60,0.920,0.6254189386607699,0.5739215940773005,1763896514542494.8,0.07402271793978496,0.29976482911615693
60,0.900,0.6735939718896695,0.6310541873098231,1897325621071849.5,0.05170578043241211,0.27364465741076616
60,0.880,0.7945769859950084,0.7539276787568252,2216384319891246.8,0.034748275205259145,0.16892186176466778
60,0.860,0.9110994945990825,0.8697058056212758,2498639087217530.0,0.02117432406589573,0.06490265077353115
60,0.840,0.888914451431593,0.8498454144288521,2384799821885448.5,0.01292320499077865,0.09475439443805864
60,0.820,0.75703473867375,0.7234500516005257,1981778504352979.5,0.010143469962508455,0.2297507715935035
60,0.800,0.6568988347467428,0.627123678996738,1676007259202185.0,0.011494848368895893,0.3291167545598156
60,0.780,0.6360686892229358,0.6063558294751609,1579991931015233.5,0.016993119583516188,0.3448438559887956
60,0.760,0.6828706126776015,0.6499408636722563,1650137540562999.5,0.02612835279695753,0.28904051202261577
60,0.740,0.781207126156758,0.7430205094070862,1836814209890000.0,0.03505310196780719,0.18164881916939923
60,0.720,0.8890592196861559,0.8459503439748329,2034745407357520.8,0.03817866324246283,0.0703768273718867
60,0.700,0.9140785530243505,0.8689681455780542,2032051009527218.2,0.03773441129577332,0.045752189141270126
60,0.680,0.7904081973695452,0.7488917502737297,1701220738546917.2,0.038769146928597134,0.1689326763593214
60,0.660,0.6633272301621002,0.6257532524418962,1379684420580053.5,0.04196181445866218,0.29338466376833383
60,0.640,0.6626911146424754,0.6235768185408092,1333222532711970.0,0.05157191300552606,0.28471316975322575
60,0.620,0.7133645689364967,0.6743095030845327,1396637436084667.8,0.054713271309516656,0.23111587305314224
60,0.600,0.6667993937171369,0.6335552700124105,1269896912534046.5,0.037425223543926085,0.29504261884504346
60,0.580,0.7828890198448267,0.7426570876987623,1438961031183573.0,0.028779299801818488,0.1871623686315805
60,0.560,0.9341371418906357,0.88109166999951,1648321151121140.8,0.02014514996735226,0.043587654206260165
60,0.540,0.8158840569090158,0.7662779852065993,1382333451008698.0,0.0037136542354060365,0.17678306858725457
60,0.520,0.6343495276415908,0.5847697651452963,1015829831834289.8,0.00013428414057969811,0.3604743753446409
60,0.500,0.8800567486665057,0.7768100339615278,1297530395064411.5,0.00016993848495486014,0.11297868972843572
60,0.480,0.6893592426494277,0.5883717669304787,943464951662487.1,0.0014585101513610716,0.3059312708830032
60,0.460,0.6171239694371347,0.5275676459229008,810715907392269.2,0.010936773483212425,0.37063408420016314
60,0.440,0.9524798166245934,0.8172645002309885,1201290438429416.0,0.02088076478039905,0.02508539096105211
60,0.420,0.6508530479989882,0.5387788990662984,755949141287337.6,0.014064236961389113,0.3340631481302649
60,0.400,0.5377775795153235,0.42070996033543173,562180133804606.0,0.00832399795365704,0.45289573246076525
60,0.380,0.9709677307603345,0.6741398322443217,855788200860190.1,0.023761669538752025,0.004794360162790316
60,0.360,0.6442418818305055,0.37916628714394834,456000087289936.2,0.025590996731908205,0.3309637108415188
60,0.340,0.717906982620562,0.4082778661950361,463732423816127.6,0.03919721494119017,0.24384818185951698
60,0.320,0.8155238976321215,0.39400513928570524,421196325842605.3,0.04018081961256053,0.14550507484965472
60,0.300,0.6589815011313216,0.1970559732280579,197489298758259.97,0.01576215353935713,0.3268805910841333
61,1.200,0.7192872034921116,0.5469233326985947,2125894123633469.8,0.147785065076328,0.13273764978944166
61,1.180,0.7751230392279049,0.5857688329949345,2238938692129027.0,0.16276551068003842,0.061823121354583815
61,1.160,0.7643042030364388,0.5745272696371749,2158751091645019.5,0.16394196896330845,0.07138110174424359
61,1.140,0.7000955644844401,0.5239703853363417,1934842091607088.5,0.15329785108714722,0.14617959199929903
61,1.120,0.6181015984580438,0.46108571086274813,1672759943310660.2,0.13806081054426433,0.24338211528576026
61,1.100,0.545561142149271,0.40610722749522415,1446996023892825.2,0.12419762026651861,0.3297685450849029
61,1.080,0.491163933024449,0.36770871490880136,1286357290954721.0,0.11544281141978398,0.39293167274143165
61,1.060,0.45981607810685177,0.3468738775042919,1190998992858836.8,0.11151783266258092,0.42821068110075616
61,1.040,0.45084239731071596,0.34322140270222484,1156223082020898.0,0.11319464453067843,0.4354967842623483
61,1.020,0.46339363591071436,0.35633348161183515,1177309739636641.8,0.12075110897406666,0.4153592114146753
61,1.000,0.49560478824400095,0.38520157000237687,1247733922232886.2,0.13413517629356334,0.36971638154322417
61,0.980,0.5878989300107671,0.4779805494191812,1517295723277197.8,0.145827610572091,0.2656057548352192
61,0.960,0.648750304880969,0.5541200660994662,1723094294033246.8,0.13445916494462187,0.2160404850570923
61,0.940,0.6346430878253928,0.5643480130103428,1718338765304052.8,0.10330708394148876,0.26130120342092467
61,0.920,0.6150538605568342,0.5637770277677382,1680076808481674.5,0.07247884419028289,0.3116827978945489
61,0.900,0.6561311423227895,0.614235542421846,1790652800985501.5,0.05023043096557185,0.2926049064679383
61,0.880,0.7727101841254701,0.732820538077905,2088883591392274.5,0.0337491753487178,0.19182934673417668
61,0.860,0.8987249117358661,0.8575867079162932,2388968515824743.0,0.02088150492471979,0.0776006276579002
61,0.840,0.8941258367415839,0.8545583381471387,2325171205045494.0,0.013003097952084887,0.08943515438468991
61,0.820,0.7634353001936458,0.7293390937301008,1937212574192410.2,0.010233058707062207,0.2232271959402102
61,0.800,0.6538550509588827,0.6240216499633453,1617050482659657.8,0.011441957506036124,0.33221797971479594
61,0.780,0.6229826749140257,0.5936961090589151,1500005112433502.5,0.016636846969486967,0.35832252857087304
61,0.760,0.6607560281104571,0.6286999312814637,1547714812486355.8,0.02526947467080803,0.31207078226205137
61,0.740,0.7537861618790929,0.7167245363106451,1717979297088464.8,0.03379817388951889,0.2103901044600261
61,0.720,0.8690668558825605,0.8266945203992725,1928019798627235.2,0.03724584872182228,0.09134476114597562
61,0.700,0.9172993100595586,0.8718080277485556,1976754962143785.2,0.037699236664798214,0.0425455114017023
61,0.680,0.8050338037066007,0.7625622887775687,1679647588538818.2,0.039227533876579894,0.1538020286780097
61,0.660,0.6656366061567662,0.6277506462215514,1342038694580117.5,0.041778611913670306,0.2912418630479195
61,0.640,0.6493102248026237,0.6107355801708931,1266097437165238.2,0.05007612518583188,0.299593494608432
61,0.620,0.7045566864545338,0.665713087899285,1336942467263447.0,0.053404959831333525,0.2412190147415523
61,0.600,0.65392088797811,0.6212088674020618,1207321211039675.2,0.03613641448684574,0.3092063926541987
61,0.580,0.75298066727822,0.7142814980713403,1341934530520300.0,0.027159882572885683,0.2187228602511063
61,0.560,0.9277180817864643,0.8750755757734215,1587331092720653.8,0.01958559715047169,0.050577007371988246
61,0.540,0.8312942056258595,0.7806358286443096,1365451169693029.0,0.0036881409404619825,0.16132273844132286
61,0.520,0.6255827331687832,0.5765461124343668,971116483118010.5,0.0001276962517126392,0.36930743565125895
61,0.500,0.8416656023693521,0.7424874269364388,1202522032054917.2,0.00015428485250399858,0.1516612020778601
61,0.480,0.7132835789148262,0.6080520393136387,945400702407100.9,0.001416895539050144,0.28191505178590803
61,0.460,0.5855022549225929,0.49973020686267844,744607433165601.2,0.009847609075237034,0.40339393176515714
61,0.440,0.9328459751916175,0.7999523924355013,1140120493099408.5,0.019496668634343253,0.04611829115524621
61,0.420,0.6804349268646239,0.563092467734927,766060275413184.0,0.014012746062534527,0.30448039801260796
61,0.400,0.5115116888563245,0.39991278611468184,518154429294640.25,0.007562170880633057,0.4799709915934426
61,0.380,0.9629409649520011,0.6679996580250254,822230856104781.6,0.022649935148055356,0.01393533384726574
61,0.360,0.6456085628674464,0.37848658944358704,441353861647523.5,0.024786798011360023,0.3304013281650706
61,0.340,0.6797527653714295,0.3863237403373205,425465400271157.1,0.036003507888345034,0.2851591802667964
61,0.320,0.8335724850440678,0.40158500236219424,416256853868329.1,0.04003242097628206,0.12762842829260546
61,0.300,0.6272472788504376,0.18753381180259593,182236249881036.97,0.01459950663669825,0.35970247193024063
62,1.200,0.7003763936674228,0.5321683112410514,2003098252457980.0,0.14051048686137854,0.1589330163851413
62,1.180,0.7744390157160204,0.5847012555303637,2164153341056676.0,0.15892569857380967,0.06635297213384907
62,1.160,0.7816757251894789,0.5868840620153275,2135415056440017.2,0.16400351826692117,0.05394547941524769
62,1.140,0.7253315191557343,0.5420645358306618,1938330555260204.5,0.15549873776647313,0.11873279638425242
62,1.120,0.6412660394575379,0.4775337411814133,1677621879072144.8,0.1403752951999458,0.21789072834337767
62,1.100,0.5623538860049189,0.4177602531418109,1441424164862402.5,0.12559511921942543,0.31156748263190154
62,1.080,0.5010223526213992,0.3742490254622808,1267816586871569.5,0.11564239877453024,0.38286750291601773
62,1.060,0.46353040192710443,0.3488239496140753,1159802808741469.5,0.11051565173019708,0.42549747159503987
62,1.040,0.44918673836780904,0.34106494088481787,1112608604482261.1,0.11100286543423264,0.4393481030202018
62,1.020,0.45687968658487543,0.3503428861971581,1120896391305469.1,0.11733802489133201,0.4252949314832061
62,1.000,0.4847607275440022,0.37566113480241214,1178333600392086.0,0.1295040187869691,0.3852046778168449
62,0.980,0.5742475836615532,0.4656310028235644,1431330614421575.5,0.14087796918420978,0.2842224082657723
62,0.960,0.6389952505968959,0.5445974188728233,1639905443438779.2,0.13126152007342948,0.22900311850439245
62,0.940,0.6277685279899398,0.5573098259780169,1643223168339015.5,0.1014950859251715,0.269993138935693
62,0.920,0.6046138468338544,0.553555926353992,1597428129522054.8,0.07090770914604935,0.32370351094830313
62,0.900,0.6386929287069862,0.5974419598644484,1686592738336884.0,0.04875163622213192,0.3115445924839797
62,0.880,0.7500213478911062,0.7109389432023511,1962397455989181.2,0.032714127648076824,0.2155973912795604
62,0.860,0.8836902004642206,0.8429296178170942,2273849731852859.0,0.020529463380343806,0.09302679839717111
62,0.840,0.8975812469569515,0.857585898188852,2259586195562874.0,0.013061655447740596,0.08590017450289555
62,0.820,0.7701273257305385,0.7354997214239093,1891770116002806.5,0.01033171877798894,0.21640197105953146
62,0.800,0.651605473033352,0.6216757886968167,1560004807539128.5,0.011409813284859112,0.3345014128864156
62,0.780,0.6108124121866546,0.5819117415695996,1423717157148914.5,0.016315240756185262,0.37084809453605133
62,0.760,0.6394629459903474,0.6082471476103485,1449992209945164.2,0.02445617954610754,0.33423210405154585
62,0.740,0.7259189154583042,0.6900137420611664,1601627273203668.2,0.03253998800282517,0.23958286737584084
62,0.720,0.845652780838964,0.8041906098289112,1816199241290501.2,0.0361834667517797,0.11587400910340658
62,0.700,0.916385968472388,0.870715902228889,1911817849275674.5,0.037503274099017686,0.0436451066885421
62,0.680,0.8197564280942642,0.7763181242586447,1655848633381125.5,0.039685551695910176,0.1385744706319779
62,0.660,0.6696568946514141,0.6313621754136717,1307056891473736.0,0.04169855883839787,0.2872818714888436
62,0.640,0.6369976648860154,0.5989112787275384,1202304469424997.8,0.04867582718611505,0.3133094401196458
62,0.620,0.6947420824603971,0.6561699822540785,1276086294102550.0,0.05203098467410724,0.2523965988509462
62,0.600,0.6420106811527347,0.609780447030337,1147616385670363.2,0.03491817991597916,0.3223308546933462
62,0.580,0.7232316050198219,0.6860510228912731,1248120181298974.2,0.025584198526271498,0.2500808437308153
62,0.560,0.9149981902412195,0.8631134058046254,1516100129507112.2,0.018899175954070778,0.06400836413894774
62,0.540,0.8469676561131035,0.795238993665375,1346987056880968.5,0.003660443420198964,0.145600033350602
62,0.520,0.6196208633728753,0.5709128113529486,931204633159530.8,0.0001218953409787845,0.3753128606895827
62,0.500,0.8002513166628751,0.7055457672868262,1106540186338093.9,0.00013920260763709431,0.19339203357393475
62,0.480,0.7402850313115061,0.6303138055861097,949008391367951.2,0.0013799023861010681,0.25480145450244346
62,0.460,0.5582137220269228,0.475684158427298,686354548170677.9,0.008901453472414531,0.4316705421322999
62,0.440,0.9033741105792993,0.7741848118696222,1068487188530610.9,0.017982545780128936,0.07713577330824052
62,0.420,0.714035231699021,0.5906815654796751,778170393280780.1,0.01399779236865417,0.27083513589344294
62,0.400,0.49059738892505056,0.38333417099528067,480960623301916.9,0.006918961783936727,0.5015661409148952
62,0.380,0.9345165160525104,0.6478068740033608,772149055317509.4,0.021101882566809442,0.04392075481816627
62,0.360,0.6521017946537656,0.3808942042975386,430109327566204.44,0.02418114470011051,0.32451956236008966
62,0.340,0.645747944547505,0.36664068005788936,391013329487535.3,0.033141400317969416,0.3219942521103691
62,0.320,0.8479949260753135,0.40747214509875634,408996790191771.44,0.03967097379115662,0.11358491765621365
62,0.300,0.6017395762579213,0.17987305476906212,169261958134981.16,0.013615635175384713,0.38613393232183907
63,1.200,0.6770564009899607,0.5140655081740935,1871152486416356.8,0.13247516797987718,0.19029889700827582
63,1.180,0.7679846206186495,0.5792582307769358,2073307364920238.5,0.15383834206917185,0.07790249020315969
63,1.160,0.7952672474608652,0.5963489419149087,2098301600547537.5,0.16301965267028115,0.04133698788572342
63,1.140,0.749989743495052,0.559646091376648,1935208647155671.0,0.1572402727198185,0.09232346960938986
63,1.120,0.6655769890059814,0.49474873378927225,1680785077809806.8,0.14262951983070143,0.19131228283486265
63,1.100,0.5805839512467262,0.43040418981547995,1436080037214121.8,0.12707198314829202,0.2918484429494733
63,1.080,0.5120934804840988,0.38163815003531576,1250215868980793.8,0.11594886738445694,0.37148249036238995
63,1.060,0.4682165292523136,0.3514689693111221,1130062133602141.5,0.10962913623377629,0.42169566402967645
63,1.040,0.4483806750160751,0.3395371594410096,1071100248277725.2,0.10894856765560046,0.44221126230615176
63,1.020,0.45119144461410754,0.34498823161125086,1067367369594822.4,0.11409623050992586,0.43423254871615474
63,1.000,0.4747102157355859,0.3667560294929968,1112465962641483.2,0.12506363191125403,0.3997075714913161
63,0.980,0.5608680618768479,0.4535251709263615,1348146041997231.0,0.1359684700626798,0.30252668936020116
63,0.960,0.6287275370190212,0.5346348916012292,1556818562362350.8,0.12790724534775236,0.24263573368993563
63,0.940,0.6204431683046194,0.5498550543134768,1567781533588935.8,0.09956561927623957,0.27925414812879484
63,0.920,0.5940724037678337,0.5432343360628024,1515948715793336.5,0.0693031780006129,0.33585962423735427
63,0.900,0.6213022272205497,0.580695296871081,1585259219856027.0,0.047269277886581994,0.330440888085945
63,0.880,0.726688012332988,0.6884526702527782,1837664520395358.2,0.03164969319139146,0.24004151131944762
63,0.860,0.8660913836429487,0.8258287353668885,2154258976709315.8,0.02011967059694641,0.11108343759098328
63,0.840,0.8989326388367729,0.8585969315845746,2187651243805869.0,0.013093621342755593,0.08450416066243972
63,0.820,0.7768910146489827,0.7417215388849001,1844863390152609.2,0.010436677560312982,0.2094985745236517
63,0.800,0.6500454346951504,0.6199852895567609,1504460680139390.8,0.011396710526162982,0.33607380498522305
63,0.780,0.5994929824761138,0.5709398721455127,1350810555934800.5,0.01602627056914045,0.3824876874196874
63,0.760,0.6190449739052148,0.5886326820197281,1356961210302180.8,0.023689483993031644,0.3554696636385903
63,0.740,0.6979824301902461,0.6632467956920277,1488731404588536.5,0.03129380406322781,0.26883377405261033
63,0.720,0.8193157576438937,0.7789154238019041,1701109499213546.2,0.03501203414747597,0.14344403174896816
63,0.700,0.910877028657077,0.8652560635715191,1837181912772330.2,0.037128855705044685,0.049531548196465935
63,0.680,0.8339792463880122,0.7895938905094801,1628628992212383.2,0.04011302766625035,0.12387846130567962
63,0.660,0.6752687505007771,0.6364739091715769,1274189466734685.8,0.04170947382076337,0.28163637425708965
63,0.640,0.6258446981372666,0.5881885397408113,1141841970065182.8,0.04737281029274185,0.32576770410799744
63,0.620,0.6839603742461071,0.6457195402206095,1214353385706027.5,0.05059369269352198,0.2646067311994192
63,0.600,0.6309313821086864,0.5991400319090492,1090408073087959.2,0.03375864560888972,0.33456540102444665
63,0.580,0.6941131181089881,0.6584139417312744,1158341141112206.5,0.024067246952301898,0.28074937130971134
63,0.560,0.8960909166741632,0.8453115420733968,1435867268558301.0,0.01809597549712047,0.08375804233271474
63,0.540,0.8621038801454934,0.8093361122771695,1325659988151740.8,0.003626929325375591,0.13042269794796624
63,0.520,0.6163624690040649,0.5677746885774495,895547943710077.1,0.0001167893083107954,0.3785928799291159
63,0.500,0.7576922121305729,0.6676443520115866,1012569060949686.1,0.0001250152759676809,0.23627808930030234
63,0.480,0.7694894648918988,0.6544067475214096,952792819811312.8,0.0013451879018232793,0.22547096612653644
63,0.460,0.5351228682369719,0.4552972713977219,635275854322831.5,0.0080821965204217,0.45561540811307594
63,0.440,0.8658871085140168,0.7415469335708386,989693662986851.2,0.016399783375631197,0.11625122139438752
63,0.420,0.7509232536057122,0.6209338140104451,791050247544045.0,0.013996813875388774,0.23388164783314586
63,0.400,0.47458503617328884,0.37061237022290544,449665296875222.5,0.00637680950636007,0.5181491699387221
63,0.380,0.8886778828420946,0.6156456926337845,709616837216035.4,0.01923939286788881,0.09164378230380174
63,0.360,0.6638188380235874,0.3864228333856134,421963368870493.6,0.023756864534900553,0.3132384639896376
63,0.340,0.6164428648764115,0.3495528050366159,360496604288859.6,0.03061993740236331,0.3537947296197661
63,0.320,0.8573700905908063,0.41101215055274687,398945994353000.94,0.03904416351682018,0.10484594589379244
63,0.300,0.582263333217914,0.1740095292638015,158344782019412.34,0.0127943693235953,0.4063858288975112
64,1.200,0.6500488242390818,0.4931709437210073,1733338540544476.5,0.12388781880112089,0.22590473985740558
64,1.180,0.7556946027028612,0.5694028384286618,1967914842817238.2,0.14757426543952187,0.09646600594812406
64,1.160,0.8042049383999509,0.6022753839160395,2046245647638323.5,0.16086018483671938,0.0345599471433503
64,1.140,0.773325530694915,0.5761582727865864,1923761901973521.5,0.1583625102056282,0.06785664690151484
64,1.120,0.6907413113391352,0.5125046178385114,1681204221597017.8,0.14473008707950555,0.1640334984232815
64,1.100,0.6001763828191626,0.44397352505951204,1430389866065432.0,0.12857920051422053,0.27073544230780583
64,1.080,0.5243431540659634,0.38984205068285244,1233153400051431.0,0.11632806435226288,0.35884497294465284
64,1.060,0.47382651931244957,0.3547660787963881,1101419140411518.5,0.10882710215267448,0.4168844244420473
64,1.040,0.44835965836253144,0.3385834267878008,1031344369069716.5,0.10700057741818937,0.44418204815619183
64,1.020,0.4462609830457951,0.34021234628966535,1016377186056527.4,0.1109958715703439,0.44226991520837383
64,1.000,0.46541011967099644,0.358448247206016,1049859366857260.5,0.12079232797004359,0.41328992741486575
64,0.980,0.5478201266419958,0.44171075280582767,1267852448412383.8,0.13110907236435,0.32044879602482823
64,0.960,0.6180318181702488,0.5243077397587461,1474219556525566.0,0.12441140879990609,0.256838495586229
64,0.940,0.6126658402179287,0.5419844271446767,1492173517504962.0,0.09751465220771721,0.28908942680111827
64,0.920,0.5834009796424492,0.5327865598113778,1435640674871470.8,0.06765870486912509,0.3481862652685895
64,0.900,0.6039705109108315,0.5640066880650769,1486727688433767.5,0.04578223598089949,0.349283407178465
64,0.880,0.7028731605670759,0.6655174595872078,1715326479894131.8,0.03056169386667085,0.26499253722443333
64,0.860,0.8460815559293206,0.8064326326889887,2031286634541450.0,0.01965478370120026,0.1316143735906538
64,0.840,0.8978553867957212,0.8572830471880608,2109153500091381.0,0.013093926204074197,0.08557813223679599
64,0.820,0.7834764256202649,0.7477655699331232,1795907579462328.8,0.010544705373484252,0.202771214050085
64,0.800,0.6490525312323303,0.6188324672619694,1449999138976319.0,0.011400639429971268,0.3370600231708198
64,0.780,0.588940938059779,0.560699985559025,1280943027092237.8,0.015767431122490367,0.393327509923616
64,0.760,0.5995141877115108,0.5698670836664685,1268503970207254.5,0.02296880916180962,0.37577189432578456
64,0.740,0.670284580582391,0.6367162143633546,1380010197562356.8,0.03007160797681532,0.29782210673388787
64,0.720,0.7906198182416151,0.7514073379586615,1584574251724550.2,0.03375428160924677,0.1734665995712463
64,0.700,0.9004996479468691,0.8551724420531727,1753300689558670.2,0.03656573206512766,0.0604888349088037
64,0.680,0.8470202745118969,0.8017440997081924,1596795689291909.2,0.040475967205070296,0.11043168041396838
64,0.660,0.6823094975016075,0.6429311931852055,1242833923287927.5,0.04179623517049659,0.2744834301917435
64,0.640,0.6158932229198316,0.5786054346941801,1084593878308478.1,0.04616458220032126,0.3369287070034735
64,0.620,0.6722856967941873,0.6344335844984862,1152079690293706.5,0.049097614894606144,0.2777707609054536
64,0.600,0.6205279780371067,0.5891409472825686,1035321243819517.1,0.03264531367153635,0.3460777062193353
64,0.580,0.6659581757363717,0.6316872387819351,1073086579283470.8,0.022618053278185495,0.3103859630195818
64,0.560,0.8714903754887704,0.8221356135594932,1348454058883224.2,0.017193485390362348,0.10931342482650129
64,0.540,0.8757752195764684,0.8220569178615634,1300170519728614.0,0.0035837819632249988,0.11672638689687144
64,0.520,0.6156782319726615,0.5670110474684155,863573944765717.6,0.0001122862529963896,0.37927782552271827
64,0.500,0.7155320607689748,0.6301438646227462,922814442389494.8,0.00011192631507358824,0.2787633689141972
64,0.480,0.7996699801998655,0.6792848369865812,954987801245969.5,0.0013102936140692812,0.19515876717561417
64,0.460,0.5159822331877907,0.43834288218896533,590576901408382.8,0.007373342759459724,0.4754926419911967
64,0.440,0.8226622470505515,0.7040106453751035,907270038330999.5,0.014809295965888649,0.16112319319898974
64,0.420,0.7899201073286396,0.6528673083122871,803117111051437.5,0.013982600831865383,0.19482779853050153
64,0.400,0.4630354276658026,0.3613955682021697,423396711101430.5,0.005919832608238605,0.5301759368084277
64,0.380,0.830795245416248,0.5752402228483132,640232193980399.6,0.017221530762027152,0.15157248387758265
64,0.360,0.6806959881387576,0.39501557886109984,416506123691729.1,0.023491117303185344,0.29664450503267237
64,0.340,0.5919157596322622,0.3351128270670397,333714160092873.75,0.0284213587090926,0.3805003055259397
64,0.320,0.8605430583874394,0.41167910308368444,385845524651947.6,0.03811817642011913,0.10259865600825899
64,0.300,0.5684982772078241,0.16984271269091938,149235738381383.06,0.01211723267043521,0.4207962182228129
65,1.200,0.620174190269649,0.4701148367544838,1592928079538892.5,0.11496402313751099,0.2647141961222945
65,1.180,0.7378014719668129,0.5553237226515537,1850287427358750.2,0.14026683196052867,0.12167746016642804
65,1.160,0.8077426001447113,0.6041165692651226,1978744409279356.5,0.15744036400047118,0.034445536701917
65,1.140,0.7944954206072683,0.5909744341421151,1902324096143992.8,0.15870037557518235,0.04634128649338051
65,1.120,0.7163726107436598,0.5305075027042985,1677723999830687.0,0.1465681783321884,0.13654983155769884
65,1.100,0.6210154643799672,0.4583726546753542,1423712670792117.0,0.130058288679982,0.24840275703300307
65,1.080,0.537718785968588,0.3988128724634879,1216196886430929.2,0.11674044365504249,0.34504711866468885
65,1.060,0.4803000526887736,0.3586632526475011,1073504111598745.8,0.10807482914575552,0.41115884227434185
65,1.040,0.4490484307162491,0.33814135051470734,992984767365390.4,0.10512502613293633,0.4453696585128253
65,1.020,0.44200861245766504,0.3359495087661254,967576131159811.2,0.10800422864885378,0.44951952162661796
65,1.000,0.45679957807759614,0.3506863670407659,990215789662571.1,0.11666362554825509,0.4260391514943172
65,0.980,0.5351344684092978,0.430211473095855,1190471569240982.8,0.12630187062449216,0.3379558969991287
65,0.960,0.6069823366578215,0.5136819402815228,1392440012785712.0,0.12078644206617033,0.2715246291114907
65,0.940,0.6044369014442352,0.5337001760571328,1416563880121041.0,0.09533823425240004,0.2995025604708572
65,0.920,0.5725684246118995,0.5221846981677624,1356509791357046.5,0.06596728967870072,0.36072161704023314
65,0.900,0.5866980855742401,0.5473768292418617,1391040847712637.0,0.044288420286323536,0.36807391777224413
65,0.880,0.678720961264044,0.642270996231761,1595923048359106.0,0.029455037353433425,0.2903010622081146
65,0.860,0.8238604947237091,0.7849342512784104,1906086896330212.0,0.019138416833712077,0.15441563704556158
65,0.840,0.8940635964028705,0.8533732183684932,2024087390806811.5,0.013057886933772756,0.08941384738520279
65,0.820,0.7896046785243643,0.7533654446600029,1744337481055998.2,0.010652099013732123,0.19650363794075823
65,0.800,0.6484857151455182,0.6180819120236621,1396197916115776.8,0.01141924657279652,0.33760399844242517
65,0.780,0.5790558760474129,0.5510954245664373,1213758745698198.2,0.015535762093696854,0.4034712356984002
65,0.760,0.5808467304364929,0.5519266537618989,1184420523232421.0,0.022292186136183514,0.39516465791247857
65,0.740,0.6430610810563449,0.6106456016352593,1275944890815040.0,0.028882029663380125,0.32630284960412304
65,0.720,0.7601483918220091,0.7222226029691864,1468299114177633.2,0.03243326856946293,0.2053336738846141
65,0.700,0.8851971779297672,0.8404145398891669,1661125945664329.0,0.03581202145889241,0.07657581732267123
65,0.680,0.8581329771374961,0.8120627418735794,1559227414712610.8,0.04073757120074665,0.09901935456834952
65,0.660,0.6905674861885195,0.6505333814018105,1212340145200371.5,0.04194041853729749,0.266053490859507
65,0.640,0.6071390960135433,0.5701567032772809,1030350942798281.0,0.04504470190442107,0.3468029350449804
65,0.620,0.6598150002146314,0.6224052892289883,1089622163251322.9,0.04754849783718671,0.29178596133547147
65,0.600,0.6106332698654703,0.5796250118732552,981995126329274.6,0.03156541672062451,0.35704792984632977
65,0.580,0.6389747223706325,0.6060691918302998,992570048549982.0,0.021240583591152613,0.33877839086753714
65,0.560,0.841997511466135,0.7943408910936104,1256047058939968.8,0.016214351658340526,0.13984919653958797
65,0.540,0.8869621826152461,0.832445426791365,1269288939864913.5,0.003527215300378779,0.10553899862940795
65,0.520,0.6174103190044221,0.5684751077875312,834691057157270.1,0.00010829488039473131,0.3775267857293558
65,0.500,0.6749120581117295,0.5940474753315949,838691271129669.1,0.0001000303078370798,0.31969756399680554
65,0.480,0.8292154713422382,0.7035812363145615,953600456687959.1,0.001272719627367519,0.16548629345837754
65,0.460,0.5004845026492114,0.4245449854742328,551432693918495.4,0.006759104943132112,0.4916256779011775
65,0.440,0.7760547631014454,0.6636098783669117,824473085518542.4,0.013263588724332967,0.20934037536688585
65,0.420,0.8292878548379482,0.6850405174628297,812412344178785.9,0.013923264372274678,0.15544615459999273
65,0.400,0.45554589280051394,0.35536199800491,401367255237036.56,0.005534074018086207,0.5380637816528142
65,0.380,0.7668812533675413,0.5307473029675924,569485088281550.4,0.015199322565555834,0.2175401465458313
65,0.360,0.7024342570203418,0.4064836541545602,413196420929719.56,0.023353894852234026,0.2750663148854341
65,0.340,0.5719421666855585,0.3231988520969064,310284221038424.8,0.026512894722161486,0.4023680048620085
65,0.320,0.8567338123454833,0.40912403261270236,369671469528374.7,0.03688083306096272,0.10763425960045464
65,0.300,0.5600837864790519,0.16726069835826418,141685734095065.16,0.011565598719475849,0.4297435443391489
66,1.200,0.5882771807464557,0.4455444629804614,1452942078834924.0,0.10590940711267859,0.30567674183185206
66,1.180,0.7148106838783274,0.5374152970463795,1723328364215631.0,0.13209986177168306,0.1528473195510377
66,1.160,0.8053411607045574,0.6014844992198614,1896087755363753.8,0.15273414883483624,0.04155900235183043
66,1.140,0.8125930627196442,0.6034256385399046,1869410229063632.0,0.15809442946904015,0.028843622837602022
66,1.120,0.7419831821459598,0.5483905382889767,1669106238748764.0,0.14802069777912302,0.10947238565988446
66,1.100,0.6429362514405937,0.47347001845285863,1415341279114532.8,0.13144053898107844,0.22508415180888316
66,1.080,0.5521448352505308,0.4084857747140725,1198882710932101.2,0.11714046512440307,0.3302100592043614
66,1.060,0.48756161469165993,0.3630973462051656,1045935599137175.1,0.10733370382213674,0.4046331063509826
66,1.040,0.45035933538304757,0.33813965791286477,955664498642552.5,0.10328523950764708,0.44589850605986425
66,1.020,0.4383425167067768,0.33212534815605427,920615323041447.2,0.1050859460786686,0.45610863295251713
66,1.000,0.4488014135319318,0.343406886459711,933222077996589.8,0.11264699630377237,0.43806303031380484
66,0.980,0.5228139608755424,0.4190284125968868,1115952095705495.1,0.12154176366451105,0.3550502067247722
66,0.960,0.5956389045185809,0.5028108769367879,1311752503281603.5,0.11704141766861101,0.28662516610721706
66,0.940,0.5957557886178179,0.5250038865536938,1341116101764606.5,0.09303214124366971,0.3104983298179642
66,0.920,0.5615403026979762,0.5113980652179342,1278565297347754.0,0.06422143136231062,0.3735076537242762
66,0.900,0.5694744205817939,0.530796337619281,1298214429138258.0,0.04278481312820169,0.38682596826187193
66,0.880,0.6543538269771361,0.6188301573432302,1479892423703309.8,0.02833360022890444,0.3158405088833065
66,0.860,0.7996618573705344,0.7615586170831947,1779827007345739.8,0.018574859317105834,0.1792485844854515
66,0.840,0.8873243294937102,0.8466473092696655,1932670524820201.8,0.012981396209029866,0.09624933049373574
66,0.820,0.794970670235481,0.7582300287699217,1689626985880200.5,0.01075467974976602,0.1910064107305701
66,0.800,0.6481843659610935,0.6175796209966996,1342638042414453.5,0.011449788403195754,0.3378697066523611
66,0.780,0.5697216085491051,0.5420145216074899,1148898148873336.0,0.015327848891850784,0.41303883527960944
66,0.760,0.5629881756487933,0.5347585872778037,1104453318175932.1,0.02165643773562159,0.4137056855270583
66,0.740,0.6164776213743177,0.5851917633117448,1176808859224131.2,0.02773046688296363,0.3541044278043618
66,0.720,0.7284636180646782,0.6918966517490391,1353785100781634.0,0.03107073736586014,0.23845985242504766
66,0.700,0.865133394870165,0.8211412001213035,1562039053742168.2,0.03487424352849007,0.09762190860690019
66,0.680,0.866539439471309,0.8198147480397794,1514958179275856.5,0.04085983491033982,0.09045940591842551
66,0.660,0.6997761495096059,0.6590282897732582,1182017749299007.2,0.04211992877709771,0.25663572826003933
66,0.640,0.5995355497437685,0.5627970529669245,978831176135811.0,0.04400310189105897,0.35544720118166173
66,0.620,0.6466551988106973,0.6097370099200554,1027330663292866.6,0.04595231369174585,0.30653938482901616
66,0.600,0.6010721790116077,0.5704266506790073,930094471510405.1,0.03050619897830255,0.36766412504239854
66,0.580,0.6132640677193409,0.5816568147219467,916792008479533.2,0.01993477099447838,0.3658252436478113
66,0.560,0.808609698834819,0.7628681555853618,1160950006361446.5,0.015183624541301637,0.17434074186020837
66,0.540,0.8946125152832991,0.8395153954722926,1231965169285958.2,0.003453762115066452,0.09792105180250389
66,0.520,0.6213681704497258,0.5719901620820175,808291306096140.1,0.0001047242916808166,0.3735318522981269
66,0.500,0.6365808136602664,0.5600107394649129,760925896640640.2,8.933571495578892e-05,0.3583260194712081
66,0.480,0.8561613292199276,0.7256359022720684,946533532722338.4,0.0012300829519142774,0.13843026579754403
66,0.460,0.4882950001191753,0.4136062347079287,517036154838469.5,0.006224959355328878,0.5043641591059912
66,0.440,0.7281912385818271,0.6221771263906621,743948242196239.4,0.01180213676488342,0.2587333311479861
66,0.420,0.8666779476175795,0.7155117235350608,816661438062316.2,0.013783551252944636,0.11812435665867008
66,0.400,0.4517579795135464,0.3522256843339802,382875006901169.4,0.005207429480420135,0.5421838963825849
66,0.380,0.702129946089326,0.4857491742428108,501616336845273.6,0.013285744444466493,0.2842371117921599
66,0.360,0.7283908075766936,0.42044537855729613,411327824570695.4,0.023305939776347984,0.2491852084348758
66,0.340,0.5561209955484833,0.3135869242975547,289742943155425.44,0.024854974769257368,0.41983804880712056
66,0.320,0.84560763773041,0.403205333204684,350632566787948.7,0.035342364903036515,0.12027695119961743
66,0.300,0.5566577007631434,0.16615150050017424,135457023146111.3,0.011121598797395629,0.43360701598773205
67,1.200,0.5551620157409974,0.42007493322518064,1315978304692135.8,0.09690677865850687,0.3478051669138916
67,1.180,0.6874430426116163,0.5162332925218561,1590262189107610.2,0.12328985004855002,0.18903798105201944
67,1.160,0.7967321290002758,0.594196581424235,1799404716702735.0,0.14678176687483255,0.05612862252272262
67,1.140,0.8267025725491927,0.6128410117736753,1823867937206927.0,0.1564041601117923,0.016420490254482507
67,1.120,0.7669818006583298,0.5657132320970214,1654074537228698.5,0.14895310944061074,0.083527285922644
67,1.100,0.665716112840423,0.4890923679069373,1404508227131220.0,0.13264665289774202,0.2010817087559677
67,1.080,0.5675177888759493,0.4187754720150426,1180716707683744.8,0.11747608963711165,0.3144894176822519
67,1.060,0.4955172509697228,0.36799187574253234,1018321263791797.1,0.10656090360371562,0.39744406855498465
67,1.040,0.45219026081398456,0.3384968387295508,919027851089016.6,0.10144164552673093,0.44591036832760694
67,1.020,0.4351579954358735,0.3286564672680866,875151156261117.4,0.10220323911495147,0.4621798397871735
67,1.000,0.44132307027395096,0.3365351902216606,878559541938804.4,0.10870853559347188,0.4494881217635294
67,0.980,0.5108352629073893,0.4081416272280848,1044185561726654.2,0.11681726205654057,0.3717665741844057
67,0.960,0.5840437308536472,0.491732802165729,1232370033388661.0,0.11318157358721521,0.30209259724452225
67,0.940,0.5866184704773773,0.5158942905744901,1265987132692990.8,0.09059153907298856,0.3220855969862183
67,0.920,0.5502780875221307,0.5003925109465743,1201819773212685.2,0.06241308606819862,0.38659098772558725
67,0.900,0.5522785322989437,0.5142461682428953,1208243007056460.0,0.041267524451522986,0.40556444859910973
67,0.880,0.6298707229350645,0.5952894574976081,1367576344170570.2,0.027200166966266984,0.3415088866268666
67,0.860,0.7737392408690863,0.7365494965915045,1653640517077710.5,0.01796876904784727,0.20585418859297633
67,0.840,0.8774692391164134,0.8369471036568068,1835346269037695.0,0.012861081598710395,0.10625702970307123
67,0.820,0.7992474902523473,0.7620476703298856,1631310789300992.8,0.010847808820542796,0.18661246417899863
67,0.800,0.6479674392387902,0.6171522064741453,1288911176199603.5,0.01148907803540547,0.3380420767011771
67,0.780,0.5608069822395276,0.5333313955506225,1086006611341223.4,0.015139805090109603,0.42216577204251676
67,0.760,0.5458583945682639,0.5182856369124278,1028308633962141.6,0.02105732779103983,0.4314795483563855
67,0.740,0.5906354782434816,0.5604501246225426,1082703164825862.9,0.02661934094824449,0.3811228284647405
67,0.720,0.696074690669709,0.6609140484864753,1242276289704084.2,0.029685853618958157,0.27231537607424094
67,0.700,0.8406722303699047,0.7977011139097592,1457736254402754.8,0.03376640973832991,0.12324830699096549
67,0.680,0.871475332777242,0.8242785709231943,1463267203028080.5,0.04080568380491087,0.08555523824306543
67,0.660,0.7096085535267214,0.6681071239154963,1151146916677513.5,0.042308685855369045,0.24658381256596368
67,0.640,0.5929961808778124,0.556444045850467,929698628121408.2,0.04302636618917708,0.36296137810209633
67,0.620,0.6329105483891438,0.5965283619310711,965524954823341.1,0.04431435525813713,0.32192140653801
67,0.600,0.5916650716385492,0.5613760682767742,879317793320453.5,0.029455141996858936,0.378118685300792
67,0.580,0.5888406049981975,0.5584645708133826,845598758263053.0,0.018697512834168605,0.3915151890298174
67,0.560,0.7723990588861271,0.72872889317706,1065355942160728.5,0.014126079148014838,0.2116887800409838
67,0.540,0.8977219427808553,0.842326059392784,1187448308346417.2,0.0033606091399755018,0.09488424427132996
67,0.520,0.6273212852299985,0.5773429696088165,783750700142979.9,0.00010148343520430532,0.3675253963524851
67,0.500,0.6009495407039814,0.528391161646005,689709591193811.6,7.979053809151268e-05,0.3942341323770251
67,0.480,0.8783111318917525,0.7435998752978104,931796901805743.2,0.0011803589600778545,0.11620019334812574
67,0.460,0.47906931461872443,0.40522306406811437,486623081186447.2,0.005757853883554016,0.5140660641628331
67,0.440,0.6807844561154123,0.5811852074666234,667587113548379.9,0.01045022256106182,0.3075611497427382
67,0.420,0.8992022082639212,0.7418999390593322,813458388948666.2,0.013528046826998655,0.08579086696662341
67,0.400,0.4513537625358424,0.35173334312605303,367294349952398.44,0.00492942413370458,0.5428652460567732
67,0.380,0.6402122187356761,0.44277071854197125,439241337512948.0,0.01154730423047967,0.34792409302792543
67,0.360,0.7574437439354627,0.4362498662566451,409994965667837.0,0.023296607927659464,0.22017238600253264
67,0.340,0.5439579577595189,0.3059994455139906,271606571225009.88,0.02340634633458632,0.43344539724953207
67,0.320,0.8272960137243659,0.3939963877768634,329141720477115.9,0.03353368433615842,0.1403647574086803
67,0.300,0.5578634299714164,0.1664049986266433,130325181690619.83,0.010768265550834117,0.43275937279122306
68,1.200,0.5215449218218039,0.39425313109325777,1184116735087315.2,0.08810820852794572,0.3902310323690692
68,1.180,0.6565562641733946,0.4924348197029674,1454349825565559.8,0.1140658666127715,0.22916233822421422
68,1.160,0.7819515452423369,0.5822997078628043,1690607079698530.8,0.13968948131040704,0.07801198546446877
68,1.140,0.8359661096781648,0.6185982595515636,1765028274930163.0,0.1535224252629125,0.010037269266656455
68,1.120,0.79067996635107,0.5819670974904106,1631377906028284.8,0.1492243045730564,0.059544563490290935
68,1.100,0.6890669878959963,0.5050196963134527,1390397964891118.0,0.13358696011789367,0.176773358692635
68,1.080,0.5837007613820471,0.4295725778589434,1161177006432822.2,0.1176884413062701,0.29808105171818494
68,1.060,0.5040509092109614,0.37325455151337394,990259686818117.8,0.10570916213154671,0.3897551404152543
68,1.040,0.45442224481397314,0.3391195782760943,882722760264289.0,0.09955173806682222,0.4455668225960802
68,1.020,0.43233636673244075,0.32544983694793933,830849479112407.6,0.09931611853414489,0.46789193258942824
68,1.000,0.4342571148800127,0.3299861924401648,825912216458117.4,0.1048115893393029,0.4604586272220275
68,0.980,0.49915053530462683,0.3975118644391204,975021726053301.5,0.11211138513188766,0.3881698673223753
68,0.960,0.5722190695286009,0.4804690466513499,1154449045979517.0,0.10920808724034613,0.31790345349328136
68,0.940,0.5770149040609377,0.5063650952971518,1191323576890405.0,0.08801069358974124,0.3342801427558565
68,0.920,0.5387382743383469,0.4891296827088877,1126289325025078.5,0.06053364051278705,0.40002378536949934
68,0.900,0.5350794042989847,0.4976980725768566,1121105776239645.9,0.03973186136544031,0.424325099996727
68,0.880,0.6053465839261566,0.571720554469553,1259228661731248.2,0.026056420078294566,0.3672293870911443
68,0.860,0.746352370383884,0.7101562045217892,1528588045732876.8,0.01732486930563984,0.23396719662731574
68,0.840,0.8644022640144199,0.8241835536775021,1732771722550227.5,0.012694415698063441,0.11953597898583253
68,0.820,0.8020925898059408,0.7644921121710435,1569007368248560.2,0.01092642224125139,0.18367086785673367
68,0.800,0.6476328072050901,0.6166062882607835,1234627818706248.8,0.011533426260463749,0.33832771211619994
68,0.780,0.5521664191083192,0.524906482962569,1024742294171168.5,0.014967237606372388,0.4310024950872613
68,0.760,0.5293558034566778,0.5024101833080977,955674829298180.6,0.020489674032597903,0.44859328600716114
68,0.740,0.5655791152187771,0.5364620302847849,993593703085824.6,0.025548419651537285,0.4073136602142831
68,0.720,0.6634168184344296,0.6296885723548029,1134740172159377.0,0.02829438723167517,0.30644804972956596
68,0.700,0.8123367195178463,0.7705936340725039,1350086450949060.5,0.032508332524362846,0.1529108418343402
68,0.680,0.8722431929313736,0.8247965734478491,1403763295442393.8,0.04054147570529592,0.08503981988832747
68,0.660,0.7196734734095589,0.6774008507876085,1118994096142360.2,0.04247644060942429,0.23632003153914366
68,0.640,0.5873972179913779,0.5509802990123263,882580171718264.2,0.04209795449760532,0.36948590711064583
68,0.620,0.6186713608127345,0.582865591811295,904478462409434.5,0.04263849742501026,0.3378377651673837
68,0.600,0.5822302257879017,0.5523016020649614,829403140067844.4,0.028400150918288153,0.3886056882039099
68,0.580,0.5656504475992977,0.5364420663466143,778733651217434.5,0.017523560469481874,0.4159074246574196
68,0.560,0.7344030508325079,0.6929020457224363,971176114000163.1,0.013064072548988082,0.2508311665606421
68,0.540,0.8954279893241608,0.8400700804121813,1135396102363762.0,0.0032459301494745423,0.09729687295585512
68,0.520,0.6349896775959161,0.5842750127718797,760429189386915.1,9.848047904378483e-05,0.3597896916137994
68,0.500,0.5681643364451028,0.49931257413742136,624856985320714.9,7.130546670423054e-05,0.42727451777869824
68,0.480,0.8934607236794586,0.7556253203313836,907790976603259.5,0.0011221718210424041,0.10101291155849036
68,0.460,0.4724603331588641,0.39909168414503404,459482136791883.7,0.005346211185189175,0.5210906544713226
68,0.440,0.6350691764696547,0.541693329899983,596546478472836.2,0.009220336076122486,0.3545744236539131
68,0.420,0.9236853177391313,0.761595362271367,800592842383748.0,0.01312637689133972,0.061656904197880905
68,0.400,0.45404501817050036,0.35365577251828517,354061630014107.4,0.00469093184206259,0.5404056948736009
68,0.380,0.5832467811157827,0.40326304427209775,383539539803342.25,0.010010821140321298,0.4064544598233481
68,0.360,0.787857059059241,0.45290066765609704,408078377272504.1,0.023262690301903928,0.18982502060583065
68,0.340,0.5349156078705126,0.3001345850247959,255407168090812.6,0.022126967739905003,0.44376687031309164
68,0.320,0.8023643997197617,0.3817690698204878,305765752244573.1,0.03150240059883721,0.16728566403786363
68,0.300,0.5633349379437493,0.16790839103126545,126075812784525.17,0.010489235850247395,0.4275821622724917
69,1.200,0.488025809746311,0.36853637488931523,1058896401067173.6,0.07963189921487618,0.43223612467161604
69,1.180,0.6230607773504672,0.46671441601727964,1318636490094191.8,0.10465064416292298,0.2720869193981954
69,1.160,0.7613364075399229,0.5660660322581091,1572233157050939.2,0.1316210919108499,0.10670807152598025
69,1.140,0.839658106481418,0.620178568370083,1692830488035651.0,0.14938894368599265,0.010480130783716183
69,1.120,0.8123089056853157,0.5965892343469479,1599872234587765.8,0.14869363412087971,0.03843411157224149
69,1.100,0.7126292698358301,0.5209814997539426,1372166629878088.0,0.13416242264686837,0.1526179991955904
69,1.080,0.6005178715631978,0.440739880425491,1139719480869549.0,0.11771172003428287,0.28122676957415765
69,1.060,0.5130203919225694,0.37877459347640013,961343452204230.6,0.10472666504040766,0.38176044881609233
69,1.040,0.45691677170015055,0.3399010144338286,846403921122679.1,0.09757013864275069,0.44505189021061764
69,1.020,0.4297435919932638,0.32240201620890885,787389805276355.6,0.09638267636319078,0.47342099305231267
69,1.000,0.4274813615981299,0.3236647069444064,774974142509059.5,0.10091737832835021,0.4711356422365868
69,0.980,0.4876891095264032,0.3870822453986496,908283017198500.1,0.1074026207061904,0.4043523429547412
69,0.960,0.5601655979304517,0.4690228950151775,1078095275016126.2,0.10511809030100909,0.33405991484118863
69,0.940,0.5669265746694765,0.4964029234498997,1117259486080804.5,0.08528275256073059,0.34710734779380414
69,0.920,0.526871439385222,0.4775662570250572,1051994156858747.5,0.05857391202316669,0.41386470859692676
69,0.900,0.5178364342976972,0.4811150908701162,1036772228469602.0,0.03817241567709339,0.44315397971842935
69,0.880,0.5808326553112119,0.5481726391371798,1155026354204891.5,0.024902975519030198,0.39295000804598273
69,0.860,0.7177545015091019,0.6826215977763738,1405627816065116.5,0.01664767358924119,0.26332904386908446
69,0.840,0.8481024204950315,0.8083393395667411,1625791571960072.2,0.012479763367801225,0.13610894487785066
69,0.820,0.8031555770970326,0.7652299457074045,1502441862779135.5,0.010985084847334473,0.18253894719644886
69,0.800,0.6469569037557795,0.6157281779719243,1179426502808458.8,0.011578577773241021,0.33895531181523975
69,0.780,0.5436402618399986,0.5165868846074906,964783450545093.0,0.014805195914736525,0.4397141440689159
69,0.760,0.5133609685802882,0.4870176917595526,886237651402089.9,0.019947424430844164,0.4651727154903007
69,0.740,0.5413045856831278,0.5132227994108601,909346768008308.6,0.024515157540531386,0.4326833894497394
69,0.720,0.6308404537657663,0.5985530858128176,1031874873038295.8,0.026908311381069708,0.3404944501112572
69,0.700,0.7807546994763411,0.7404170762166297,1240984430801792.2,0.031123458217069168,0.18595658581066005
69,0.680,0.8682677399907455,0.8208272815890758,1336449527654624.8,0.0400395718610145,0.08951764835357115
69,0.660,0.7295142091836102,0.6864791562262497,1084833673432255.6,0.04258880900061474,0.22633644576873693
69,0.640,0.5825789630797735,0.5462549031504306,837080430116761.8,0.04119838089147578,0.3752001789199221
69,0.620,0.6040047805688974,0.5688129198542037,844409301105655.6,0.040926675777121356,0.3542193236636485
69,0.600,0.572585546238909,0.5430313555189189,780131877346312.0,0.02732971563926472,0.39931901689985255
69,0.580,0.5435877071976761,0.5154895085235612,715879112353349.4,0.016406270633362342,0.43911462819659713
69,0.560,0.6955428001774776,0.656256916012963,879941472489550.6,0.012016176812413345,0.2908261205890494
69,0.540,0.8871019952555538,0.832159739011035,1075950586580207.5,0.0031091520885110557,0.10579112762663868
69,0.520,0.6440328811061459,0.5924724231941767,737672088128221.1,9.56223569625561e-05,0.3506680023512284
69,0.500,0.5381770878503918,0.47272806389974786,565943734519686.5,6.377212033036083e-05,0.4574955530278531
69,0.480,0.8997004992061225,0.7601203131680541,873605666993865.9,0.0010550613810959269,0.09478851591706779
69,0.460,0.46811805507419424,0.3949079015166343,434956195901264.2,0.004979824594710284,0.5257987625886059
69,0.440,0.5918266573062599,0.5043694186382373,531365421392710.06,0.008114912920330808,0.3989879981777485
69,0.420,0.9371118988777165,0.772129242091735,776481579462342.2,0.012559617020477884,0.04876222412832021
69,0.400,0.45955761943462,0.3577755812633886,342659324110859.7,0.004483888903005238,0.5350879269679922
69,0.380,0.5321269154257557,0.3678315748611831,334675923002660.06,0.008675910783587724,0.4589348351052694
69,0.360,0.8172006874086106,0.46901052107221164,404275062108993.0,0.023129749506333355,0.16064479324047812
69,0.340,0.5284403613273579,0.29568250693517195,240711265081387.38,0.020979469366041826,0.4513926987432881
69,0.320,0.7717314541112861,0.3669553976880193,281161029730623.4,0.029307181465098073,0.20006389457825235
69,0.300,0.5726654518926529,0.1705369194132964,122498715540668.53,0.01026822260490717,0.41849748149600763
70,1.200,0.45507745699577035,0.3432844516212512,941347056306389.9,0.07156293165978432,0.47326252359379184
70,1.180,0.5878435605174522,0.4397464992696403,1185765437795440.5,0.09524555184268958,0.3167230990470383
70,1.160,0.7354838333334445,0.5459609092771999,1447217905248159.8,0.12278257888381434,0.14141347160113305
70,1.140,0.8372549693808706,0.617217513772623,1607894248047869.5,0.1440003714485903,0.01827622664200929
70,1.120,0.8310486107511925,0.6089846522010167,1558614670271097.8,0.14722990506537045,0.021147632759728422
70,1.100,0.7359683705748233,0.5366551282217219,1348970207989193.8,0.13426661565198822,0.12915695298336355
70,1.080,0.6177486015409427,0.45210871191670043,1115786289693470.6,0.11747345676161478,0.2642197215633195
70,1.060,0.5222529558581361,0.384419867440534,931163790032117.5,0.10355713273255795,0.37368915864912017
70,1.040,0.45951280480572,0.3407188589457311,809736845341031.4,0.09544880503926863,0.44457479915285003
70,1.020,0.4272286950941596,0.31939825930036264,744469836304969.6,0.09335948090452613,0.4789615822978386
70,1.000,0.4208587028760889,0.3174656143703968,725456008262479.0,0.09698566758857279,0.4816966574520827
70,0.980,0.4763590100648528,0.37677983536395215,843777843408438.2,0.1026659408366547,0.4204311072956827
70,0.960,0.5478614002774719,0.45737901511690787,1003371722694039.5,0.10090491120736307,0.35059058606160465
70,0.940,0.5563241733774666,0.4859854159281163,1043915821168428.4,0.08239962386012935,0.3606046399470434
70,0.920,0.51462127386756,0.4656531696038539,978959624019415.5,0.05652418833009186,0.42817984224021466
70,0.900,0.5004999025057328,0.4644520745281205,955207680731533.1,0.03658317438715462,0.46210688128074945
70,0.880,0.5563575592681802,0.5246735195622104,1055081984075014.4,0.023739457552431245,0.4186424106268471
70,0.860,0.6881818260609387,0.6541720064326946,1285596840346361.8,0.015941257090809697,0.29369871101346273
70,0.840,0.828621299120967,0.789466377052948,1515400108007571.2,0.012216359589274884,0.1559249587358067
70,0.820,0.8020872961306996,0.7639292773827062,1431467183986123.5,0.011018061119176784,0.1835730953649014
70,0.800,0.6456947776943393,0.6142839546636016,1122983946651958.4,0.011619643640933274,0.3401756847345198
70,0.780,0.5350550137420282,0.5082066142523449,905835433969223.6,0.014648106742660866,0.4484803743107027
70,0.760,0.4977396140751284,0.4719796006936047,819692969622748.6,0.019423699389977258,0.4813593730191265
70,0.740,0.5177678936584529,0.49068973250622844,829761117138751.4,0.023515019583664688,0.45728063491019677
70,0.720,0.5986091465778723,0.5677576115573163,934135444487938.2,0.025535747517615098,0.3741821383240337
70,0.700,0.7466004428085937,0.7078132413386452,1132220756483035.0,0.029636586098768323,0.22168466160860859
70,0.680,0.859144994797912,0.811991704095706,1261754593055243.0,0.03928059446957829,0.09941324398941526
70,0.660,0.7386114213064092,0.6948531899464506,1047976105552188.8,0.04260761848004509,0.21719170302282045
70,0.640,0.5783464470400471,0.5420840993744529,792795236419501.1,0.040305370600654096,0.38032172333917175
70,0.620,0.5889479490516809,0.5544061538477438,785478172799889.1,0.03917860401613781,0.3710292014295464
70,0.600,0.5625496187537528,0.5333941990727795,731330907614258.1,0.026233060316636986,0.41045115423640205
70,0.580,0.5225079479532017,0.4954704840803428,656689649294081.6,0.015338218359527266,0.46128887260226203
70,0.560,0.6565746006666491,0.619507366312119,792773073989028.5,0.01099660058936836,0.33090141627774555
70,0.540,0.8724210592502226,0.8182942428070599,1009758795830770.5,0.002951090011137342,0.12069067819238621
70,0.520,0.6540386695256123,0.6015556533912574,714814816211396.8,9.281473931409776e-05,0.34057595664900603
70,0.500,0.5108056471747137,0.4484732507437076,512413942754497.4,5.707605480907971e-05,0.48508073198019264
70,0.480,0.8957286864122164,0.7560113105999862,829247020547056.5,0.0009796320570726075,0.09883531775993515
70,0.460,0.46568470511235766,0.3923629477460596,412439460179562.6,0.004649709993926132,0.5285578365747531
70,0.440,0.5514578904381431,0.46955408199872506,472120312912985.4,0.007129380466055058,0.4404046043152737
70,0.420,0.937191314766604,0.7716387955994086,740589813691171.9,0.011826028061615342,0.04940361753094044
70,0.400,0.4676123589692624,0.3638722000009295,332600775367595.8,0.004301029468422977,0.527198925051669
70,0.380,0.4869272179122173,0.3365181221787364,292217649338225.6,0.007526765960496977,0.5053063692918497
70,0.360,0.8424080338292611,0.4828338553446108,397204906543670.0,0.022817747511741877,0.1357748215268868
70,0.340,0.523975026649351,0.2923332391415168,227128433288802.34,0.01992977768963636,0.4569133810943272
70,0.320,0.7365523399636492,0.35009320604811256,256004766029902.1,0.0270113268672342,0.23748284208216888
70,0.300,0.5853637793809304,0.17414104510012587,119381433832010.25,0.010088402777322496,0.4060121635048533
71,1.200,0.42304827206142787,0.3187619921538131,832055701466344.8,0.06395665762384034,0.5129064401856795
71,1.180,0.5517093644448046,0.41214122508480516,1057870940824304.8,0.08602083621818828,0.36209564816112494
71,1.160,0.7051815016527643,0.5225896433983026,1318631391401178.8,0.11340279687288769,0.1811112839388496
71,1.140,0.828487698537975,0.6095427049597496,1511519003711827.0,0.13741474599324877,0.03363660368006829
71,1.120,0.8460683944522931,0.6185567929032948,1506961738304540.8,0.14472169989464037,0.008627740525109494
71,1.100,0.7585750395622989,0.5516669791725698,1320001111834607.0,0.13378882367897557,0.107010554482421
71,1.080,0.6351223733700798,0.4634755912597218,1088817882687997.8,0.11689520624332042,0.2474091366169279
71,1.060,0.531540600980837,0.39003388449565857,899317047590131.6,0.1021401538575158,0.36580985583136716
71,1.040,0.46202360873832493,0.3414334316559776,772403094085612.4,0.09313744211639681,0.44437275515626706
71,1.020,0.42462206049425116,0.31631157881224986,701810536414337.6,0.0902021335597754,0.48472788869170186
71,1.000,0.4142367409173444,0.31127390435591873,677091459072221.0,0.09297553307945522,0.49233516161957136
71,0.980,0.46504828762051786,0.3665170702110813,781312737379780.2,0.09787388383638478,0.43654569977976515
71,0.960,0.5352614134425516,0.44550331662718506,930308088783554.8,0.09655853299305812,0.3675505941172262
71,0.940,0.545165436900747,0.4750795215848337,971401537447081.5,0.07935197268540048,0.37482365992269245
71,0.920,0.501923614488888,0.4533348666457831,907217820219737.5,0.054374321896907385,0.4430435701210688
71,0.900,0.48301145984664684,0.44765623837920576,876378617766630.9,0.034957659706841455,0.4812487050462236
71,0.880,0.5319288930102176,0.5012312152992321,959456754107054.8,0.022564608395548743,0.4443002083334825
71,0.860,0.6578453307711559,0.6250095264566947,1169202433616458.8,0.015209086529190126,0.32486106278382165
71,0.840,0.8060755207042153,0.7676785273016292,1402695170315262.2,0.011904220284117495,0.1788669769455156
71,0.820,0.7985496237892171,0.7602690677642847,1356081514847908.5,0.01101939772011931,0.18711885170929338
71,0.800,0.643580638205348,0.6120200125612808,1065026055798594.8,0.011651031014207778,0.3422612729634732
71,0.780,0.5262235656858653,0.4995868396140683,847637602762272.5,0.014489695946075942,0.4574952077396461
71,0.760,0.48234511947200653,0.45715572693316303,755757349777813.5,0.0189108039538414,0.4973079974951688
71,0.740,0.4948927789312502,0.46878956563610363,754595617714448.5,0.022541768696231056,0.4811880751333537
71,0.720,0.5669037834584016,0.5374734779017936,841771383068794.6,0.024181163823240186,0.40732521550603906
71,0.700,0.71054070491891,0.6734162083285432,1025383270732152.1,0.028071802387786393,0.2594024111810101
71,0.680,0.8446766988391863,0.7981056994500896,1180521626070206.5,0.03825498570305964,0.11493507379590494
71,0.660,0.7463911289790389,0.7019831684310396,1007802095613511.2,0.04249165182302552,0.20950228064087104
71,0.640,0.5744694393553482,0.5382513484940107,749324138360527.2,0.039394030572699745,0.3851060317087799
71,0.620,0.573503546489528,0.5396485567910954,727792091229670.4,0.03739172980295914,0.38826728790637843
71,0.600,0.5519421918967046,0.5232202229193522,682873711920567.8,0.025100294321448127,0.4221925482443751
71,0.580,0.5022388620436727,0.476222099420175,600816929217062.0,0.014311688705548626,0.482610444295951
71,0.560,0.6180718401885383,0.5831947236150566,710405369848052.9,0.0100152544994623,0.37047243736474167
71,0.540,0.8514034614278744,0.7984927528885696,937927697744325.9,0.002773908748207643,0.1419751176296125
71,0.520,0.6645130286052826,0.6110703028702817,691192702412939.0,8.996267593877421e-05,0.33001165823024764
71,0.500,0.48578032652999265,0.4263073727681644,463657693435798.56,5.110525810979757e-05,0.5103018047816568
71,0.480,0.8810820189937236,0.7429345013056735,775704635864060.5,0.000897507335005331,0.11361797987614877
71,0.460,0.46478700046707055,0.3911369171217413,391373361577233.3,0.0043479528213889946,0.5297498423201108
71,0.440,0.514072788109315,0.4373379827881344,418576166653075.56,0.006254878117964258,0.47872283039030183
71,0.420,0.9228679503520043,0.7592847536444357,693679072003400.1,0.0109436940799837,0.06462106179041381
71,0.400,0.47790283885533635,0.37170467438022736,323416845161934.6,0.004135657812109612,0.517052351446115
71,0.380,0.44724741332689444,0.3090386409314479,255447116255239.16,0.006540746156617083,0.5459921628352752
71,0.360,0.8600550157232782,0.49242458752565926,385608725956792.94,0.022252005138822133,0.11870999607852181
71,0.340,0.5209629480996207,0.2897796339394814,214314422823927.16,0.018947297468000963,0.4609153631728523
71,0.320,0.6980852922046206,0.3317645910555912,230932274509693.47,0.024676546006931057,0.27822451913149276
71,0.300,0.6008021127602013,0.17853125790151478,116503813725723.38,0.009931850945554701,0.39077040873662783
72,1.200,0.3921740387980971,0.29514765485344385,731249617182247.5,0.056843533207391946,0.5509016324830776
72,1.180,0.5153431464590771,0.3844165394438469,936546059708024.1,0.07711120406779151,0.4073847237833057
72,1.160,0.6713233609468964,0.4966336804564186,1189430928272493.2,0.10371373495785124,0.22467518249789262
72,1.140,0.8133668033701088,0.597190467145029,1405603360346723.0,0.1297490132151286,0.056433753496173376
72,1.120,0.8565760245884055,0.6247439354198622,1444658311504846.2,0.14108791977729881,0.0017482531539668605
72,1.100,0.7798703246272285,0.565597129329473,1284532067397526.0,0.13261829215534002,0.08686893607245072
72,1.080,0.6523135740847487,0.4745993122508861,1058268645277470.6,0.11589376528701573,0.23120408504536766
72,1.060,0.5406350924258337,0.3954327063116939,865413212048813.8,0.10041183887268439,0.35843487787418116
72,1.040,0.4642334305813641,0.341885666102856,734106891586260.9,0.09058417651571687,0.44471359042366854
72,1.020,0.4217337107778177,0.31300184369340683,659161959860478.6,0.08686604382600714,0.49095467831719264
72,1.000,0.40744732999669275,0.3049646793493913,629643336595607.1,0.08884628083266005,0.5032601817053501
72,0.980,0.4536261651434913,0.3561930430474589,720703410780257.4,0.09299772593846138,0.45285577472582955
72,0.960,0.5222971945704445,0.4333431171740302,858911079471513.1,0.09206625890139455,0.38502115562714523
72,0.940,0.5333931463419984,0.46363997405968527,899816174176979.0,0.07612936016322167,0.38983212645453513
72,0.920,0.4887054859158212,0.44054859457244117,836809720397801.8,0.05211389562349961,0.4585393677038103
72,0.900,0.46530463719736687,0.4306677453667036,800257816943828.9,0.03328910690422932,0.5006527697238032
72,0.880,0.5075351851141495,0.47783589704414087,868173476671677.8,0.021376429789435096,0.46993686485136693
72,0.860,0.6269252344413908,0.595306789544975,1057022801779631.1,0.014453913662154923,0.35663253628034763
72,0.840,0.780635004530162,0.743140334319999,1288828670103498.8,0.011543997081752834,0.2047638020007485
72,0.820,0.79222522556462,0.7539484200674418,1276440445080094.0,0.010983010298172247,0.1935010169833762
72,0.800,0.640328944764256,0.6086641319159287,1005339544771459.4,0.01166637103529717,0.3455051299946283
72,0.780,0.5169455019476067,0.49053620526519703,789970254447760.6,0.014322899662069151,0.46696681535010637
72,0.760,0.46702061476448536,0.4423962932856436,694176872826986.0,0.01840021552331662,0.5131844420189519
72,0.740,0.4725776442249297,0.44742510673665015,683592263489858.5,0.021587709465476047,0.5045152595831093
72,0.720,0.5358309321879873,0.5078013592376847,754868710845558.4,0.022845736735572608,0.43981559788253094
72,0.700,0.6731912353123295,0.6378111256361978,921796807040381.6,0.0264508600445074,0.298470629271445
72,0.680,0.8248834876528467,0.7791922221180633,1093952815482414.9,0.036963583585987655,0.13606175759907924
72,0.660,0.7522385962425606,0.7072915110803716,963801172107659.2,0.042197847410437105,0.20392736996859365
72,0.640,0.5706820142880641,0.5345069848338405,706282470916805.8,0.038437079568592776,0.38984676376530364
72,0.620,0.5576374706620191,0.5245087342128613,671412593473079.8,0.03556141572739273,0.40597239143469815
72,0.600,0.5405841797709788,0.5123407307998681,634680569375197.8,0.023922577822427814,0.4347314423961448
72,0.580,0.48258848873824195,0.45756278677658446,547928333936647.1,0.01331907198237942,0.5032792170489501
72,0.560,0.5804299947182535,0.5476924559695783,633242208372301.8,0.009078248650023707,0.40913667857809793
72,0.540,0.8243985845223012,0.7730847378606629,861917955949338.9,0.0025809086189583943,0.1692902888391819
72,0.520,0.6748732771083485,0.6204808401537996,666157294697901.2,8.697213446311961e-05,0.31956262258487494
72,0.500,0.4627773892503612,0.40594282544180327,419063603731943.0,4.5755215665074224e-05,0.5334850214701782
72,0.480,0.8562038998052358,0.7212894055454191,714818624521479.6,0.0008110757869822427,0.13868916370683698
72,0.460,0.46502699224474964,0.3908910259763618,371243279609988.8,0.0040675736027438155,0.5297805768973228
72,0.440,0.47957476634885987,0.4076349720255132,370313190224446.0,0.005480382886735762,0.5140502883454791
72,0.420,0.8945762689898333,0.7354566873415097,637751458566991.0,0.009948389125201273,0.09394426016193921
72,0.400,0.4900709576984568,0.38099265148482586,314645597399791.4,0.003981467735539058,0.5050132898402138
72,0.380,0.4124535688743699,0.2849496726845432,223561403767810.72,0.005693692180766924,0.5816506150217721
72,0.360,0.8668872980492454,0.4959342743283847,368613887611875.1,0.021378321912468728,0.11275523923020718
72,0.340,0.5188477463870271,0.28771767581361923,201971703891491.12,0.01800489492513986,0.4639813139368954
72,0.320,0.657563157282788,0.31253699535271495,206488790225304.1,0.02235784507886671,0.32100294046666417
72,0.300,0.6181612241193694,0.18346229095259942,113635266806610.62,0.009779161771526905,0.3736088296514737
73,1.200,0.36259443850948675,0.2725469035628094,638881839266760.0,0.050234420890177815,0.587097574925893
73,1.180,0.47929278738334274,0.35698562517007654,822869150185597.9,0.06861588091545744,0.45194309360488744
73,1.160,0.634825664813035,0.46878756273893973,1062263147540697.8,0.09393346514169096,0.27097046605126107
73,1.140,0.792174044970847,0.5803977930255488,1292494335594693.2,0.12116976582972008,0.08621914053290251
73,1.120,0.8618699579533514,0.6270573385248301,1371902736093508.8,0.13628710882133832,0.0012526049077479396
73,1.100,0.799215611747307,0.5779876520597904,1241964809034450.2,0.13064952946598526,0.06947668142955477
73,1.080,0.6689372011126342,0.4851986009644861,1023626074952531.1,0.11438298592278079,0.2160760260112788
73,1.060,0.5492427489760942,0.400401790509876,829086647606948.2,0.0983058668222788,0.35192448538504945
73,1.040,0.4658941273813432,0.34189515635228285,694583291934376.4,0.08773656289189688,0.44589813493285746
73,1.020,0.41835168406803624,0.30931500300784204,616309982368137.1,0.08330748166357013,0.4978978683657359
73,1.000,0.400306153105785,0.29840321380729434,582910047127544.8,0.08455857465595436,0.514695580284199
73,0.980,0.44194403336617377,0.3456946813998554,661784846236711.0,0.08800877528319458,0.46953881149972065
73,0.960,0.508876882081756,0.42082750616579984,789175140538818.4,0.0874135857518654,0.4031087429915548
73,0.940,0.520933255470082,0.45160793295835394,829253781276945.0,0.07272054664914916,0.40571540701134934
73,0.920,0.47488416337397493,0.4272237388309276,767787873441013.4,0.04973247926037295,0.4747604837289311
73,0.900,0.4473053784462724,0.4134203277777094,726829224478844.6,0.03157069021615993,0.5204000517202851
73,0.880,0.48314806287698064,0.45446203274766594,781228941072914.6,0.020172356015775557,0.4955833485717814
73,0.860,0.5955678651956292,0.5652040742237159,949514890377365.9,0.013677732891549657,0.3888643172640506
73,0.840,0.7525083384982696,0.7160530292637941,1174958472313786.0,0.011136793962415148,0.23340495185531146
73,0.820,0.7828263844164365,0.7446949773726751,1192862324203223.5,0.01090276551489053,0.20301470367067279
73,0.800,0.6356360504897101,0.6039270838156794,943783843067960.5,0.011658445910519673,0.3502193440460463
73,0.780,0.5070075735847912,0.48085132504355577,732661658276654.8,0.014139767555002314,0.47711713943898004
73,0.760,0.4516007871344649,0.4275436905630316,634734550351909.2,0.01788255387354868,0.5291638922128242
73,0.740,0.4507015244465214,0.42648096315183676,616494795806327.9,0.02064388968545559,0.5273924221696815
73,0.720,0.5054333228350871,0.4787813382283588,673391694365976.4,0.02152780142597271,0.4716120594517937
73,0.700,0.6350866865150193,0.6015057668397812,822499949969530.2,0.02479211424462672,0.3383348082260086
73,0.680,0.7999941073922464,0.7554709189118922,1003516941600197.8,0.0354171166982982,0.16255337350261262
73,0.660,0.7555180940881357,0.7101814906439285,915611691285210.2,0.041682968452944655,0.20114740172950116
73,0.640,0.5666819028616821,0.5305676713327168,663313448629288.9,0.03740519176623004,0.39487605531800946
73,0.620,0.5412782928595864,0.5089201958856565,616367058455526.8,0.03368132786272801,0.4242224005051613
73,0.600,0.528297289562398,0.5005878736613135,586718280887886.2,0.02269231530898847,0.4482540533419524
73,0.580,0.46335141667413354,0.4392981927496958,497720415418850.94,0.012353188471504115,0.5235081154182487
73,0.560,0.5438861357767304,0.5132245504079904,561427258463702.3,0.00818861616436497,0.4466534735035735
73,0.540,0.7920332192385058,0.7426594596349612,783396310481267.4,0.0023761757806594506,0.20200256230805866
73,0.520,0.6844464772343584,0.6291691820497347,639100018722516.2,8.375259696358973e-05,0.3099073793000921
73,0.500,0.44144181562167256,0.38706519767366876,378052551342654.44,4.0931593168681076e-05,0.5549881847666015
73,0.480,0.8223254369008617,0.6921350474733435,648978221906455.0,0.0007230936959752525,0.17280939308651988
73,0.460,0.46597266053385006,0.3912596886300514,351577425353865.75,0.0038024253396674893,0.5290891976172925
73,0.440,0.4477310379014904,0.3802427206338664,326822260811846.5,0.004794212878222226,0.5466317081464686
73,0.420,0.8541258631632775,0.7016730710205302,575681329382576.5,0.008886971103677803,0.13551427907631103
73,0.400,0.5036808034212246,0.3913961837148709,305826153792180.4,0.003832418680495105,0.49152452815941006
73,0.380,0.3818275353959402,0.26375123450744326,195783524508779.6,0.004962779150339446,0.6130230532139919
73,0.360,0.8604972504539515,0.491994861078467,345988060381504.2,0.02017788819675075,0.12033440394669223
73,0.340,0.5170711182456776,0.28584552525753104,189849020058701.62,0.017078822361855095,0.46669239939316354
73,0.320,0.6160887046064014,0.292915445259255,183100822618589.56,0.020100132980924817,0.3646720579800561
73,0.300,0.636382787707416,0.1886196268243249,110536620056998.06,0.009609433046638974,0.3556040243116007
74,1.200,0.3343710889588047,0.25100589375157173,554709935908766.25,0.04412568957200637,0.6214363134629481
74,1.180,0.44396815907720105,0.3301566923074401,717468588662389.4,0.06060182788414204,0.4952938471329728
74,1.160,0.5965554918897596,0.4397056843976554,939335745281754.5,0.08425379494382479,0.3189379118638547
74,1.140,0.7654224638148639,0.5595709679442898,1174791526084226.2,0.11187877908937408,0.12227766260238715
74,1.120,0.8613872649036817,0.6251156420064007,1289374772685852.0,0.130324037075886,0.007699310742786866
74,1.100,0.8159274398299484,0.5883543163322237,1191879661499233.8,0.12778837912088567,0.05561193050314167
74,1.080,0.6845451648127824,0.49495036314860386,984433043005457.6,0.11227622265520057,0.20256006382999697
74,1.060,0.5570190079742424,0.4046927917347227,790009136715646.5,0.09575500027647779,0.3466907896925319
74,1.040,0.46672185016273854,0.34125832897271363,653608029815652.4,0.08454299412714639,0.4482621275571179
74,1.020,0.4142406563720083,0.30508254060789675,573084029683130.5,0.07948496736422149,0.5058345181118619
74,1.000,0.39261247095617213,0.291445169345277,536732188476171.1,0.0800758269916409,0.5268789174395383
74,0.980,0.429836357690064,0.3348978635821285,604420565169872.2,0.08287982626656572,0.4867877531952848
74,0.960,0.49488523942270546,0.407867812467974,721093277075903.0,0.0825852938862118,0.4219439511195446
74,0.940,0.5076930964998707,0.4389097472188146,759807995156154.2,0.06911398560913608,0.42257782023446805
74,0.920,0.46036625619093835,0.4132812157003322,700219616982045.8,0.04721999889915767,0.49181048761138674
74,0.900,0.42893260068084826,0.3958419495635612,656092549831897.5,0.029795809177468168,0.5405783366509492
74,0.880,0.45872451251679675,0.4310706292685975,698605315107165.5,0.018949460587186044,0.5212856600160886
74,0.860,0.5638846563897117,0.5348084488191027,847027461198826.8,0.012881800501539215,0.4214433291398921
74,0.840,0.7219267460561585,0.6866392340159362,1062205830550253.4,0.01068396802136959,0.26455695452711103
74,0.820,0.7701019933075327,0.7322715680665633,1105826019280229.8,0.010772549076579813,0.21591824396126846
74,0.800,0.6291823558988434,0.5975047317215643,880302865893370.9,0.011619116360715305,0.35673294841789177
74,0.780,0.4961844222587656,0.47031752731100945,675595186216167.1,0.013931362199238174,0.48818126836897874
74,0.760,0.43591350879152785,0.41243408268372267,577256616421883.1,0.017347541896126042,0.5454292731667482
74,0.740,0.42912911675234355,0.4058283831085052,553063397683578.1,0.01970026859769835,0.5499652695434958
74,0.720,0.47570096359875663,0.4504035635682325,597221032890865.1,0.020223339756862704,0.5027285997793953
74,0.700,0.5966640126073304,0.5649149164774608,728252295529379.1,0.023110016197518075,0.37854229806137024
74,0.680,0.7704126312832497,0.7273269597930296,910834303365530.1,0.03363474112685362,0.19398577898584585
74,0.660,0.7555975108634002,0.7100604234209613,863058079410533.5,0.04090569045582957,0.201837292649996
74,0.640,0.5621298539580856,0.5261158664281472,620100602282084.6,0.036267514341994045,0.4005646425274684
74,0.620,0.524318108286191,0.4927822260180633,562661894820027.0,0.03174401654701108,0.4431328557186557
74,0.600,0.5149033895606121,0.48779403296249796,538999687850180.75,0.021403390139335052,0.46294496721525374
74,0.580,0.4443134289712149,0.42122558479243977,449928512028191.0,0.011407566338932083,0.5435181838031532
74,0.560,0.5085454452498159,0.47989051013623407,494915401120828.3,0.007347101904672633,0.482916632825217
74,0.540,0.7551264025761903,0.7079860097761309,704075472917625.4,0.0021641686071689195,0.23928479095020097
74,0.520,0.6924752245713297,0.636440043339998,609483033096175.6,8.022076537190919e-05,0.30180963289577584
74,0.500,0.4214020147219269,0.3693461829915452,340098251667221.94,3.655139259460135e-05,0.5751858197660125
74,0.480,0.7812035276189445,0.6569668786588837,580745017112203.4,0.0006362607721855631,0.21421064611937482
74,0.460,0.46714933562600686,0.3918433044485766,331948753215183.4,0.0035471296455613557,0.5281568845742044
74,0.440,0.41822621457384535,0.35488885217391636,287571480828605.5,0.004185001561604974,0.5767942741494352
74,0.420,0.8042636691175278,0.6602167102128436,510665575365674.75,0.007808624273947895,0.18653075036278638
74,0.400,0.5181923671261832,0.40249544069067866,296497978290597.44,0.0036826791183548996,0.4771329537551995
74,0.380,0.35465015648575055,0.24494393900814493,171415888479468.4,0.00432779750728943,0.6408491995471363
74,0.360,0.8399171316542432,0.48005391419081717,318268235052396.1,0.018675534675950733,0.14238949241787927
74,0.340,0.5150701755606746,0.28386213089593576,177740810212801.88,0.016148661863125326,0.46963099780862905
74,0.320,0.5745650484822247,0.2733110347287103,161067502484036.0,0.01793673040792194,0.4082967380789164
74,0.300,0.6541432815555951,0.19361252853546423,106968397922696.94,0.009400796306335174,0.33809807657958607
75,1.200,0.3075049021178664,0.23052479686964084,478363273785456.1,0.03850372468452488,0.6539305927854622
75,1.180,0.40965144496619244,0.3041412105374842,620606347006513.0,0.053108767130577696,0.5371150427286068
75,1.160,0.5572787654706123,0.4099639673549655,822361200531777.5,0.07483330776135169,0.36765273276253646
75,1.140,0.7337925876656971,0.5352369971862956,1055139574643780.1,0.10209594988051279,0.16370853843857563
75,1.120,0.8547392756443402,0.6186697490555817,1198217998805726.8,0.12325230393466427,0.021423696447049053
75,1.100,0.8292958005079195,0.5962006488470193,1134080974863722.5,0.12395840606336256,0.04606168293066849
75,1.080,0.6986230555741595,0.5034883733344618,940312343255839.4,0.10948941364245617,0.19125510602136844
75,1.060,0.5635627384742505,0.4080203049204025,747905241186190.6,0.09269314391451115,0.3432013893937998
75,1.040,0.46639392501591936,0.3397468422824943,611009135448910.8,0.08095459114745934,0.4521774507214537
75,1.020,0.4091409838172134,0.3001212828412089,529365825893027.25,0.07536105692492089,0.5150620043170785
75,1.000,0.38414919644711387,0.28393707260781514,490999484097946.8,0.07536590256139342,0.5400596742421883
75,0.980,0.41712157540218514,0.32366853355167075,548511189124904.94,0.07758681365771607,0.5048084553405808
75,0.960,0.4801836895204319,0.39435809842306446,654667727089304.4,0.07756677163781463,0.4416801389615179
75,0.940,0.49355959166639407,0.4254557819061886,691578079091869.8,0.06529853834153004,0.4405437116164146
75,0.920,0.44504680585751544,0.3986329143447338,634190770549456.6,0.04456724553017029,0.5098036630145184
75,0.900,0.4100987841251989,0.37785551349802,588067540594160.1,0.02795845000609001,0.5612812657211175
75,0.880,0.43420914114902964,0.40761148480346493,620280344807442.6,0.017704701782598344,0.5471023182504916
75,0.860,0.5319528386854412,0.5041945420531332,749817421420426.9,0.012066712361575473,0.45429146151417665
75,0.840,0.6891281064560556,0.6551277571133096,951621448222616.2,0.010186938153915007,0.2979795817753329
75,0.820,0.7538418980299334,0.7164803340377647,1015961059051684.6,0.010586312301079818,0.23242877974404363
75,0.800,0.6206348739844083,0.5890805414509,814936180860153.0,0.011539251457583832,0.36538941631252786
75,0.780,0.4842396291960475,0.45870993046877734,618716474643152.6,0.013687660692168311,0.5004064828023289
75,0.760,0.41978138231717155,0.3968989525541086,521617892853722.4,0.016783967936212996,0.5621697374640232
75,0.740,0.4077149567941321,0.3853292981129143,493086016504497.94,0.018745866987223306,0.5723906434713958
75,0.720,0.44658187073129557,0.42261853686147466,526186830052291.0,0.018926477884668603,0.533223188316185
75,0.700,0.5582574587089704,0.5283557665561075,639563141549619.8,0.021415096249049387,0.418747353856108
75,0.680,0.7366697014451011,0.6952648269027365,817557124069895.2,0.031641932644898015,0.22980159493820268
75,0.660,0.7518756333315257,0.7063653450473992,806180436741041.1,0.03982898677937348,0.2066367156854787
75,0.640,0.5566491901392199,0.5207994771498498,576380724927188.2,0.034992424078750105,0.40732155172539897
75,0.620,0.5066144426143948,0.4759617389931989,510296591469280.7,0.029741679687762923,0.46285428063682066
75,0.600,0.5002237423400819,0.4737910716361683,491583229214082.4,0.020051452201480694,0.4789876175324576
75,0.580,0.4252550181247817,0.40313718039540575,404333553736336.56,0.010476692384719032,0.5635348139604708
75,0.560,0.4744092574422207,0.44769179910511675,433536933415888.1,0.00655291172153253,0.5179255902634902
75,0.540,0.7145908642113413,0.6699208565980752,625570404229807.1,0.0019493190694556712,0.2802157067719203
75,0.520,0.6981323834230029,0.6415344868785299,576875754833922.0,7.630525603448893e-05,0.2961034031061895
75,0.500,0.4022789567493053,0.35245155992117594,304739237644113.5,3.2543212424858e-05,0.5944599668908211
75,0.480,0.7348041423922202,0.617449160453292,512508859439608.7,0.0005528813439415185,0.26091498001676455
75,0.460,0.4680329775552119,0.3922026083879014,311980352693517.6,0.003297054041986175,0.5275135992596235
75,0.440,0.3907007176646116,0.33126391869098964,252049445818466.75,0.0036422729001898847,0.6049085742836502
75,0.420,0.748092301694676,0.6136540222995914,445688892790546.56,0.006756981137647331,0.24384237008995926
75,0.400,0.5329373382974488,0.41377206842400993,286206898260085.9,0.0035266484624597444,0.46251378479988575
75,0.380,0.33024221378714214,0.22805696073393822,149860046925222.53,0.003771541596099136,0.6658258152933687
75,0.360,0.805863918190472,0.4605127011729687,286683731656153.0,0.01693641252970368,0.17813938778989571
75,0.340,0.5122752420656848,0.2814659225831228,165486920441416.9,0.01519732994446845,0.47338289738343337
75,0.320,0.5336634306745695,0.2540265992035693,140568531482619.92,0.015889570731041084,0.4511847433061297
75,0.300,0.6698673425282776,0.19797876971662307,102706708462273.9,0.009131646190483997,0.322684002767597
76,1.200,0.28195149670644165,0.21106960785892345,409397164974036.6,0.03334868055849564,0.6846446875455376
76,1.180,0.37651382560756586,0.2790668673750947,532265314787907.3,0.04615489405490009,0.5772173018965757
76,1.160,0.5176294664173063,0.3800375742842666,712561589695698.9,0.06579535401202256,0.41635738118022597
76,1.140,0.6980566209138558,0.5079867462648642,936041522420476.2,0.09204252361631804,0.2095179305387576
76,1.120,0.8417282386450136,0.6076134526363547,1099976190811721.0,0.11517236290025913,0.04252320683600161
76,1.100,0.8386035288495884,0.6010325623016429,1068632967876257.4,0.11910701136512339,0.04159628143178602
76,1.080,0.7105868502620863,0.5104020184917464,890992442438658.2,0.10594475452392653,0.18282349009024226
76,1.060,0.5684102254176561,0.41005850051201204,702569943012389.8,0.08905802321571996,0.34198271670365743
76,1.040,0.46454611407520574,0.3371063404256388,566680334841498.1,0.07692764866770682,0.45805242927699175
76,1.020,0.40276837536898835,0.29423370099598856,485099098880572.75,0.0709045742360832,0.5258961189155552
76,1.000,0.3746834626894376,0.27571716760315007,445657982598040.8,0.07040317477097544,0.5544966295176801
76,0.980,0.4036030721724983,0.3118638777479406,494002369364054.5,0.0721107030574316,0.5238168189728476
76,0.960,0.4646102638423365,0.38017561624424073,589920343573781.9,0.07234560080211916,0.46249189555039105
76,0.940,0.47839738137303145,0.41113923514406625,624675767099988.0,0.061264446005082296,0.45975835525772424
76,0.920,0.42880838532557114,0.3831811798696523,569809754063466.6,0.04176655288060342,0.5288652306463663
76,0.900,0.3907105924280459,0.359379614696768,522797894372804.75,0.02605363909165286,0.5826072593024019
76,0.880,0.40953637221353373,0.3840253892389124,546236217047093.4,0.016435215321200444,0.5731018664561245
76,0.860,0.4998173743471584,0.4734065087512896,658067673720601.1,0.01123253825038448,0.48736349545169744
76,0.840,0.6543422443524707,0.6217396437953029,844161862395302.4,0.009647024908514932,0.33344077759636376
76,0.820,0.7338779877078977,0.697163780809552,924031019081945.1,0.010338093895682417,0.2527211431769642
76,0.800,0.6096500545482735,0.5783283643836937,747829101512986.5,0.011408664734842068,0.37654388885822554
76,0.780,0.47092715301730964,0.4457949185261709,562040482645803.56,0.013397467961107398,0.5140508999699226
76,0.760,0.4030232794262698,0.3807666691650166,467746340907303.6,0.016179664456940617,0.5795791434062639
76,0.740,0.3863068536364019,0.36483968035028436,436386862755968.06,0.017768920666767413,0.5948329229924517
76,0.720,0.4179918061860739,0.3953464575657403,460095758603361.0,0.01762998757752768,0.5631874993163444
76,0.700,0.5201022473057585,0.49205156492109164,556732454363520.0,0.019714335539934506,0.4587070727141136
76,0.680,0.6993661215944449,0.6598549472338194,725262581436646.5,0.029468151651425807,0.2693690887941217
76,0.660,0.7438088816696937,0.698588144322942,745251790484182.4,0.038422633447954324,0.21612079646397492
76,0.640,0.549825676631608,0.514231809143923,531957324571217.4,0.03354859037477665,0.41559316862472134
76,0.620,0.4879929602385936,0.4582958774139158,459277872033927.4,0.027667105011076647,0.48356852968560676
76,0.600,0.484078230917811,0.45840957335614657,444572720896893.56,0.018634268614472125,0.49656470669557534
76,0.580,0.4059541412928944,0.38482275042763714,360766841689553.75,0.009556250402892007,0.58378474505526
76,0.560,0.44140124106780304,0.4165565363496698,377050796129969.1,0.0058043668658649085,0.5517585067457755
76,0.540,0.6713391928207564,0.6293198811014499,549291771606555.4,0.0017357125693519889,0.3238745015574832
76,0.520,0.7005452061785544,0.6436520684213537,540993932647334.8,7.19519504545977e-05,0.2936687021433219
76,0.500,0.3836917848850378,0.33604606243222146,271585573625064.12,2.8847043405174183e-05,0.6131945228886724
76,0.480,0.6850188146149812,0.5751767786527304,446252295492425.06,0.00047467355373280516,0.31101967352370935
76,0.460,0.4680463007958044,0.39185539348361986,291354373752514.2,0.003048329248960609,0.5277419507333876
76,0.440,0.36477703741267203,0.3090438711271351,219791398949736.84,0.0031567403532813286,0.631361994526622
76,0.420,0.6885454619194555,0.5644036451785893,383157192091097.5,0.005765235610420047,0.30447728640882166
76,0.400,0.5471001472629419,0.42459462836565715,274518974852897.7,0.003359067149914789,0.44848945583140376
76,0.380,0.30798079557994157,0.21265907985592442,130618715500297.78,0.0032797469292177176,0.6885903857297392
76,0.360,0.7605112926942287,0.4345967952994336,252887231431221.9,0.01505149735214402,0.22532206302130656
76,0.340,0.5081087331708737,0.2783539315552453,152972779698854.4,0.0142111650048717,0.4785383296768922
76,0.320,0.4938230886070664,0.2352570950141592,121683190950856.36,0.013970627289310032,0.49288544839339615
76,0.300,0.6817970886553097,0.20120575315242192,97566231529795.08,0.008782594032801815,0.3111346475419614
77,1.200,0.25763410567422446,0.19258201799358474,347334335307126.1,0.02863745584520782,0.7136785165562145
77,1.180,0.34463460359887693,0.25499228341520097,452230431072188.1,0.03974248473754071,0.6155190692142591
77,1.160,0.47809769547113845,0.3502927718728453,610716850603804.5,0.057229877546570766,0.4644716612044554
77,1.140,0.6590028812954847,0.47841891317127966,819716976118339.4,0.0819270315751114,0.2587086086967239
77,1.120,0.822341214827691,0.5919773077430133,996492007514911.6,0.10622522315111664,0.07086981520217803
77,1.100,0.8431433636523779,0.6023710547222733,995881163118689.1,0.113210655051362,0.04294711928334332
77,1.080,0.7197786012212085,0.515234406547287,836333224622677.0,0.1015748926716399,0.17799110891979408
77,1.060,0.5710286988256073,0.41043756536303166,653888509693327.1,0.084794563921663,0.3436231391179555
77,1.040,0.4607705004343717,0.33305572704505604,520596187232336.0,0.07242671028733147,0.46633087586534794
77,1.020,0.39481444804937815,0.28720887222170577,440300076828277.9,0.06609332817162412,0.5386677985526358
77,1.000,0.36396786602672215,0.26661675684896563,400717379996860.8,0.0651709589645976,0.5704541841056405
77,0.980,0.389070330179832,0.29933362564473753,440892102500683.6,0.0664396468741766,0.5440354864066759
77,0.960,0.44797940079852466,0.3651811715366964,526902608265746.94,0.06691343693848395,0.48457336204274026
77,0.940,0.46204676302650216,0.39583485819815234,559232790217084.4,0.057004603467826556,0.48038874317246705
77,0.920,0.41152017999557294,0.3668183219227753,507212076023739.56,0.03881267949945649,0.5491313848430626
77,0.900,0.37066952041477064,0.3403293381925111,460354758318664.7,0.02407800806800828,0.6046583010866091
77,0.880,0.3846325229304422,0.36024622581756555,476467024852944.9,0.015138665756347421,0.5993604365846226
77,0.860,0.46749369882023256,0.442460778065435,571905097851165.5,0.01037901407743428,0.5206441603906466
77,0.840,0.617778337367708,0.5866762910083801,740676493011116.1,0.00906534335440831,0.37072940746179533
77,0.820,0.7100817257942967,0.6742024745606598,830911811233385.8,0.010022020513387577,0.2769303328092999
77,0.800,0.595876674401962,0.5649153245637588,679241294372211.2,0.011216064316316448,0.39056032270281377
77,0.780,0.45599320574009,0.43133207704665705,505658249898033.9,0.01304835671952092,0.5293816515067851
77,0.760,0.38545592070745377,0.3638641326883134,415626832961212.25,0.015521523932321922,0.5978544548039113
77,0.740,0.3647486946045596,0.34421232988144274,382832571444202.06,0.016757066756150813,0.6174610253822703
77,0.720,0.3898227319164682,0.3684853556554289,398752544221190.3,0.01632580483183912,0.592737915753298
77,0.700,0.48234390284418394,0.45614060634604925,479896423584878.56,0.01801182683810602,0.49827138640604884
77,0.680,0.6591172122022302,0.6216811214358738,635370914121359.9,0.02714469958315493,0.31204010479884775
77,0.660,0.7309336441881387,0.6862965334771516,680779514200263.9,0.03666562610734643,0.23077530598091475
77,0.640,0.5412077317136239,0.5059918390520969,486714432064561.7,0.03190641175912273,0.4258615913488593
77,0.620,0.46825081967731813,0.43959520361867244,409633411672209.6,0.025514791576503295,0.5054843073577735
77,0.600,0.46628470112719084,0.4414781861240345,398117472045326.56,0.017152143744256648,0.5158584413107886
77,0.580,0.3861885236281436,0.3660717884953451,319113364186019.44,0.008643356767854556,0.6044935185236625
77,0.560,0.40939002765529636,0.38636084071439236,325186020437603.06,0.005099443658778678,0.5845490502846096
77,0.540,0.6262080631185701,0.5869673941434684,476385434720888.25,0.001526880482918549,0.3694171549976225
77,0.520,0.6988275619064461,0.6419803982720935,501736677197470.1,6.712945211163169e-05,0.2953990342998822
77,0.500,0.3652615242018338,0.3197965674811348,240322559181123.47,2.5413874183983735e-05,0.6317714995676602
77,0.480,0.6334684635355392,0.5315115326998128,383446402404010.1,0.0004027281028772141,0.36289447182934526
77,0.460,0.46655861430668866,0.3902763125172841,269824115732767.8,0.0027979020297341636,0.5294773009949005
77,0.440,0.3400770873659294,0.2879048375562103,190393613534547.4,0.002720428217459023,0.6565412098336564
77,0.420,0.628044979184209,0.5144561069185852,324749398365551.25,0.004854699973497244,0.3659881311709997
77,0.400,0.559708083370774,0.43421105234690793,261042730124721.34,0.0031752189204439377,0.43603931705818405
77,0.380,0.2873026843015347,0.19836080643686674,113289640770403.44,0.002840834406469281,0.7097179857126515
77,0.360,0.7068970071023315,0.40402052459772286,218603276396648.03,0.013117861622066802,0.28080624448192015
77,0.340,0.5019855855927539,0.2742215930027396,140130058811780.95,0.013180107167965208,0.4856913631258649
77,0.320,0.45527381408817913,0.21710033595394806,104414595809293.12,0.012184028066644016,0.5331652095629374
77,0.300,0.6881241558362631,0.20276976185328066,91427150348013.56,0.008338943795488891,0.30526850174802794
78,1.200,0.23445388640231266,0.17498729089942966,291695257807289.0,0.024345959429194524,0.7411550646316455
78,1.180,0.3140200336737286,0.23192142884202335,380158320558965.56,0.03386292874320156,0.652022742600413
78,1.160,0.4390320395650593,0.3209894490928587,517237926086650.4,0.0491977394854959,0.511586034122025
78,1.140,0.6173702306792059,0.44709196904677095,708016428959623.5,0.07193542536213884,0.31035541636760194
78,1.120,0.7967212646957615,0.5719060959690132,889783531694945.5,0.09658292061467087,0.10614838416342524
78,1.100,0.8422285157261687,0.5997600181902522,916456405930087.9,0.10627866629547977,0.05079225741607415
78,1.080,0.7254596410573344,0.5174788018739079,776350674222694.0,0.09632756522374313,0.17754957954351533
78,1.060,0.5708092556670876,0.40873984363338833,601858578124169.0,0.0798590638991009,0.34877587728662607
78,1.040,0.45461433082669583,0.32728717857493733,472828827255408.5,0.0674283379047299,0.4774894835939026
78,1.020,0.38494846306875813,0.27882428631692174,395068484189847.94,0.06091733047318484,0.5537181712645001
78,1.000,0.35174257468713466,0.25646214412664164,356258211974118.06,0.059664322833268134,0.5881974413670653
78,0.980,0.3733003370853789,0.28592152827298983,389237385965236.6,0.06057142259751218,0.5656899935321676
78,0.960,0.43008153239066005,0.3492193413396521,465705253357658.25,0.06126822411852534,0.5081364312893495
78,0.940,0.44432131732091973,0.37939747747371283,495409017840854.2,0.05251618938928594,0.5026243310804687
78,0.920,0.393037025371533,0.3494261274816583,446565139631717.4,0.03570393516320946,0.5707491288764022
78,0.900,0.34987256132967604,0.3206170926182677,400839762453630.7,0.022030492238782888,0.6275385690082902
78,0.880,0.3594177228017519,0.33620293746991914,410984829120879.0,0.013813671633164392,0.6259593990972216
78,0.860,0.434970883912372,0.41134922038153166,491417643310460.25,0.009505797985618744,0.5541447035501533
78,0.840,0.5796148800469619,0.5501100481583434,641904586593698.5,0.008442770147930467,0.4096653666602056
78,0.820,0.6823581450336702,0.6475094312418834,737567150336599.9,0.009632299767636684,0.30515754800414735
78,0.800,0.5789585793200765,0.5485046284960154,609553597465128.2,0.01094903207305696,0.40780875705986896
78,0.780,0.4391785967766482,0.41507663770736863,449743098743225.8,0.01262665796007001,0.5466725409815693
78,0.760,0.3668955057114289,0.3460185230008803,365304107387262.56,0.014795582731328569,0.6171940221167929
78,0.740,0.34288271039718526,0.32329918923088624,332336429984340.1,0.015697603198633846,0.6404458748677836
78,0.720,0.36194990541109173,0.3419179473318571,341976299935609.0,0.015005597213618518,0.6220078464993923
78,0.700,0.4450505265759987,0.4206880135908951,409072036817954.06,0.01630964768167279,0.5373698819078092
78,0.680,0.6165045685739297,0.5812950152008497,549094541598345.94,0.02470310214845556,0.3572000478901924
78,0.660,0.7128803614671368,0.6691472430802267,613489654693989.4,0.034548320097460644,0.25098039782279186
78,0.640,0.53030690740482,0.4956247407485276,440630511424289.44,0.03003988989198741,0.4386422743117397
78,0.620,0.4471606213866506,0.4196474297474439,361424735662628.25,0.023282250244210528,0.5288319136473343
78,0.600,0.4466585305911699,0.42282317379738643,352412778247447.75,0.015608409418401904,0.5370504697783473
78,0.580,0.3657377564611037,0.3466754806313147,279314019718698.44,0.007736797606448472,0.625883136208501
78,0.560,0.37820775683523106,0.3569463251803253,277672299773571.9,0.004436200006733356,0.6164673809042928
78,0.540,0.5799069498780149,0.5435281389825466,407715674178403.56,0.0013257092690022077,0.4161280496613294
78,0.520,0.6921169415695749,0.6357290556330526,459216008913009.5,6.183394159634713e-05,0.30216407827333275
78,0.500,0.3466141161640048,0.30337468109790133,210712816533239.44,2.22052656185819e-05,0.6505679619392787
78,0.480,0.5814066864119614,0.4875025020376856,325057133652771.8,0.0003375765054364905,0.4152787604044037
78,0.460,0.4628900098990164,0.3869002668243476,247228467034183.75,0.002543616056175543,0.5334034820924872
78,0.440,0.3162334868432319,0.26753265726549524,163520081439430.84,0.0023266865207750304,0.6808208629531632
78,0.420,0.5683609232162531,0.4652611695567958,271448667136953.5,0.0040359703768015134,0.42659103627948297
78,0.400,0.569634313669195,0.44175103732933074,245459126503981.25,0.002971218694339129,0.42629632122369665
78,0.380,0.26770182991293096,0.1848124539587496,97556552669405.42,0.0024456001754053986,0.7297241167559428
78,0.360,0.6482285208234697,0.37059403299622756,185328639767568.94,0.011221364167411818,0.3413022878581955
78,0.340,0.4933155694749394,0.2687634113478264,126937715181895.55,0.012097970458751224,0.49543732449836925
78,0.320,0.4180711464732684,0.19957345857414616,88714452576993.72,0.010528387135998133,0.5719698984058411
78,0.300,0.6871721107718389,0.20218946474644212,84259987885387.7,0.0077932112147310354,0.30676522938094336
79,1.200,0.2122978129562419,0.15820028530025118,242019332143151.7,0.02045077516848476,0.7672108242458856
79,1.180,0.2846202161068789,0.20981651675132024,315633600835221.44,0.028500974186632024,0.6867935292254269
79,1.160,0.4006511413490126,0.29229042261793947,432249126362754.9,0.041736313925363984,0.5574444460380387
79,1.140,0.5737981100449593,0.4144880715116491,602390948633600.8,0.062225854780894034,0.3636604811383011
79,1.120,0.7651195840322224,0.5476228390276151,781917845144895.1,0.08643743735994917,0.1479156413886689
79,1.100,0.8351922730634661,0.5927660577102111,831261300851770.4,0.09835536621605545,0.06575470061092077
79,1.080,0.7267992833815853,0.5165719839939631,711239968369987.1,0.09017064544527421,0.18236251247193275
79,1.060,0.5670590556255318,0.40449559536104185,546614580360518.9,0.07422427014667932,0.358161745276759
79,1.040,0.44558027976843156,0.3194671978265315,423566068066789.8,0.06192562307950301,0.4920330541314802
79,1.020,0.37282058994974937,0.26884870900972446,349598593623281.6,0.05538249618807219,0.5713915909537386
79,1.000,0.3377384950142976,0.24507728350966998,312438545680117.3,0.053893240969838566,0.6079858846548729
79,0.980,0.3560593349960219,0.27146705572972957,339160102723821.8,0.05451615233641443,0.5890043003629317
79,0.960,0.41068239453584315,0.33211848994128296,406467510348307.5,0.05541678775235019,0.5334088459186019
79,0.940,0.4250050791479781,0.3616602009572009,433401213132873.0,0.04780271873567229,0.5266778174381622
79,0.920,0.37319837196729644,0.33087535097661197,388073325367733.94,0.03244359681696121,0.5938758931800541
79,0.900,0.3282128788239047,0.30015346441831947,344387531576371.06,0.019913186004765326,0.651352904032744
79,0.880,0.3338076361305892,0.3118213247744143,349824348670140.5,0.01246032309247862,0.6529831161737588
79,0.860,0.40221489883701694,0.38004242990202775,416669860460373.6,0.008612802526128763,0.5878992843106172
79,0.840,0.53999226088873,0.5121773634190852,548480530479367.56,0.00778000776796275,0.45010696752151025
79,0.820,0.6506366382632284,0.6170215439273179,645023786306506.5,0.009163233662077096,0.33747942032787615
79,0.800,0.558537071079882,0.5287581354486353,539272903600903.75,0.010594059881966277,0.42866287950812815
79,0.780,0.42022154687874547,0.3967824631065389,394555972223359.6,0.012117540444234489,0.5662011406031185
79,0.760,0.3471593509891739,0.32705913531009995,316884813371843.2,0.01398721955403308,0.637795740812084
79,0.740,0.32055125640380067,0.3019532540426892,284860992875491.1,0.014577878345377987,0.6639582260851729
79,0.720,0.3342376727781897,0.3155172747525648,289612423784124.7,0.013661428942675843,0.651141251300476
79,0.700,0.40822594961645614,0.3856983433386078,344197223899102.06,0.014608901224349527,0.5759975722381713
79,0.680,0.5720390977677953,0.5391813593501452,467417891227148.1,0.022174228147783113,0.4043058256015888
79,0.660,0.6893762379058138,0.6468885200662182,544295732559510.56,0.03207417406731642,0.2770061389870438
79,0.640,0.5165984853091969,0.48264251717643525,393792192217561.06,0.027928998792548704,0.45448106037390873
79,0.620,0.42447498298898956,0.3982217155686477,314759015486933.94,0.020971475620722865,0.553857187929382
79,0.600,0.4250125139687678,0.40226825948961187,307700758311809.56,0.014009978968697722,0.5603214385959481
79,0.580,0.3443853820539725,0.32642865759228124,241366960983979.75,0.00683726661510867,0.6481697307074695
79,0.560,0.34766469664560484,0.3281338892614079,234261361401469.25,0.003813100877993548,0.647705170168381
79,0.540,0.5329913579582454,0.49952228658097647,343882582017948.7,0.0011344476855023567,0.4634468609070848
79,0.520,0.6796109847099272,0.6241630315055692,413773750303802.56,5.609269523452187e-05,0.31477285126360705
79,0.500,0.32738368869814194,0.28645952235488453,182597495938969.12,1.9192970275859314e-05,0.6699527285059966
79,0.480,0.5297047719291392,0.4438750795022079,271621129107892.9,0.00027931623079305344,0.4672965454553094
79,0.460,0.45632015937325326,0.381129581078988,223507468127761.6,0.002284310604700883,0.5402438736905055
79,0.440,0.2928969919455094,0.24762908554117957,138904360732697.19,0.0019701471406306415,0.7045561595787831
79,0.420,0.5106266476669428,0.4177424510700196,223676032494974.47,0.0033114223234287396,0.4851481173207155
79,0.400,0.5756165122371995,0.4462404352840868,227557137286975.34,0.002744364472902943,0.42052800358775627
79,0.380,0.24872498534731158,0.17170096497006912,83179802008461.81,0.002086918381574683,0.7490693700430996
79,0.360,0.5873321473519398,0.3359116561621964,154166184711701.38,0.009426631110672778,0.40392243421832985
79,0.340,0.48150764103802496,0.2616745736277411,113423225109505.7,0.010962798210595944,0.5083680996227007
79,0.320,0.38213582303814897,0.18263127515491195,74505216232794.67,0.008999021662493053,0.609383296549391
79,0.300,0.6775935329602407,0.19908302676604228,76140730542156.14,0.007147008740780284,0.31696719912281335
80,1.200,0.19104445916314822,0.14212986535112132,197878917302530.47,0.016930344980717788,0.7919888285696347
80,1.180,0.2563432568813148,0.18860878905752146,258212265936548.9,0.023638148888859973,0.7199418598500529
80,1.160,0.36305990999383825,0.2642741010471536,355668602292350.25,0.03486541710712721,0.6019221797560896
80,1.140,0.5287935481216979,0.38098979955270273,503907862080388.6,0.05292769534270619,0.41798719340070783
80,1.120,0.7278345617192093,0.5193839425632173,674900074664171.8,0.07598994390317682,0.19567191865954592
80,1.100,0.8213722866543636,0.5809673984028214,741442338960080.0,0.08952059975333423,0.08841759633787628
80,1.080,0.7228564488586571,0.5118827761989535,641397417501577.5,0.083097668057805,0.19337838410708455
80,1.060,0.5589928223794071,0.3971783952084054,488454839424348.75,0.06788550629932966,0.3725715362450157
80,1.040,0.4331287801696781,0.3092391214724431,373130461175524.0,0.05593345615700412,0.5104868995954405
80,1.020,0.3580670907423248,0.2570463310176657,304189707911152.25,0.049514758986322106,0.5920263346271105
80,1.000,0.32168167555410404,0.23228722145116554,269499680042715.62,0.04788601648622526,0.630065548186648
80,0.980,0.3371049707353396,0.2558073354599864,290851966525712.0,0.048299279149163016,0.6141956628220889
80,0.960,0.3895219848054906,0.3136905144845674,349386044774946.06,0.0493778513556263,0.5606322253784721
80,0.940,0.4038490870647552,0.34243217212544774,373452481082474.1,0.042876597704434624,0.5527860419471635
80,0.920,0.3518271452239074,0.3110251500194373,331983325042484.7,0.029041663908430406,0.6186789188747838
80,0.900,0.3055804605182488,0.27884806728396766,291167624287167.4,0.017732380017212588,0.6762051152785459
80,0.880,0.3077149493951516,0.2870256400560649,293046339591160.4,0.011080814379725735,0.6805168151346069
80,0.860,0.36917170668474797,0.3484928800718465,347716496917992.7,0.007700622883825339,0.6219614367320738
80,0.840,0.4990077018298561,0.47297424743370087,460945644562907.5,0.007077774902405456,0.49195582776344865
80,0.820,0.6148591111052414,0.582688628319214,554349078226191.06,0.008609300837202592,0.37395982479435863
80,0.800,0.534252772713624,0.5053385823276217,469035138135361.8,0.010136693885306748,0.4534980069802864
80,0.780,0.398860931278275,0.37620557830886003,340449553074331.56,0.011505241605769535,0.588245305414755
80,0.760,0.3260674222976501,0.3068192300244664,270538515603823.62,0.013081540439578833,0.6598551288813974
80,0.740,0.2975981227033114,0.2800301123222002,240419333656191.47,0.013385892214819381,0.6881667480182335
80,0.720,0.306544084824698,0.28915125657203544,241540808242336.53,0.012286591679180767,0.6802871797472761
80,0.700,0.371822340630766,0.35112766861708083,285164873163026.8,0.012910913571648948,0.6142010564027848
80,0.680,0.5261363830854257,0.49573483030761833,391103120426164.94,0.019588225810147936,0.45291061359540846
80,0.660,0.6602347735222378,0.6193502470584396,474256383828386.25,0.02926108876783461,0.3090216544240717
80,0.640,0.4995220007967625,0.46652455846761437,346407606110760.5,0.025562597093893163,0.47395074032452017
80,0.620,0.3999318503380279,0.3750736318987219,269799510957849.6,0.01859056661394555,0.5808145653625724
80,0.600,0.40115712660289055,0.37963481879647437,264271434888810.78,0.012367949651775786,0.5858501204947723
80,0.580,0.3219211079810189,0.30513186617209753,205328149686757.2,0.00594759726935582,0.6715611109429039
80,0.560,0.3175604297924921,0.2997342723287351,194740986577046.84,0.0032292580930939,0.6784641480435142
80,0.540,0.4858562992317695,0.455319406385256,285261299044321.3,0.0009547828551513893,0.5109750385922119
80,0.520,0.6605970968096592,0.6066298027066022,365982248573458.7,4.9965686833800216e-05,0.33394383941421607
80,0.500,0.30721671297599784,0.26874127617939464,155896840756356.75,1.635861583765907e-05,0.6902821773282412
80,0.480,0.4788888653694219,0.4010635338658948,223350715642632.56,0.00022774870206805444,0.5184189970848064
80,0.460,0.4461015102943895,0.37234477524715487,198717461499531.28,0.002019925197806846,0.5507480633939804
80,0.440,0.2697416863958531,0.22791605720420877,116348431946178.56,0.001646650794307505,0.7280777363588715
80,0.420,0.4554396950579645,0.37238211122323034,181455875465554.5,0.002677965468843093,0.5410636760308514
80,0.400,0.5762913268019172,0.44662777282398,207271051971419.84,0.0024935154929861232,0.4201015652080324
80,0.380,0.22996772366429563,0.15874701198899543,69987759529643.016,0.001759483924010967,0.7681636675090525
80,0.360,0.5263570650252638,0.30118454163382025,125796371212045.75,0.007774843460272997,0.466478693386348
80,0.340,0.46597626685776167,0.25265347604809113,99663728295638.25,0.009777284455886147,0.5250653994926465
80,0.320,0.34729174075288277,0.16618389083026158,61698106511019.87,0.007589869948691573,0.6455872734706275
80,0.300,0.6585296461807282,0.1932135540529116,67249921031221.08,0.006411654826513963,0.33671965027908324
81,1.200,0.17056801833843033,0.12668196650018454,158888032983351.97,0.013765784062426543,0.8156338161411831
81,1.180,0.2290664714440804,0.1682070429484889,207453769027123.47,0.01925542726422369,0.7516095150468376
81,1.160,0.32626686192849585,0.23694789110957765,287280390930538.94,0.02859296135950874,0.6450028522714446
81,1.140,0.48271323083497625,0.34686815541549404,413299070255028.2,0.04414394152141021,0.47287575131488885
81,1.120,0.6851442065525128,0.48743030842511387,570592027086617.2,0.06544205026958362,0.24893751796083755
81,1.100,0.8000755115697369,0.5639292933919551,648354435050743.6,0.07988922118460866,0.11935984090954378
81,1.080,0.7125511472396565,0.5026936931922829,567443124542180.9,0.07513409212862361,0.21165282612094866
81,1.060,0.5457240297500274,0.3862004336735776,427871902866302.4,0.060868036329545544,0.3928674880936168
81,1.040,0.41668330472943504,0.2962276434409951,321998663511612.8,0.04949451390108802,0.5333855720267955
81,1.020,0.34031784679978416,0.24318243887923174,259255230807655.56,0.043364465584113755,0.6159426749942953
81,1.000,0.30329909804975125,0.2179223872496927,227770247611167.34,0.04169283742050373,0.6546596641684727
81,0.980,0.3161888821712106,0.23877932766078802,244578313989107.56,0.041964746839015535,0.6414688641910482
81,0.960,0.36631307104181404,0.2937302339679921,294723679413966.25,0.04318552376280567,0.5900600720336271
81,0.940,0.38056711715752806,0.3214957104701996,315862582975806.9,0.037762276969267844,0.5812111019603927
81,0.920,0.32872846775048714,0.2897224311930306,278589724838487.84,0.025517006295659395,0.6453343861013661
81,0.900,0.2818627201137546,0.2566103497641528,241385858877179.56,0.015499804482905841,0.7021961301273613
81,0.880,0.28105057677539025,0.2617399341413352,240739751055954.0,0.009680217499490934,0.7086446025868465
81,0.860,0.33576998570031596,0.3166377600848064,284614028222979.44,0.006771090750177467,0.6564007817398803
81,0.840,0.456712094650378,0.43255362859647756,379764523510012.7,0.006337164186696104,0.5351596856695553
81,0.820,0.5749661875303289,0.544460802256812,466633181262209.56,0.007965386632484445,0.4146634975626665
81,0.800,0.5057468757455249,0.4779114533889699,399606525785329.0,0.00956187707434213,0.4826894878687645
81,0.780,0.37483984180200225,0.35310821417325033,287870769886656.25,0.010773552148411985,0.6130791130217387
81,0.760,0.3034435468365886,0.2851377459875211,226497519727813.62,0.012064063768239612,0.6835634246048206
81,0.740,0.2738693362293042,0.2573891050350581,199075138104644.6,0.012111228469876662,0.7132362857464051
81,0.720,0.27872448905742153,0.2626863016617203,197681063449427.9,0.01087669053121087,0.7095950812510373
81,0.700,0.3357514028773878,0.3168943187465195,231850287851956.7,0.011218605313589864,0.652065918465226
81,0.680,0.47910319533955864,0.4512474769113834,320714684599768.3,0.016975260567013758,0.5026766438120025
81,0.660,0.6253318713077267,0.5864214708212484,404528332758562.5,0.026142463103366605,0.34711800892644956
81,0.640,0.4784815795702161,0.44671801131900907,298819258242184.6,0.022941915756376736,0.4976472230625863
81,0.620,0.37326070434443154,0.34995093552551276,226774383257593.38,0.016155447775107554,0.6099591332737299
81,0.600,0.37490119556697926,0.3547424497750055,222463905548719.12,0.010698227381785596,0.6138121113572895
81,0.580,0.298143251084379,0.28259365540986986,171311117014950.8,0.005072977937081712,0.6962540944071921
81,0.560,0.28769219806943624,0.2715559265821267,158943385277492.9,0.002684598882064638,0.7089475692179009
81,0.540,0.4387438632557551,0.41114563518657915,232051612176197.28,0.0007879551352734521,0.5584680912212664
81,0.520,0.6344688217004781,0.5825742324230349,316628323503991.2,4.3545029060534094e-05,0.3602884832261483
81,0.500,0.2857774776668334,0.2499258923674362,130609991720924.27,1.3693430495215928e-05,0.71189472367409
81,0.480,0.4292014490901916,0.3592636111581173,180239350797655.47,0.00018250288930272293,0.568402557653666
81,0.460,0.43147619998940306,0.35991836040135683,173044172961754.47,0.0017515981372288668,0.5656747839453965
81,0.440,0.24646901549929334,0.20813894244979367,95719664167401.55,0.0013531617586183854,0.7516876998873802
81,0.420,0.4029909131014197,0.3293281103124454,144568354792292.94,0.0021294338411313647,0.5941524935015459
81,0.400,0.5702412595897083,0.4418202223616798,184714388855581.06,0.0022194471658208356,0.42643653843408214
81,0.380,0.21107193218704182,0.14570312397868568,57869217005051.805,0.0014596008816044925,0.7873689795141741
81,0.360,0.4667128102256261,0.2672053573806775,100540909199023.61,0.006286926491116792,0.5275421086662173
81,0.340,0.4461494143314604,0.24140500621556107,85786773766751.64,0.008549238536383867,0.5460923195457432
81,0.320,0.3132992207535392,0.15011212932066348,50206611329941.14,0.006295042681304541,0.680827019883113
81,0.300,0.6296827449198821,0.18450853786284782,57853930317736.71,0.005607204917825831,0.3662994241467917
82,1.200,0.1507408887611428,0.11176157120393486,124707264674929.44,0.010941428351158168,0.8382890978562361
82,1.180,0.20264474882790376,0.1485040006229691,162943923565298.1,0.015335265176648124,0.7819592241415215
82,1.160,0.29020020777858413,0.21026058764726824,226795206881694.25,0.022920016880225103,0.6867572593715233
82,1.140,0.43575679953976854,0.31227890810630893,331028596187347.7,0.03595594054220566,0.5280451314909765
82,1.120,0.6372370665065797,0.4519382122467814,470668457872368.0,0.0549903111888199,0.30732733308373583
82,1.100,0.7705199160117653,0.5411635403938104,553527527031062.25,0.06961054877149399,0.15921496891708542
82,1.080,0.6946223569469013,0.4881734498659034,490248101091491.1,0.0663448426815661,0.23838325281764736
82,1.060,0.5262568037812291,0.3709084269239849,365586857214530.06,0.05323588468055687,0.41998257674587086
82,1.040,0.39563977353797924,0.2800460942074933,270820083742522.6,0.04268583545615075,0.5612568736571056
82,1.020,0.31920664826523265,0.22703082654978274,215329241619302.62,0.03701082426781269,0.6434281325168419
82,1.000,0.2823259458550793,0.20182373793354932,187668012306873.84,0.035389270626324666,0.6819578926306347
82,0.980,0.293059719101975,0.22022220250874167,200680505500198.4,0.03557829654326647,0.6710098942705678
82,0.960,0.3407391251298184,0.272014309679311,242818064543113.56,0.03689330281466371,0.6219558361032927
82,0.940,0.3548303733421494,0.298602648722349,260999405527396.6,0.03250011747988044,0.6122418007075568
82,0.920,0.3036882144024367,0.26680106840539164,228240862871332.2,0.021899958694924247,0.6740262626874827
82,0.900,0.25694500427316425,0.23335031056519526,195285006922439.03,0.013234100582578302,0.7294220112256637
82,0.880,0.25372452513861127,0.2358890994612687,193022774273909.66,0.008267426750993847,0.7374476483295569
82,0.860,0.30192330194756584,0.2844013377065423,227430179871325.44,0.00582799527463454,0.6913001212965164
82,0.840,0.41310814071057594,0.3909240618753052,305344215805513.2,0.005560229435843582,0.5797136753035228
82,0.820,0.5308821623334014,0.5022749453688363,382977602670097.75,0.007227288117409376,0.45967063510490486
82,0.800,0.4726617648211415,0.44614661898054814,331883454498613.94,0.008854648604290354,0.5166113708093617
82,0.780,0.34790924004467294,0.3272632556415539,237361270515600.38,0.009906724032056355,0.6409682873873163
82,0.760,0.2791159476965749,0.26186061651271747,185055410469687.44,0.010921886770311225,0.7091058814955686
82,0.740,0.24921336826053092,0.23389406156680695,160941825846653.44,0.010746492190696753,0.7393262116198176
82,0.720,0.25063425423733593,0.23599013999793453,157995371033365.9,0.009431099222631854,0.7392106148042016
82,0.700,0.29989371381787827,0.2828878529200714,184132456988404.7,0.009538075599258426,0.6897057754445408
82,0.680,0.4311326075953044,0.4059042751643732,256655483220650.2,0.014366979043129283,0.5533786395807003
82,0.660,0.5845696507917423,0.548016418479548,336322183869953.7,0.02276821140696028,0.3913434494409174
82,0.640,0.4528462053644066,0.4226380612059686,251516562113405.2,0.020084628762326008,0.5261851895611447
82,0.620,0.34418984523005314,0.3226003220029981,185983533593416.94,0.013691608532266001,0.6415375883268839
82,0.600,0.3460529697268099,0.3274099118087192,182667414609896.22,0.00902213618433401,0.6443781418878298
82,0.580,0.2728614718193985,0.25863313687586575,139485855244126.02,0.004221133452094225,0.722431581735505
82,0.560,0.2578609648353062,0.243410738127728,126749358252532.2,0.002179974918564601,0.7393540261006678
82,0.540,0.3917587279257057,0.3670982715887638,184329187310161.56,0.0006348871590754885,0.6058198787014654
82,0.520,0.6007241854383555,0.5515369207474385,266683374904068.78,3.695246643975406e-05,0.3943128415275049
82,0.500,0.2627551065555475,0.22974112900044893,106813652016610.08,1.1197960048920507e-05,0.7351037416022528
82,0.480,0.38066717314227677,0.3184884222534449,142151974214416.25,0.0001431327690964905,0.6172226942973638
82,0.460,0.4116956872895464,0.34323082759620266,146812193674512.9,0.0014817485352765177,0.5857721408172181
82,0.440,0.22281131423318848,0.18806935815093903,76946474739855.88,0.0010876786199640243,0.7756561763570561
82,0.420,0.3531862410609255,0.28849491331360777,112669264520383.34,0.0016583821719202716,0.6445160484568639
82,0.400,0.5560465838204632,0.4307233073938082,160205113195263.1,0.0019251329475000302,0.4409524774924641
82,0.380,0.19172518772187397,0.13235311550604795,46766597518730.2,0.0011850114090621625,0.8070001200521143
82,0.360,0.4091542094493652,0.23439637905619323,78464174134954.97,0.004969105247477444,0.5863523796580442
82,0.340,0.42147773909673475,0.22764434225470914,71970378533423.14,0.007292069020021907,0.571983684607492
82,0.320,0.27988227946506933,0.13428018835358033,39955809041739.02,0.005110014810542001,0.715382623972403
82,0.300,0.5912759422077212,0.17304624501140237,48272683636179.49,0.004760132328314125,0.40545744045729326
83,1.200,0.13143511022440732,0.09727381490098562,95046115164101.66,0.008445198359752121,0.8600947567395991
83,1.180,0.1769163592882889,0.1293807485805306,124310794737014.31,0.01186314283141936,0.8111673134942515
83,1.160,0.25472126010862456,0.184112713303816,173899744386571.5,0.017845185128331047,0.7273255894085177
83,1.140,0.38796686015658965,0.2772639017194974,257368480124673.97,0.028429557483052172,0.5833869149353395
83,1.120,0.5841441414662959,0.4129717955732632,376613246049482.7,0.044824731862900376,0.37062047832961303
83,1.100,0.7317484520332019,0.5120693780854261,458647115911617.06,0.058869269223090145,0.20875635672469386
83,1.080,0.6675686531655444,0.46733801496294186,410971817568268.56,0.0568440571266181,0.2749585536621232
83,1.060,0.49948065781947165,0.35058157148808494,302588295379603.25,0.045102331943190105,0.4549152986137697
83,1.040,0.3693815748699795,0.2603074004264397,220433212778027.25,0.03562571365941945,0.5945999319455436
83,1.020,0.29438460491874363,0.20838310929299966,173069230096865.88,0.030566072181683154,0.674719882832893
83,1.000,0.25851434629901765,0.18384869255336603,149698594143616.78,0.029079424720909356,0.71210440561722
83,0.980,0.26746655075778014,0.1999798465312737,159576701023403.72,0.029230757505021816,0.702979246738027
83,0.960,0.3124515177252461,0.24829955242813476,194090529948283.22,0.030578640788991668,0.6565911585025168
83,0.940,0.3262608662153996,0.27346964213426944,209312011828316.34,0.027151104026541646,0.6461955602447478
83,0.920,0.27647137945617967,0.2420809575283818,181345019249383.84,0.018235412133623313,0.7049448434361
83,0.900,0.23071094984363835,0.20897905668011088,153144868752612.4,0.010962536264005292,0.7579718786833696
83,0.880,0.2256463446068891,0.20939953645445225,150042939614392.72,0.006856306527999755,0.7670025806298485
83,0.860,0.2675315801383614,0.2516967140699751,176251642599412.4,0.004878026993404726,0.7267530120863129
83,0.840,0.36814913793361637,0.3480492066239031,238054891817038.75,0.004750897710158514,0.6256606243150813
83,0.820,0.48249928370006306,0.4560409239041131,304491269806991.0,0.006392700219286127,0.5090916816836563
83,0.800,0.43464110550712914,0.4097200308022339,266891264775331.9,0.008001476906626573,0.5556349758147102
83,0.780,0.31783126959413965,0.2984588608627764,189555441396230.1,0.008891087885692867,0.6721652533355914
83,0.760,0.2529165335501577,0.23684127089714882,146564284167706.84,0.009645628409016331,0.7366605334773573
83,0.740,0.22348061588209744,0.2094135310611,126180904317251.1,0.009289510957408757,0.7665887394604807
83,0.720,0.2221307781008237,0.2089340144843438,122489488600343.55,0.007954923668530373,0.7692716679257477
83,0.700,0.26410603555551393,0.2489761007684905,141909959869355.94,0.007880445882145353,0.7272530990892048
83,0.680,0.38230461792429693,0.3597838742514896,199208462174097.03,0.011798598290313605,0.6049011016002472
83,0.660,0.53782990232912,0.5040308316551508,270868320382871.88,0.019206076355249676,0.4417487344467175
83,0.640,0.42195050345014334,0.3936686604793352,205148333103498.56,0.017029471622793613,0.5601926795243602
83,0.620,0.31245491556621463,0.2927753043288042,147803019573104.06,0.011235733136376243,0.6757780600093278
83,0.600,0.3144215403454821,0.2974563884026235,145322120743344.12,0.007366963413299933,0.6777121016083956
83,0.580,0.24589982281764033,0.23308284359791093,110076719296634.77,0.0034024523836515227,0.7502593706804553
83,0.560,0.227875657189598,0.2151180320296141,98089386726746.58,0.0017172204544445282,0.7698731372914623
83,0.540,0.344886521638784,0.3231630261697403,142092973376423.66,0.0004963102210974326,0.6530440421669085
83,0.520,0.5589439443393002,0.513134121906682,217265822816831.4,3.0335591715289204e-05,0.43643951851294316
83,0.500,0.237872135800826,0.20794395581009928,84659067772261.6,8.881707636774085e-06,0.7601889131957766
83,0.480,0.3331515322542,0.2786180302705145,108894922724442.77,0.00010918738496031475,0.6650148611871011
83,0.460,0.38604209943198026,0.3216880064916579,120489687262340.98,0.001214134675708627,0.6117561427964129
83,0.440,0.19853513291688,0.1675078014444212,60012938334588.56,0.0008491440027565704,0.8002180650901506
83,0.420,0.3057450511813545,0.2496445445368846,85374573352583.62,0.001257300974049616,0.692442794219425
83,0.400,0.5323321015244259,0.4122764731427759,134278264524611.28,0.0016159191108518526,0.4650219227910098
83,0.380,0.1716619635648094,0.11851278681227166,36669584017313.52,0.0009347548837247238,0.827323679099687
83,0.360,0.35392666960603825,0.20289168344832376,59473558214500.75,0.00381859294147501,0.6426670568171509
83,0.340,0.3914445015541563,0.211101037761488,58442187248262.74,0.006025266622812065,0.6032356670353302
83,0.320,0.24674978293317407,0.11854547959397739,30888168118396.387,0.0040325043351888065,0.7495470679241735
83,0.300,0.5439105937211974,0.15901250175949105,38842725995038.89,0.003900356056014979,0.45356389141404324
84,1.200,0.11252288295771626,0.08312440120254741,69663781675445.81,0.006268848418189745,0.8811868801078547
84,1.180,0.1517065389803217,0.110709509071435,91235572729675.78,0.008828753894986146,0.83941893225345
84,1.160,0.21963443147025585,0.15836429623612672,128295828244069.94,0.013368335874637712,0.766903684882163
84,1.140,0.3392313274211871,0.2417541094070412,192475735049745.44,0.021622121218137696,0.6389559968407852
84,1.120,0.525670990599003,0.3704366389055119,289753858630800.8,0.03513164471419261,0.4388253539817534
84,1.100,0.6825087295902865,0.4758517075573452,365562457033793.6,0.047889760583903,0.2690133372201927
84,1.080,0.6295681304532661,0.43899810624720553,331118672837333.3,0.046808450916574776,0.32302589496384054
84,1.060,0.46417183643640403,0.3244340799502332,240175997881520.28,0.03664221392291684,0.49871603445959134
84,1.040,0.33730194517349676,0.23663978958110324,171877243570648.56,0.02848041730410216,0.6338560753214367
84,1.020,0.2655368818567509,0.1870599823896853,133253409915176.08,0.024178899650550933,0.709984577178478
84,1.000,0.2316434473755331,0.16387769556378773,114450348314018.05,0.02289844369692154,0.7451853036591689
84,0.980,0.239162555660516,0.17790338356583318,121760817189902.94,0.023041174021218483,0.7375050969673436
84,0.960,0.28106576139015543,0.22232043212324867,149055457327734.72,0.024348117127548256,0.6942444587684223
84,0.940,0.29442316667820806,0.2457721847633111,161345870357584.94,0.021802565645388898,0.6834209540981491
84,0.920,0.24682025211660116,0.21536687739774668,138377031265794.25,0.014586442647794502,0.7382849435756986
84,0.900,0.20304262804912485,0.18340912551788977,115281792342443.45,0.008722972335206561,0.7879257951094085
84,0.880,0.19672507416630913,0.18219935080694988,111976468791675.48,0.005467075596061943,0.7973801503728983
84,0.860,0.2324817218948245,0.21842683882226785,131190299085959.0,0.003932017997260609,0.7628618963030169
84,0.840,0.32173773236843084,0.30384748064484607,178251090818560.7,0.003916352199845828,0.6730909126291644
84,0.820,0.42966174410101704,0.4056281430170482,232294647038671.78,0.0054630222912807015,0.5630815837250905
84,0.800,0.3913295278918292,0.36831593712967947,205782182372403.7,0.006992713886497515,0.6001267452776896
84,0.780,0.28438143635571883,0.26650279001589683,145175601172898.1,0.007717871592333106,0.7069041222496032
84,0.760,0.2246780677880022,0.20993967673636202,111430835502094.92,0.008232634504675611,0.7663978215803431
84,0.740,0.19652200151623636,0.18382041644017727,94999809804237.28,0.007746674563420604,0.7951669818740044
84,0.720,0.19307492335304496,0.1813943630994647,91212330858128.69,0.006461633079881118,0.7999042797246695
84,0.700,0.22822657475969577,0.21501024036614833,105112521697533.84,0.006264002546633853,0.7648517936475764
84,0.680,0.33258920744929676,0.31286162135518597,148579357076029.2,0.00931151330555966,0.6572326320942998
84,0.660,0.48491913439381057,0.45429046060568856,209399106085186.22,0.015543621307452333,0.49844020950632817
84,0.640,0.38509738509644703,0.3591649404792302,160535535571891.88,0.013841297764291348,0.6003033724341288
84,0.620,0.27780874369196706,0.2602452924229855,112686487582725.14,0.0088370440858842,0.7128788960865635
84,0.600,0.27981852315990985,0.26470299160781896,110919363925831.98,0.005766382119275894,0.7139689231742142
84,0.580,0.21710009882132014,0.2057918778642729,83359191572867.8,0.0026300360612316527,0.7798827465370214
84,0.560,0.19755592734803254,0.18650718198638858,72942535871427.98,0.0012991656488496272,0.8006827652467506
84,0.540,0.29801136483186486,0.27923048735886186,105306181364166.86,0.000372878755086908,0.7002562691046427
84,0.520,0.5087508565228199,0.4670202662575533,169604097852841.56,2.3863797454704093e-05,0.4870487249497562
84,0.500,0.21089443755363343,0.1843291334296573,64366701804254.22,6.762617046366424e-06,0.7873862206370592
84,0.480,0.2864073370949748,0.2394385829021033,80266188616870.55,8.025763730577833e-05,0.7120277475352648
84,0.460,0.3538507381564559,0.2947393498298854,94687624948349.17,0.0009538852962340691,0.6442880967751488
84,0.440,0.17344438456333275,0.1462861353872103,44952423818449.52,0.0006373532361182736,0.8255699720211928
84,0.420,0.2602713640404574,0.21244511057022658,62315100684470.516,0.0009193688602448615,0.7383360664932853
84,0.400,0.4977984599221482,0.38547660998789945,107685019924751.03,0.0012995898015455414,0.4999389450077281
84,0.380,0.1506662883838004,0.1040316387244644,27608722186127.21,0.0007090453745837034,0.8485554842298204
84,0.360,0.30091301230994477,0.17262017868212384,43400160241224.2,0.002828301989405246,0.6966101661531443
84,0.340,0.35557597501371646,0.19152329050349573,45477625611018.76,0.004774872262517693,0.6402949292650342
84,0.320,0.21361090755260756,0.10276585231708783,22966566723095.34,0.0030630982320911807,0.783610162276055
84,0.300,0.4883610944220739,0.14263974567656454,29885400548150.83,0.0030584903234573005,0.5098156811674057
85,1.200,0.09387634541313387,0.0692194634772285,48369120194749.74,0.004408157717414922,0.9016975911977132
85,1.180,0.1268291650486989,0.0923549900665395,63460148839589.88,0.006226968223963361,0.866905414706898
85,1.160,0.18469352295194894,0.13283989704811924,89731563013188.62,0.009493850262625704,0.8057335093356387
85,1.140,0.2892842468422092,0.20557164295397445,136466725640641.1,0.015589809659710699,0.6949623812297004
85,1.120,0.46132568771544646,0.32403138608956356,211331295010792.56,0.02610120227526123,0.5122442537600824
85,1.100,0.6210875405547025,0.43140973990176357,276338467121735.44,0.03694642585365564,0.3414264987735199
85,1.080,0.5783751722620228,0.4016917890298379,252624474445660.62,0.036496294624566626,0.38457508994610573
85,1.060,0.41900737684318146,0.2916263572658817,180007811327305.16,0.0281058826140361,0.5524590206621595
85,1.040,0.2988355280174593,0.20870831121130531,126395553587101.89,0.02146996911535771,0.6793714623811764
85,1.020,0.23240267622023597,0.16292426438929658,96770871823611.08,0.018036540643801384,0.7492962501501668
85,1.000,0.20153050821244922,0.14182113018773615,82584711337037.83,0.017013935403286162,0.7812160810232883
85,0.980,0.2079088250704193,0.15385355164812078,87799555055965.11,0.01715958020098414,0.7746767175503771
85,0.960,0.24615653041688035,0.19378555799388625,108330651244605.38,0.01834326729445328,0.7352000912126134
85,0.940,0.2588141696764011,0.21513702218421368,117761063674965.69,0.01657508879777021,0.7243010386311565
85,0.920,0.2144524254335251,0.18644714155597042,99885459078363.6,0.011038497230907014,0.7742437013094225
85,0.900,0.17382040746180843,0.1565544807698574,82047759224632.67,0.0065660680497560305,0.8193526927425043
85,0.880,0.16686857602769273,0.15421796874396934,79027157977546.56,0.004127958482769022,0.8286442399944516
85,0.860,0.196647205823843,0.18448463846840135,92388384655528.89,0.003006571587607754,0.7997368620092864
85,0.840,0.27372392810853563,0.25819129745933384,126293092880012.12,0.0030691075390943045,0.7221423778907463
85,0.820,0.37214947676601534,0.350852839485446,167531918230452.75,0.004446553361390303,0.6218528415729438
85,0.800,0.3423719635425454,0.32163023982924077,149832344324989.66,0.005827038346327346,0.650444445268997
85,0.780,0.24734822637178372,0.23122557593781362,105024152504521.7,0.0063880857900041246,0.7453961761519746
85,0.760,0.19422788039860583,0.1810189448220206,80111771331275.17,0.006692256284798332,0.7984816094987762
85,0.740,0.1681865583340628,0.1569909435773861,67649568778092.29,0.006137948672876729,0.8251923465179782
85,0.720,0.16333202813553618,0.15325410498831366,64254467042702.375,0.004976517951865428,0.8312181615799838
85,0.700,0.1920782214184808,0.1808279247304797,73709293967984.06,0.004716645944635839,0.8026514926152443
85,0.680,0.28184908228864725,0.265012258084043,104938194667179.97,0.006956315068702546,0.7104601632696851
85,0.660,0.4255063957119858,0.39849283236283756,153152172891442.38,0.011891300781362317,0.5616390450063553
85,0.640,0.34156499286888714,0.3184595613537752,118684219930755.34,0.010616334328968796,0.6471443564052575
85,0.620,0.24003242937591054,0.22480580161944727,81162967532521.45,0.0065581331930290405,0.7529967145342118
85,0.600,0.24205987525945305,0.2289743914234275,80001269180040.12,0.004260686023407868,0.7532925187159163
85,0.580,0.18632543704864246,0.1766293024053301,59655358559252.234,0.0019196440237723104,0.8114229256767616
85,0.560,0.1667336505863904,0.15741902996970986,51333865932428.88,0.0009296097092581437,0.8319475407492971
85,0.540,0.25093022765255213,0.2351095908920567,73930359616870.58,0.00026526973457953923,0.7476597711283761
85,0.520,0.4497539460938484,0.41283673454860176,125008743785799.39,1.772511022673086e-05,0.5465344708997186
85,0.500,0.18164201948534636,0.15873856100627287,46218000876901.13,4.866320192734186e-06,0.8168770556321644
85,0.480,0.2401078779987423,0.200670141543416,56089647091841.62,5.6005790791525426e-05,0.7585899148126841
85,0.460,0.31453411575206297,0.2618974758798496,70153260037699.164,0.0007075029280509033,0.6839504964068562
85,0.440,0.1473831143073551,0.12426976736871563,31840279760086.246,0.0004528606989750378,0.8518675245713323
85,0.420,0.21630039634305398,0.17650892077496183,43169265860120.6,0.0006388825763136454,0.7826670209882587
85,0.400,0.4512314437209581,0.3493844927770482,81380870236852.66,0.0009863587253942832,0.5469098287631473
85,0.380,0.1285752120933362,0.08879516673125826,19648601143629.188,0.0005091558807447543,0.8708572483493471
85,0.360,0.24975300975134795,0.14337315921796812,30055853755047.953,0.0019903071390601924,0.7485493455912975
85,0.340,0.3134525647961291,0.16868254060334614,33397023614611.117,0.0035739211516078143,0.6835470812781559
85,0.320,0.18018544304915288,0.08680444410675758,16175236961858.03,0.0022056866860704523,0.8178478220996824
85,0.300,0.42535636831007495,0.12414279447813303,21687100151391.324,0.0022640315320204773,0.5734561984502592
86,1.200,0.0753667363905427,0.055464971342052416,31020390616015.13,0.0028631099590558694,0.9217557079584451
86,1.180,0.1020867753469321,0.07417451519202749,40792840472354.72,0.004058682821274047,0.8938234103120417
86,1.160,0.14960421150190262,0.10733085277272943,58026956491869.69,0.006233563902153495,0.844097717279909
86,1.140,0.23770176136470894,0.16842835710504858,89488512059114.17,0.010395438861380833,0.7517674307396478
86,1.120,0.39023451599046666,0.2731918152657569,142604401356086.7,0.017939932925697066,0.5915451827207766
86,1.100,0.5450817420537085,0.37718410209531683,193371865879854.84,0.02638361523784726,0.4280571006856563
86,1.080,0.5111943621680157,0.3536027694197837,177986325214072.9,0.026274606068487322,0.4620376402600896
86,1.060,0.3626009630091164,0.25129077819020257,124145116331850.88,0.019834114198181037,0.6171915571285768
86,1.040,0.2535006158120814,0.1762429864153584,85426459193355.44,0.014871841481298843,0.7313510961127594
86,1.020,0.1947978994507589,0.13589526152444734,64602854636906.63,0.012364831395302396,0.7926135485272753
86,1.000,0.1680424624477455,0.11762616669666423,54821531940294.77,0.011625909957610822,0.8201301060261112
86,0.980,0.17347804198037847,0.12770273430927376,58327517846736.23,0.011769214605201514,0.8145385777089963
86,0.960,0.20725111402333893,0.1623728423204921,72649369464585.92,0.012747125617807154,0.7797483551113217
86,0.940,0.21885044975735904,0.1811326009387185,79354525696601.61,0.011630838880940247,0.7692576862299019
86,0.920,0.17905870907710994,0.15509205117583397,66500450961868.32,0.007704122531883463,0.8130179335369693
86,0.900,0.1429224702323738,0.1283300859806092,53829236253752.96,0.0045576901315098105,0.8523084445825071
86,0.880,0.1359821410152305,0.12538503896738076,51425155628459.89,0.0028771261702991826,0.8608513130835052
86,0.860,0.15988647262393058,0.14975207652806677,60023114671455.664,0.0021261958028423755,0.8374951156126269
86,0.840,0.2239015946122049,0.21090526921907904,82568413416522.61,0.0022301101932393017,0.7730006968194688
86,0.820,0.30966149599136894,0.2914663802639354,111390856453064.64,0.0033640428743765987,0.6856866487469195
86,0.800,0.2874123462441471,0.2693756996546998,100437437942815.62,0.004519466067900391,0.7069304237675547
86,0.780,0.20652756982798884,0.1924809315693877,69972845929849.875,0.004921043761424558,0.7878268781297302
86,0.760,0.16137609574008055,0.1499380268704054,53109548203308.875,0.005054572007890929,0.833072247506991
86,0.740,0.13831799616136636,0.12880300348668797,44422698148593.08,0.004504294714408383,0.8567805424079344
86,0.720,0.132772645315239,0.12440362336732519,41745796283964.17,0.0035410875957157272,0.8633015474246619
86,0.700,0.15546976922667738,0.14625443364293925,47714931391328.3,0.0032785888395142197,0.8408036286597695
86,0.680,0.22983973550822603,0.21601004850191738,68458927397160.95,0.0047961053984514395,0.7647655737906364
86,0.660,0.35905366650286896,0.3361421007718011,103398459583948.19,0.008387008614350008,0.6317464416469917
86,0.640,0.29062179400755206,0.2708765594777967,80797629979508.61,0.007487188217989762,0.7013159790348614
86,0.620,0.1989473360251315,0.18628948155786204,53830355363149.32,0.004475019350673874,0.796234319885437
86,0.600,0.20096769105667514,0.1901004272857485,53159583138595.41,0.002896772572266693,0.7958139891025595
86,0.580,0.15346407599998482,0.14548769078652482,39327964351724.83,0.0012895116711721549,0.8449734689153816
86,0.560,0.13525326722527903,0.1277062173013926,33330919248074.01,0.0006132582638143355,0.863818582114044
86,0.540,0.2033627289276112,0.19053680720643523,47953450970339.414,0.0001742681562041337,0.795535354498808
86,0.520,0.38148368336816246,0.35015231837333544,84860888212831.2,1.2124967782964249e-05,0.6153699165891312
86,0.500,0.1499999480014523,0.13107073974006425,30543793727581.21,3.225080370178282e-06,0.8487772048033345
86,0.480,0.19386760913050188,0.16198396070084714,36237687411620.88,3.6183628301930945e-05,0.8050889865746915
86,0.460,0.2676091776805061,0.22276037266920895,47757654652917.68,0.00048283760314554275,0.7312197459727875
86,0.440,0.12023751813263632,0.1013592147779601,20785627365363.37,0.0002968827299870142,0.8792234427213154
86,0.420,0.17332492691987697,0.14141396308730367,27681448193056.977,0.0004114887857449837,0.8259479847424702
86,0.400,0.3914901846728269,0.3031149169032558,56508596905803.47,0.0006888562461383696,0.6070648843997731
86,0.380,0.10528221874032949,0.07272715215492584,12880342210985.123,0.00033729976089627323,0.8943332736503756
86,0.360,0.19992713542732038,0.11485158526666382,19270222006619.56,0.001298234619784159,0.7990097972841561
86,0.340,0.264721446907544,0.14237886164405109,22561691504119.965,0.00246285086707764,0.7333036583883578
86,0.320,0.1462093356796111,0.07053233035495744,10519265935374.209,0.0014677639876957706,0.8525162294242122
86,0.300,0.3553868328533761,0.10366248935150012,14494061901164.24,0.0015448485580597188,0.6439683730620037
87,1.200,0.0568630212266899,0.041765746130714744,17525255524171.904,0.0016381019633978752,0.9414879089226158
87,1.180,0.07726910819476475,0.05601707616324143,23113478628281.555,0.0023316651453829614,0.9203755018253218
87,1.160,0.11402267998231902,0.08159473526014666,33096570597341.777,0.0036096354605977174,0.8823181577616311
87,1.140,0.18389016202790495,0.12991893232471544,51789314509734.74,0.006116909517409979,0.8098873805520884
87,1.120,0.31103285458974084,0.21701878127297558,84992031776949.61,0.010889396147200376,0.6778524064840851
87,1.100,0.4510742880771478,0.31094202191446985,119601044342628.97,0.016650450090179358,0.5318765354535913
87,1.080,0.42453817730468385,0.2924692994440208,110450302281714.95,0.01665763888626162,0.5583907224282608
87,1.060,0.29357286276349054,0.2025800247997928,75087103852481.3,0.01227221881783004,0.6938498922133347
87,1.040,0.20095260587119063,0.13907370230078278,50575620995755.91,0.009021041858420762,0.7898052180167849
87,1.020,0.1526394039468475,0.10596358686422684,37793724328667.79,0.007425492383769086,0.8397581881102388
87,1.000,0.13110717133290767,0.09128299144943576,31919253981388.234,0.006964820990812237,0.8617693075758508
87,0.980,0.13565772910064217,0.09933640779202903,34040614795534.117,0.007087964672997058,0.8570856436076856
87,0.960,0.16382087285756378,0.1277229952837322,42874907521671.586,0.007791558404025571,0.8281867131636712
87,0.940,0.17385273780151825,0.1432571451896389,47087649753681.03,0.007183537154598552,0.8187571442535182
87,0.920,0.14030108399094957,0.12105220228628018,38942460738358.75,0.004728167720844349,0.854800975331408
87,0.900,0.11022393060439596,0.09865096395956507,31046075634917.625,0.002781453066013235,0.8868342030766944
87,0.880,0.10396624499657764,0.09562847682683534,29426104910401.387,0.001764930334571353,0.8940504208765356
87,0.860,0.12203985345299968,0.11409791105216441,34311445359763.742,0.001326073591429581,0.8762612757519068
87,0.840,0.1720025883909644,0.16176267330749888,47513877103504.305,0.001433356086760657,0.8259006338100129
87,0.820,0.24179803510856251,0.2271446921842641,65129735389788.71,0.0022582654377212613,0.7549411896743631
87,0.800,0.2260904661302429,0.21128959636395211,59105918269138.2,0.00311586891913398,0.769900186226914
87,0.780,0.16170739697695632,0.15014042327917035,40950113240065.86,0.0033694469452039515,0.8343562393900764
87,0.760,0.12589532818798532,0.11653831971316787,30970285772651.277,0.0033848822000109337,0.870332404732694
87,0.740,0.10675057344098063,0.09913416061841286,25651804531900.074,0.002918420298293926,0.8900249427222715
87,0.720,0.10127317126827216,0.09474149979989914,23852594241319.71,0.0022183799682564506,0.8962152393114143
87,0.700,0.11819503402243556,0.11110173633197241,27194542361185.543,0.0020051410808701216,0.8794595239238556
87,0.680,0.1762047598383277,0.16552437860989894,39358065790859.555,0.002909981352532174,0.820426895271332
87,0.660,0.28473686999653425,0.2664751485579803,61498357531729.625,0.005202517902107152,0.7094163414235786
87,0.640,0.2315552377480807,0.21575770938601385,48284658615901.086,0.00462683097936627,0.7633591253953532
87,0.620,0.1544272935576305,0.14457732535504572,31344023488960.027,0.0026761673775664344,0.8426294477907604
87,0.600,0.15637180924426655,0.14791754809915067,31033718622354.69,0.0017278175817779027,0.8416503315100391
87,0.580,0.11843313550590653,0.11228671001410809,22772946154409.09,0.0007600201814362711,0.8805968224747446
87,0.560,0.10297098382644217,0.09723244129921993,19039786999492.195,0.00035563049943733866,0.8964343884334554
87,0.540,0.15495562273814986,0.14518034285977116,27413497390507.984,0.00010084263495991685,0.8442368366028408
87,0.520,0.30332501215195007,0.27840171900564337,50621863055547.23,7.287733288863133e-06,0.6941748920248904
87,0.500,0.11592835436802858,0.10128944887300631,17709124081473.71,1.876387476787347e-06,0.8831267605873427
87,0.480,0.14725178652818807,0.12301046064648001,20646486220824.605,2.0644368059591818e-05,0.8519619460633014
87,0.460,0.21273070807006556,0.1770387825560006,28476664235109.367,0.0002890230926073407,0.7864327238696999
87,0.440,0.09193671806111384,0.07749065069436156,11922431960495.598,0.00017119722068383546,0.9077068601429938
87,0.420,0.13080582384149678,0.10671234458918445,15672086528265.418,0.0002343146972467275,0.8687217743545129
87,0.400,0.31748563089803233,0.2458193439100861,34382615850842.598,0.00042219061363996693,0.6814799448034081
87,0.380,0.08073957466280701,0.05579126380330261,7413318588505.528,0.00019650319899387612,0.9190282302479058
87,0.360,0.15080624086143052,0.0866940487959789,10913263846546.445,0.0007489113680559398,0.8486230132910326
87,0.340,0.20911206752535447,0.1124478985581268,13368821640240.172,0.0014898447899699043,0.7897863098122895
87,0.320,0.11143562197167661,0.05382902247749004,6023228512551.477,0.0008606543188462621,0.8878506736918658
87,0.300,0.27855473998230945,0.08122215495309117,8520373461794.802,0.0009280104553641077,0.7212231261567287
88,1.200,0.03823002093984933,0.02802411892875771,7841426609474.747,0.0007422181542371015,0.9610203303478992
88,1.180,0.05215024916641614,0.03772138498836186,10378904264578.871,0.0010614871566182562,0.9467721261483113
88,1.160,0.0775502380112158,0.05535195557285432,14971758974411.223,0.0016575929659440188,0.9207582114259004
88,1.140,0.12706280576716725,0.08950625828289994,23792502427583.21,0.002856852699312985,0.8700067935508718
88,1.120,0.22171253751177117,0.15417736862718903,40264334057094.09,0.005253061642530734,0.7728723424248348
88,1.100,0.334163381222298,0.22946651280298022,58856423712969.44,0.0083589990453128,0.6571794688963103
88,1.080,0.31408853835805023,0.21549761846469542,54268535171541.47,0.008359660788215139,0.6772430333317443
88,1.060,0.2106686378832181,0.1447473108772479,35776531848961.164,0.0059799902095176265,0.7831304382773416
88,1.040,0.14104730030439566,0.09717067415318632,23564076488854.754,0.004304745259610657,0.8544912956784131
88,1.020,0.10596883024084101,0.07320509640007804,17410985639620.78,0.003509951700986076,0.8903972465445182
88,1.000,0.09072335167258079,0.06282974332517115,14650321461456.475,0.003287386101597321,0.9058784077790947
88,0.980,0.09425269894301777,0.06865374010291853,15688164914138.242,0.0033688526879376026,0.9022604352071624
88,0.960,0.1152701622867322,0.08943092033502516,20018927273542.48,0.003765496306098452,0.8808226463576587
88,0.940,0.1230270042453042,0.10092390554305614,22120949827811.01,0.003510371589331861,0.8733170563444175
88,0.920,0.0978109330374171,0.08405676559183814,18031936564069.645,0.002293313123434536,0.8997789174662737
88,0.900,0.075595536448098,0.0674306697245012,14150827967596.139,0.0013412691365488993,0.9229551476245752
88,0.880,0.07071335007552851,0.06487150473785866,13311239964770.055,0.0008564028844286074,0.9282839008028653
88,0.860,0.08292474632772254,0.07737384440735655,15515811534872.69,0.0006556097996342601,0.9161686442582945
88,0.840,0.1176873765747769,0.11047929267439698,21639241801060.875,0.0007327387196015998,0.8811285563245629
88,0.820,0.16803999111178977,0.15747877236383415,30110484357181.14,0.0012105351446951352,0.8300556609969695
88,0.800,0.158033634585562,0.14714393242640195,27448221776019.734,0.0017196743460982376,0.8396239490610007
88,0.780,0.11263335168895458,0.10407681729696736,18929122172467.812,0.00184672348017791,0.885125802639655
88,0.760,0.08748735373815239,0.08062099119431629,14287083871775.84,0.0018079486867156002,0.9104361933906241
88,0.740,0.07330530839178526,0.06786013892582635,11709229893834.041,0.0014998376279295711,0.9249852872017116
88,0.720,0.06871650486216796,0.06417497360098817,10774076721621.346,0.0010988556029048325,0.9299860353819097
88,0.700,0.08002965432788557,0.07516521828977157,12268651544167.209,0.0009692668881425186,0.9187710314167966
88,0.680,0.12046445026290037,0.11310897289759601,17934440812422.27,0.0013965485923468867,0.8778262155681646
88,0.660,0.20135374019276986,0.18837540796267424,28990119802815.85,0.002552282693194419,0.7956389449240882
88,0.640,0.16372072997275236,0.15250766218915765,22759017325592.12,0.0022503426760163785,0.8337043774679548
88,0.620,0.10640987562325063,0.09960901313149528,14400321743716.734,0.0012602478801764367,0.8921456975704813
88,0.600,0.1081110774200466,0.10226994194777195,14308072381818.238,0.000812602261868256,0.8909038386549681
88,0.580,0.08118223082192326,0.07697656068395732,10410422733144.98,0.0003532067238987443,0.9183211864219865
88,0.560,0.06975277547307031,0.06587058213693006,8601246562035.582,0.00016294390838416466,0.9299229572821928
88,0.540,0.10528150957745423,0.0986389237752988,12420067428865.266,4.6217043908591743e-05,0.8941922676488866
88,0.520,0.2144557274303073,0.1968289576110724,23865701523574.168,3.4613592890346e-06,0.7837780190078212
88,0.500,0.07947022422451645,0.06943050511210562,8094726838682.915,8.612011488766444e-07,0.9198822680204677
88,0.480,0.09977634671632898,0.0833389973348849,9327631430197.895,9.35256732504767e-06,0.8996952447155357
88,0.460,0.1497348068130253,0.12459202952026222,13363799789818.496,0.00013635540759593674,0.8497433079208566
88,0.440,0.06245174224298793,0.052634971492201615,5400188718473.167,7.804209386989899e-05,0.9373444459727253
88,0.420,0.08817000867961591,0.07192840688923363,7044198742421.541,0.00010607065989863945,0.9115636265188286
88,0.400,0.22817253862570588,0.17667907937109548,16478853302994.463,0.0002041357266064248,0.7711841872492693
88,0.380,0.05495854337107805,0.03799124199861489,3366270079208.6562,9.04673310353536e-05,0.9449270799855695
88,0.360,0.10167213848037593,0.058488229887476484,4909676161594.822,0.0003436246119689867,0.8981049499599564
88,0.340,0.14645605747171717,0.07877023451626973,6244863128549.742,0.0007110493325504249,0.8531067091064121
88,0.320,0.07563063925889763,0.03658073601180151,2729507464493.4434,0.000399726982933961,0.9240691193508411
88,0.300,0.1944661622254611,0.05669606364251089,3966030325779.8545,0.0004418078955635856,0.8055850858003417
89,1.200,0.019326045919905055,0.014138237208536667,1978310851244.3372,0.00018960728030616896,0.9804805566944986
89,1.180,0.02648437721314108,0.019112934229000875,2629828307649.9272,0.000272649068266023,0.9732347066547122
89,1.160,0.039723577712732085,0.028279303865865163,3825117029491.295,0.0004298450887430158,0.9598290299404278
89,1.140,0.06620194583986555,0.046496472184430725,6180774194460.719,0.0007543452673513432,0.933005043507027
89,1.120,0.11939716008599788,0.08274811134492358,10806725895206.207,0.0014353666975476431,0.8790793866822656
89,1.100,0.18725847943078094,0.1280930415611134,16429950176170.611,0.0023799297138632296,0.8101928883712988
89,1.080,0.17460871312956702,0.11931137902173891,15025317023808.504,0.00236336509018558,0.8228546079203878
89,1.060,0.11294073731767833,0.07726711736882293,9550334844277.549,0.0016319504603781489,0.8853077334166244
89,1.040,0.07390969396599652,0.05068733193834373,6146824223782.471,0.0011495680128175876,0.9248578693828966
89,1.020,0.054973357129826594,0.03779214068957119,4494896413031.617,0.0009292515999947241,0.9440324712568818
89,1.000,0.046967990367596246,0.03235541582487389,3772810645741.9634,0.0008700254065224393,0.9521040516937006
89,0.980,0.04908629563843175,0.03556706916024204,4064360091493.349,0.0008994262979316127,0.9499523876495197
89,0.960,0.060922052218231784,0.04703448280304261,5265087936464.466,0.001024228122092502,0.9379786540891665
89,0.940,0.06544160991853062,0.05344309234886005,5857839340273.1,0.0009661475035581254,0.9335151795318426
89,0.920,0.05118791257644139,0.04381195125475545,4700006368003.107,0.0006256641520740076,0.9481261375156896
89,0.900,0.03890198916100936,0.03457914599599959,3628898288819.726,0.0003637222806245666,0.9606797920078894
89,0.880,0.036103683134436855,0.03302856113669099,3389146559425.15,0.00023393901815936037,0.9635889170939482
89,0.860,0.04232869493071801,0.03940867744755592,3951921731051.4517,0.00018287586230667717,0.9573616800557992
89,0.840,0.060530669400258676,0.056703390917158446,5554005943557.245,0.0002121276319249983,0.9390267108057455
89,0.820,0.08772287801596511,0.08196586937246336,7837272100237.233,0.00036930613380968774,0.9115476511373546
89,0.800,0.0828350513925781,0.0767568129268505,7160196549747.779,0.0005421207769253594,0.9162978882308853
89,0.780,0.05893827217674061,0.05412523184424683,4922802308219.055,0.0005781262837778623,0.9402781488410874
89,0.760,0.045730477672412825,0.04191063133649625,3714119035535.658,0.0005486639589712954,0.953581176955936
89,0.740,0.0377889030550492,0.03485553523992454,3007609854087.9478,0.00043478841521485113,0.9616687821187839
89,0.720,0.03499278333543033,0.03261993830194647,2738631851672.291,0.00030600764842930657,0.9646003624788837
89,0.700,0.04072519472293216,0.03821767157568528,3119466220729.4985,0.000263420482363956,0.9588946031108753
89,0.680,0.06199560343287729,0.058182755744802965,4613401187402.224,0.00037733039349328705,0.9374665109398519
89,0.660,0.10721319992612936,0.10026938226131568,7716676571987.714,0.0007051872429416589,0.8918398049705554
89,0.640,0.08661800476387999,0.08066443359689968,6019772599764.493,0.0006126517935162228,0.9125977269560439
89,0.620,0.05490515774055468,0.05139092215756787,3715319127443.8213,0.0003325315493214556,0.9446673571993236
89,0.600,0.056034175044595146,0.05301026781373216,3708764625195.058,0.00021447963498676055,0.9436623027783818
89,0.580,0.04169667914701794,0.03954104775731742,2674201880248.725,9.211481504792322e-05,0.958137953139619
89,0.560,0.03547107567110933,0.03349959198527689,2187487438094.5188,4.198773140353006e-05,0.9644052294634263
89,0.540,0.0538313299672456,0.050434746891150094,3175715792024.3154,1.194557213019606e-05,0.9459113943281495
89,0.520,0.11379879522025492,0.10444356696031062,6332906298863.884,9.251518685424458e-07,0.8852647722052508
89,0.500,0.04075549858122213,0.03560532553999117,2075883554850.1306,2.2189236087222823e-07,0.9589125915001296
89,0.480,0.05089877843697543,0.04251007297584687,2379310444855.9663,2.395593759043753e-06,0.9488339618982997
89,0.460,0.07869608300023306,0.0654753546106258,3511993586268.316,3.607558978598705e-05,0.9210652472760279
89,0.440,0.03179217097979834,0.02679493625585967,1374749048947.8376,2.001755586127719e-05,0.9681238624388097
89,0.420,0.04479777904641252,0.036548096663799094,1789913643727.2607,2.718190596947722e-05,0.9550937590673517
89,0.400,0.1225904451361392,0.09493645508098399,4428034803659.465,5.542472747743329e-05,0.8771187743954485
89,0.380,0.028006473584162427,0.019368983599343595,858239405984.024,2.3424550555388217e-05,0.9719581349015735
89,0.360,0.05171359324179284,0.029768367802128597,1249613035447.41,8.931381636121976e-05,0.9482588311535142
89,0.340,0.0767127194391734,0.04128388566809977,1636731749155.7722,0.00019055707373426503,0.9232411396836273
89,0.320,0.038565170205787674,0.0186762384023184,696879053058.0667,0.00010468055247674627,0.961380763481832
89,0.300,0.10215150563965966,0.029785795797153777,1041953854807.2645,0.00011882132898152111,0.8979888005594766
